gbifID	datasetKey	occurrenceID	kingdom	phylum	class	order	family	genus	species	infraspecificEpithet	taxonRank	scientificName	verbatimScientificName	verbatimScientificNameAuthorship	countryCode	locality	stateProvince	occurrenceStatus	individualCount	publishingOrgKey	decimalLatitude	decimalLongitude	coordinateUncertaintyInMeters	coordinatePrecision	elevation	elevationAccuracy	depth	depthAccuracy	eventDate	day	month	year	taxonKey	speciesKey	basisOfRecord	institutionCode	collectionCode	catalogNumber	recordNumber	identifiedBy	dateIdentified	license	rightsHolder	recordedBy	typeStatus	establishmentMeans	lastInterpreted	mediaType	issue
4988461301	1d2570da-e150-4d75-94d8-bfc5813062bc	03F887BA1369B13C4D45F916FC1A53ED.mc.3B393CF11368B13A4FEBF95EFC5753D1	Animalia	Arthropoda	Diplopoda	Spirostreptida	Pseudonannolenidae	Pseudonannolene	Pseudonannolene tricolor		SPECIES	Pseudonannolene tricolor Brölemann, 1902	Pseudonannolene tricolor Brolemann 1902	Brolemann 1902	BR	U. H. E Luiz Eduardo de Magalhaes	Tocantins	PRESENT	2	a064f300-1bc8-41ea-9364-b864ef4e8938	-9.754609	-48.38095			264.0				2001-11-02	2	11	2001	1026426	1026426	MATERIAL_CITATION	IBSP		IBSP 2031				CC0_1_0					2025-11-08T05:37:40.502Z		GEODETIC_DATUM_ASSUMED_WGS84;CONTINENT_DERIVED_FROM_COORDINATES;TAXON_ID_NOT_FOUND;OCCURRENCE_STATUS_INFERRED_FROM_INDIVIDUAL_COUNT;COLLECTION_MATCH_NONE;INSTITUTION_MATCH_FUZZY
4101310284	1d2570da-e150-4d75-94d8-bfc5813062bc	03F887BA1315B1484D45F9EEFC01571A.mc.3B393CF1131BB1494F86FDAAFCC0575E	Animalia	Arthropoda	Diplopoda	Spirostreptida	Pseudonannolenidae	Pseudonannolene	Pseudonannolene halophila		SPECIES	Pseudonannolene halophila Schubart, 1949	Pseudonannolene halophila Schubart 1949	Schubart 1949	BR	Mata da Copebras	Sao Paulo	PRESENT	1	a064f300-1bc8-41ea-9364-b864ef4e8938	-23.847248	-46.399757			11.0								6186012	6186012	MATERIAL_CITATION	IBSP		IBSP 3296				CC0_1_0		A. Nogueira			2025-11-08T05:37:46.662Z		GEODETIC_DATUM_ASSUMED_WGS84;CONTINENT_DERIVED_FROM_COORDINATES;TAXON_ID_NOT_FOUND;OCCURRENCE_STATUS_INFERRED_FROM_INDIVIDUAL_COUNT;COLLECTION_MATCH_NONE;INSTITUTION_MATCH_FUZZY
4101310283	1d2570da-e150-4d75-94d8-bfc5813062bc	03F887BA135FB10F4D1DFB36FBA9576B.mc.3B393CF1135EB10C4E56FDAAFEF057BD	Animalia	Arthropoda	Diplopoda	Spirostreptida	Pseudonannolenidae	Pseudonannolene	Pseudonannolene nicolau		SPECIES	Pseudonannolene nicolau Iniesta, Bouzan & Brescovit, 2023	Pseudonannolene nicolau Iniesta, Bouzan, and Brescovit 2023	Iniesta, Bouzan, and Brescovit 2023	BR	Aripuana	Mato Grosso	PRESENT	7	a064f300-1bc8-41ea-9364-b864ef4e8938	-10.306043	-59.658974			214.0				2003-12-15	15	12	2003	12263633	12263633	MATERIAL_CITATION	CZUFMT		CZUFMT 831				CC0_1_0		C. Strussmann			2025-11-08T05:37:46.660Z		GEODETIC_DATUM_ASSUMED_WGS84;CONTINENT_DERIVED_FROM_COORDINATES;TAXON_ID_NOT_FOUND;OCCURRENCE_STATUS_INFERRED_FROM_INDIVIDUAL_COUNT;INSTITUTION_MATCH_NONE
4101310282	1d2570da-e150-4d75-94d8-bfc5813062bc	03F887BA1309B15F4EA9FEE4FC055083.mc.3B393CF1130FB15D4BD3FA35FCF25329	Animalia	Arthropoda	Diplopoda	Spirostreptida	Pseudonannolenidae	Pseudonannolene	Pseudonannolene microzoporus		SPECIES	Pseudonannolene microzoporus Mauriès, 1987	Pseudonannolene microzoporus Mauries 1987	Mauries 1987	BR		Bahia	PRESENT	1	a064f300-1bc8-41ea-9364-b864ef4e8938									2011-02-08	8	2	2011	1026408	1026408	MATERIAL_CITATION	IBSP		IBSP 5675				CC0_1_0					2025-11-08T05:37:46.657Z		CONTINENT_DERIVED_FROM_COUNTRY;TAXON_ID_NOT_FOUND;OCCURRENCE_STATUS_INFERRED_FROM_INDIVIDUAL_COUNT;COLLECTION_MATCH_NONE;INSTITUTION_MATCH_FUZZY
4101310281	1d2570da-e150-4d75-94d8-bfc5813062bc	03F887BA1371B1224D74FD91FED55297.mc.3B393CF11371B1234C87F861FD9452F4	Animalia	Arthropoda	Diplopoda	Spirostreptida	Pseudonannolenidae	Pseudonannolene	Pseudonannolene parvula		SPECIES	Pseudonannolene parvula Silvestri, 1902	Pseudonannolene parvula Silvestri 1902	Silvestri 1902	BR	Parque Nacional do Iguacu	Parana	PRESENT	1	a064f300-1bc8-41ea-9364-b864ef4e8938	-25.500435	-54.58335			195.0				2002-03-03	3	3	2002	1026412	1026412	MATERIAL_CITATION	IBSP		IBSP 1957				CC0_1_0		Equipe Biota			2025-11-08T05:37:46.658Z		GEODETIC_DATUM_ASSUMED_WGS84;CONTINENT_DERIVED_FROM_COORDINATES;TAXON_ID_NOT_FOUND;OCCURRENCE_STATUS_INFERRED_FROM_INDIVIDUAL_COUNT;COLLECTION_MATCH_NONE;INSTITUTION_MATCH_FUZZY
4101310280	1d2570da-e150-4d75-94d8-bfc5813062bc	03F887BA135AB10B4D12FBEDFA895350.mc.3B393CF1135AB1084FBCF9C9FC9753B8	Animalia	Arthropoda	Diplopoda	Spirostreptida	Pseudonannolenidae	Pseudonannolene	Pseudonannolene insularis		SPECIES	Pseudonannolene insularis Iniesta, Bouzan & Brescovit, 2023	Pseudonannolene insularis Iniesta, Bouzan, and Brescovit 2023	Iniesta, Bouzan, and Brescovit 2023	BR	Ilha Prumirim	Sao Paulo	PRESENT	1	a064f300-1bc8-41ea-9364-b864ef4e8938	-23.385244	-44.944145			75.0				1994-09-02	2	9	1994	12196671	12196671	MATERIAL_CITATION	IBSP		IBSP 7888				CC0_1_0		C. F. Vieira & A. Eterovic	Holotype		2025-11-08T05:37:46.654Z		GEODETIC_DATUM_ASSUMED_WGS84;CONTINENT_DERIVED_FROM_COORDINATES;TAXON_ID_NOT_FOUND;OCCURRENCE_STATUS_INFERRED_FROM_INDIVIDUAL_COUNT;COLLECTION_MATCH_NONE;INSTITUTION_MATCH_FUZZY
4101310279	1d2570da-e150-4d75-94d8-bfc5813062bc	03F887BA137CB1304EACFD5CFB445752.mc.3B393CF11363B1314B7EFD85FD555798	Animalia	Arthropoda	Diplopoda	Spirostreptida	Pseudonannolenidae	Pseudonannolene	Pseudonannolene sebastianus		SPECIES	Pseudonannolene sebastianus Brölemann, 1902	Pseudonannolene sebastianus Brolemann 1902	Brolemann 1902	BR	Ilha Anchieta	Sao Paulo	PRESENT	3	a064f300-1bc8-41ea-9364-b864ef4e8938	-23.550426	-45.066635			162.0				2001-07-23	23	7	2001	6186003	6186003	MATERIAL_CITATION	IBSP		IBSP 1432				CC0_1_0		Equipe Biota			2025-11-08T05:37:46.656Z		GEODETIC_DATUM_ASSUMED_WGS84;CONTINENT_DERIVED_FROM_COORDINATES;TAXON_ID_NOT_FOUND;OCCURRENCE_STATUS_INFERRED_FROM_INDIVIDUAL_COUNT;COLLECTION_MATCH_NONE;INSTITUTION_MATCH_FUZZY
4101310278	1d2570da-e150-4d75-94d8-bfc5813062bc	03F887BA1311B1424D4BFEE4FBEC56ED.mc.3B393CF11311B1434E34FB1BFC76502F	Animalia	Arthropoda	Diplopoda	Spirostreptida	Pseudonannolenidae	Pseudonannolene	Pseudonannolene curtipes		SPECIES	Pseudonannolene curtipes Schubart, 1960	Pseudonannolene curtipes Schubart 1960	Schubart 1960	BR	Fazenda Forquilha Grande	Goias	PRESENT	1	a064f300-1bc8-41ea-9364-b864ef4e8938	-14.732396	-46.15362							1960-02		2	1960	6185993	6185993	MATERIAL_CITATION	MZSP		MZSP 1031				CC0_1_0		J. Evangelista			2025-11-08T05:37:46.653Z		GEODETIC_DATUM_ASSUMED_WGS84;CONTINENT_DERIVED_FROM_COORDINATES;TAXON_ID_NOT_FOUND;OCCURRENCE_STATUS_INFERRED_FROM_INDIVIDUAL_COUNT;COLLECTION_MATCH_NONE;INSTITUTION_MATCH_FUZZY
4101310277	1d2570da-e150-4d75-94d8-bfc5813062bc	03F887BA1365B1394D74FA05FAEF5669.mc.3B393CF11364B1364E8EFE07FBF1573B	Animalia	Arthropoda	Diplopoda	Spirostreptida	Pseudonannolenidae	Pseudonannolene	Pseudonannolene strinatii		SPECIES	Pseudonannolene strinatii Mauriès, 1974	Pseudonannolene strinatii Mauries 1974	Mauries 1974	BR	Parque Estadual Turistico do Alto Ribeira	Sao Paulo	PRESENT	2	a064f300-1bc8-41ea-9364-b864ef4e8938	-24.485867	-48.646698			570.0				1992-07		7	1992	6186013	6186013	MATERIAL_CITATION	IBSP		IBSP 7634				CC0_1_0		A. Eterovic			2025-11-08T05:37:46.651Z		GEODETIC_DATUM_ASSUMED_WGS84;CONTINENT_DERIVED_FROM_COORDINATES;TAXON_ID_NOT_FOUND;OCCURRENCE_STATUS_INFERRED_FROM_INDIVIDUAL_COUNT;COLLECTION_MATCH_NONE;INSTITUTION_MATCH_FUZZY
4101310275	1d2570da-e150-4d75-94d8-bfc5813062bc	03F887BA1355B1094D1DFA3DFEA154EA.mc.3B393CF11354B1064FBCFE53FC2954C2	Animalia	Arthropoda	Diplopoda	Spirostreptida	Pseudonannolenidae	Pseudonannolene	Pseudonannolene curvata		SPECIES	Pseudonannolene curvata Iniesta, Bouzan & Brescovit, 2023	Pseudonannolene curvata Iniesta, Bouzan, and Brescovit 2023	Iniesta, Bouzan, and Brescovit 2023	BR	BRAZIL	Rio Grande do Sul	PRESENT	2	a064f300-1bc8-41ea-9364-b864ef4e8938	-30.87725	-55.538788							2012-12-10	10	12	2012	12235657	12235657	MATERIAL_CITATION	MCN						CC0_1_0		Ott	Paratype		2025-11-08T05:37:46.648Z		GEODETIC_DATUM_ASSUMED_WGS84;CONTINENT_DERIVED_FROM_COORDINATES;TAXON_ID_NOT_FOUND;OCCURRENCE_STATUS_INFERRED_FROM_INDIVIDUAL_COUNT;COLLECTION_MATCH_NONE;INSTITUTION_MATCH_FUZZY
4101310274	1d2570da-e150-4d75-94d8-bfc5813062bc	03F887BA136CB1014D70FB4DFD9352E0.mc.3B393CF11353B1014B12FE7AFBF254ED	Animalia	Arthropoda	Diplopoda	Spirostreptida	Pseudonannolenidae	Pseudonannolene	Pseudonannolene urbica		SPECIES	Pseudonannolene urbica Schubart, 1945	Pseudonannolene urbica Schubart 1945	Schubart 1945	BR	Mata da Previdencia	Sao Paulo	PRESENT	1	a064f300-1bc8-41ea-9364-b864ef4e8938	-23.57112	-46.70973			732.0				2001-02-22	22	2	2001	6186006	6186006	MATERIAL_CITATION	IBSP		IBSP 716				CC0_1_0		F. S. Cunha			2025-11-08T05:37:46.598Z		GEODETIC_DATUM_ASSUMED_WGS84;CONTINENT_DERIVED_FROM_COORDINATES;TAXON_ID_NOT_FOUND;OCCURRENCE_STATUS_INFERRED_FROM_INDIVIDUAL_COUNT;COLLECTION_MATCH_NONE;INSTITUTION_MATCH_FUZZY
4101310270	1d2570da-e150-4d75-94d8-bfc5813062bc	03F887BA1367B1374EBAFAB0FAD650FC.mc.3B393CF11366B1344F98FAEBFAFE501F	Animalia	Arthropoda	Diplopoda	Spirostreptida	Pseudonannolenidae	Pseudonannolene	Pseudonannolene spelaea		SPECIES	Pseudonannolene spelaea Iniesta & Ferreira, 2013	Pseudonannolene spelaea Iniesta & Ferreira 2013	Iniesta & Ferreira 2013	BR		Para	PRESENT	2	a064f300-1bc8-41ea-9364-b864ef4e8938	-6.040225	-50.270454							2007-09-28	28	9	2007	9516060	9516060	MATERIAL_CITATION	R		IBSP 7327				CC0_1_0		R. Andrade			2025-11-08T05:37:46.564Z		GEODETIC_DATUM_ASSUMED_WGS84;CONTINENT_DERIVED_FROM_COORDINATES;TAXON_ID_NOT_FOUND;OCCURRENCE_STATUS_INFERRED_FROM_INDIVIDUAL_COUNT;AMBIGUOUS_INSTITUTION
4101310269	1d2570da-e150-4d75-94d8-bfc5813062bc	03F887BA1326B1764E87FE37FBE05726.mc.3B393CF11326B1744FEBF966FC3D53F8	Animalia	Arthropoda	Diplopoda	Spirostreptida	Pseudonannolenidae	Pseudonannolene	Pseudonannolene ambuatinga		SPECIES	Pseudonannolene ambuatinga Iniesta & Ferreira, 2013	Pseudonannolene ambuatinga Iniesta & Ferreira 2013	Iniesta & Ferreira 2013	BR	cave Loca d'Agua de Baixo	Minas Gerais	PRESENT	1	a064f300-1bc8-41ea-9364-b864ef4e8938	-20.369646	-45.692917							2009-01-28	28	1	2009	8453016	8453016	MATERIAL_CITATION	R		ISLA 2267				CC0_1_0		R. L. Ferreira	Holotype		2025-11-08T05:37:46.544Z		GEODETIC_DATUM_ASSUMED_WGS84;CONTINENT_DERIVED_FROM_COORDINATES;TAXON_ID_NOT_FOUND;OCCURRENCE_STATUS_INFERRED_FROM_INDIVIDUAL_COUNT;AMBIGUOUS_INSTITUTION
4101310268	1d2570da-e150-4d75-94d8-bfc5813062bc	03F887BA1376B1274D46FE33FE985351.mc.3B393CF11376B1244E40FA94FC7150AC	Animalia	Arthropoda	Diplopoda	Spirostreptida	Pseudonannolenidae	Pseudonannolene	Pseudonannolene paulista		SPECIES	Pseudonannolene paulista Brölemann, 1902	Pseudonannolene paulista Brolemann 1902	Brolemann 1902	BR	Estacao Ecologica de Assis	Sao Paulo	PRESENT	2	a064f300-1bc8-41ea-9364-b864ef4e8938	-22.661072	-50.419106			576.0				2002-11-25	25	11	2002	1026416	1026416	MATERIAL_CITATION	IBSP		IBSP 7894				CC0_1_0		Equipe Biota			2025-11-08T05:37:46.543Z		GEODETIC_DATUM_ASSUMED_WGS84;CONTINENT_DERIVED_FROM_COORDINATES;TAXON_ID_NOT_FOUND;OCCURRENCE_STATUS_INFERRED_FROM_INDIVIDUAL_COUNT;COLLECTION_MATCH_NONE;INSTITUTION_MATCH_FUZZY
4101310267	1d2570da-e150-4d75-94d8-bfc5813062bc	03F887BA1310B1454EA2FC15FC77528B.mc.3B393CF11310B1424D67F82BFB4652DF	Animalia	Arthropoda	Diplopoda	Spirostreptida	Pseudonannolenidae	Pseudonannolene	Pseudonannolene erikae		SPECIES	Pseudonannolene erikae Iniesta & Ferreira, 2014	Pseudonannolene erikae Iniesta & Ferreira 2014	Iniesta & Ferreira 2014	BR	Sao Jose da Lapa	Minas Gerais	PRESENT	2	a064f300-1bc8-41ea-9364-b864ef4e8938	-19.69921	-43.95831			732.0				2012-12-17	17	12	2012	8568561	8568561	MATERIAL_CITATION	IBSP		IBSP 7603				CC0_1_0		Bueno			2025-11-08T05:37:46.541Z		GEODETIC_DATUM_ASSUMED_WGS84;CONTINENT_DERIVED_FROM_COORDINATES;TAXON_ID_NOT_FOUND;OCCURRENCE_STATUS_INFERRED_FROM_INDIVIDUAL_COUNT;COLLECTION_MATCH_NONE;INSTITUTION_MATCH_FUZZY
4101310266	1d2570da-e150-4d75-94d8-bfc5813062bc	03F887BA1359B10D4D1CF979FCBE518D.mc.3B393CF11358B10A4BB1FB6CFD335180	Animalia	Arthropoda	Diplopoda	Spirostreptida	Pseudonannolenidae	Pseudonannolene	Pseudonannolene morettii		SPECIES	Pseudonannolene morettii Iniesta, Bouzan & Brescovit, 2023	Pseudonannolene morettii Iniesta, Bouzan, and Brescovit 2023	Iniesta, Bouzan, and Brescovit 2023	BR	Parque Municipal da Serra do Itapety	Sao Paulo	PRESENT	2	a064f300-1bc8-41ea-9364-b864ef4e8938	-23.493336	-46.19638			881.0				2003-10-13	13	10	2003	12190204	12190204	MATERIAL_CITATION	IBSP		IBSP 2482				CC0_1_0		Mogi das Cruzes & Equipe Biota			2025-11-08T05:37:46.539Z		GEODETIC_DATUM_ASSUMED_WGS84;CONTINENT_DERIVED_FROM_COORDINATES;TAXON_ID_NOT_FOUND;OCCURRENCE_STATUS_INFERRED_FROM_INDIVIDUAL_COUNT;COLLECTION_MATCH_NONE;INSTITUTION_MATCH_FUZZY
4101310265	1d2570da-e150-4d75-94d8-bfc5813062bc	03F887BA132FB17F4EB3FCD4FDA5561E.mc.3B393CF1132EB17C4C3CFE9EFE275491	Animalia	Arthropoda	Diplopoda	Spirostreptida	Pseudonannolenidae	Pseudonannolene	Pseudonannolene caatinga		SPECIES	Pseudonannolene caatinga Iniesta & Ferreira, 2014	Pseudonannolene caatinga Iniesta & Ferreira 2014	Iniesta & Ferreira 2014	BR	Estacao Ecologica Murici	Alagoas	PRESENT	2	a064f300-1bc8-41ea-9364-b864ef4e8938	-9.232525	-35.858162			408.0				2003-09-13	13	9	2003	8682135	8682135	MATERIAL_CITATION	IBSP		IBSP 2169				CC0_1_0		Equipe Biota			2025-11-08T05:37:46.538Z		GEODETIC_DATUM_ASSUMED_WGS84;CONTINENT_DERIVED_FROM_COORDINATES;TAXON_ID_NOT_FOUND;OCCURRENCE_STATUS_INFERRED_FROM_INDIVIDUAL_COUNT;COLLECTION_MATCH_NONE;INSTITUTION_MATCH_FUZZY
4101310264	1d2570da-e150-4d75-94d8-bfc5813062bc	03F887BA1309B15F4EA9FEE4FC055083.mc.3B393CF1130EB15C4EE8FEC0FAFF5479	Animalia	Arthropoda	Diplopoda	Spirostreptida	Pseudonannolenidae	Pseudonannolene	Pseudonannolene microzoporus		SPECIES	Pseudonannolene microzoporus Mauriès, 1987	Pseudonannolene microzoporus Mauries 1987	Mauries 1987	BR		Bahia	PRESENT	1	a064f300-1bc8-41ea-9364-b864ef4e8938									2011-06-28	28	6	2011	1026408	1026408	MATERIAL_CITATION	IBSP		IBSP 5645				CC0_1_0					2025-11-08T05:37:46.537Z		CONTINENT_DERIVED_FROM_COUNTRY;TAXON_ID_NOT_FOUND;OCCURRENCE_STATUS_INFERRED_FROM_INDIVIDUAL_COUNT;COLLECTION_MATCH_NONE;INSTITUTION_MATCH_FUZZY
4101310263	1d2570da-e150-4d75-94d8-bfc5813062bc	03F887BA131EB14E4EA1F88FFBC05194.mc.3B393CF1131DB14F4CE3FAA6FA8250B8	Animalia	Arthropoda	Diplopoda	Spirostreptida	Pseudonannolenidae	Pseudonannolene	Pseudonannolene leucocephalus		SPECIES	Pseudonannolene leucocephalus Schubart, 1944	Pseudonannolene leucocephalus Schubart 1944	Schubart 1944	BR	Rio Mogi Guacu	Sao Paulo	PRESENT	3	a064f300-1bc8-41ea-9364-b864ef4e8938	-21.08729	-48.180397			498.0				1947-01-15	15	1	1947	6186009	6186009	MATERIAL_CITATION	MZSP						CC0_1_0		O. Schubart			2025-11-08T05:37:46.532Z		GEODETIC_DATUM_ASSUMED_WGS84;CONTINENT_DERIVED_FROM_COORDINATES;TAXON_ID_NOT_FOUND;OCCURRENCE_STATUS_INFERRED_FROM_INDIVIDUAL_COUNT;COLLECTION_MATCH_NONE;INSTITUTION_MATCH_FUZZY
4101310261	1d2570da-e150-4d75-94d8-bfc5813062bc	03F887BA1369B13C4D45F916FC1A53ED.mc.3B393CF1136FB13D4E72F91FFB495233	Animalia	Arthropoda	Diplopoda	Spirostreptida	Pseudonannolenidae	Pseudonannolene	Pseudonannolene tricolor		SPECIES	Pseudonannolene tricolor Brölemann, 1902	Pseudonannolene tricolor Brolemann 1902	Brolemann 1902	BR		Sao Paulo	PRESENT	3	a064f300-1bc8-41ea-9364-b864ef4e8938									1920-10		10	1920	1026426	1026426	MATERIAL_CITATION	MZSP						CC0_1_0		Aguirre			2025-11-08T05:37:46.525Z		CONTINENT_DERIVED_FROM_COUNTRY;TAXON_ID_NOT_FOUND;OCCURRENCE_STATUS_INFERRED_FROM_INDIVIDUAL_COUNT;COLLECTION_MATCH_NONE;INSTITUTION_MATCH_FUZZY
4101310260	1d2570da-e150-4d75-94d8-bfc5813062bc	03F887BA1356B1074D60FEE4FB225095.mc.3B393CF11356B1044FEBFBB3FCB151A3	Animalia	Arthropoda	Diplopoda	Spirostreptida	Pseudonannolenidae	Pseudonannolene	Pseudonannolene bucculenta		SPECIES	Pseudonannolene bucculenta Iniesta, Bouzan & Brescovit, 2023	Pseudonannolene bucculenta Iniesta, Bouzan, and Brescovit 2023	Iniesta, Bouzan, and Brescovit 2023	BR	Campus Pampulha	Minas Gerais	PRESENT	1	a064f300-1bc8-41ea-9364-b864ef4e8938	-19.868399	-43.959965			830.0				2006-01-06	6	1	2006	12224748	12224748	MATERIAL_CITATION	UFMG		IBSP 2905				CC0_1_0		L. Bernardi			2025-11-08T05:37:46.527Z		GEODETIC_DATUM_ASSUMED_WGS84;CONTINENT_DERIVED_FROM_COORDINATES;TAXON_ID_NOT_FOUND;OCCURRENCE_STATUS_INFERRED_FROM_INDIVIDUAL_COUNT;INSTITUTION_MATCH_NONE
4101310259	1d2570da-e150-4d75-94d8-bfc5813062bc	03F887BA1306B1564D40FB75FC835700.mc.3B393CF11305B1574EC0FD1DFEA45610	Animalia	Arthropoda	Diplopoda	Spirostreptida	Pseudonannolenidae	Pseudonannolene	Pseudonannolene maritima		SPECIES	Pseudonannolene maritima Schubart, 1949	Pseudonannolene maritima Schubart 1949	Schubart 1949	BR	Ilha dos Alcatrazes	Sao Paulo	PRESENT	4	a064f300-1bc8-41ea-9364-b864ef4e8938	-24.098785	-45.69324			60.0				1994-06-10	10	6	1994	6186005	6186005	MATERIAL_CITATION	IBSP		IBSP 7898				CC0_1_0		A. Eterovic			2025-11-08T05:37:46.523Z		GEODETIC_DATUM_ASSUMED_WGS84;CONTINENT_DERIVED_FROM_COORDINATES;TAXON_ID_NOT_FOUND;OCCURRENCE_STATUS_INFERRED_FROM_INDIVIDUAL_COUNT;COLLECTION_MATCH_NONE;INSTITUTION_MATCH_FUZZY
4101310258	1d2570da-e150-4d75-94d8-bfc5813062bc	03F887BA1355B1094D1DFA3DFEA154EA.mc.3B393CF11354B1064B64FD61FD9457F4	Animalia	Arthropoda	Diplopoda	Spirostreptida	Pseudonannolenidae	Pseudonannolene	Pseudonannolene curvata		SPECIES	Pseudonannolene curvata Iniesta, Bouzan & Brescovit, 2023	Pseudonannolene curvata Iniesta, Bouzan, and Brescovit 2023	Iniesta, Bouzan, and Brescovit 2023	BR	Cerrito	Rio Grande do Sul	PRESENT	4	a064f300-1bc8-41ea-9364-b864ef4e8938	-30.87725	-55.538788			208.0				2012-12-10	10	12	2012	12235657	12235657	MATERIAL_CITATION	IBSP		IBSP 7877				CC0_1_0		Ott			2025-11-08T05:37:46.522Z		GEODETIC_DATUM_ASSUMED_WGS84;CONTINENT_DERIVED_FROM_COORDINATES;TAXON_ID_NOT_FOUND;OCCURRENCE_STATUS_INFERRED_FROM_INDIVIDUAL_COUNT;COLLECTION_MATCH_NONE;INSTITUTION_MATCH_FUZZY
4101310257	1d2570da-e150-4d75-94d8-bfc5813062bc	03F887BA1315B1484D45F9EEFC01571A.mc.3B393CF11314B1464BA9FB46FC4751D9	Animalia	Arthropoda	Diplopoda	Spirostreptida	Pseudonannolenidae	Pseudonannolene	Pseudonannolene halophila		SPECIES	Pseudonannolene halophila Schubart, 1949	Pseudonannolene halophila Schubart 1949	Schubart 1949	BR	Ilha dos Alcatrazes	Sao Paulo	PRESENT	1	a064f300-1bc8-41ea-9364-b864ef4e8938	-24.099558	-45.692905			53.0				1948-02-16	16	2	1948	6186012	6186012	MATERIAL_CITATION	MZSP						CC0_1_0		A. Hoge			2025-11-08T05:37:46.520Z		GEODETIC_DATUM_ASSUMED_WGS84;CONTINENT_DERIVED_FROM_COORDINATES;TAXON_ID_NOT_FOUND;OCCURRENCE_STATUS_INFERRED_FROM_INDIVIDUAL_COUNT;COLLECTION_MATCH_NONE;INSTITUTION_MATCH_FUZZY
4101310256	1d2570da-e150-4d75-94d8-bfc5813062bc	03F887BA1309B15F4EA9FEE4FC055083.mc.3B393CF11309B15B4FEBF862FCCC52F2	Animalia	Arthropoda	Diplopoda	Spirostreptida	Pseudonannolenidae	Pseudonannolene	Pseudonannolene microzoporus		SPECIES	Pseudonannolene microzoporus Mauriès, 1987	Pseudonannolene microzoporus Mauries 1987	Mauries 1987	BR	Helictites cave	Minas Gerais	PRESENT	1	a064f300-1bc8-41ea-9364-b864ef4e8938	-19.62884	-43.901936							1987-05		5	1987	1026408	1026408	MATERIAL_CITATION	MZSP		MZSP 939				CC0_1_0		F. Chaimowicz	Holotype		2025-11-08T05:37:46.500Z		GEODETIC_DATUM_ASSUMED_WGS84;CONTINENT_DERIVED_FROM_COORDINATES;TAXON_ID_NOT_FOUND;OCCURRENCE_STATUS_INFERRED_FROM_INDIVIDUAL_COUNT;COLLECTION_MATCH_NONE;INSTITUTION_MATCH_FUZZY
4101310255	1d2570da-e150-4d75-94d8-bfc5813062bc	03F887BA1315B1484D45F9EEFC01571A.mc.3B393CF1131BB1494E76FE13FAB15727	Animalia	Arthropoda	Diplopoda	Spirostreptida	Pseudonannolenidae	Pseudonannolene	Pseudonannolene halophila		SPECIES	Pseudonannolene halophila Schubart, 1949	Pseudonannolene halophila Schubart 1949	Schubart 1949	BR	Prainha	Sao Paulo	PRESENT	1	a064f300-1bc8-41ea-9364-b864ef4e8938	-23.976751	-46.38888			5.0				1960-02-05	5	2	1960	6186012	6186012	MATERIAL_CITATION	MZSP						CC0_1_0		O. Schubart			2025-11-08T05:37:46.479Z		GEODETIC_DATUM_ASSUMED_WGS84;CONTINENT_DERIVED_FROM_COORDINATES;TAXON_ID_NOT_FOUND;OCCURRENCE_STATUS_INFERRED_FROM_INDIVIDUAL_COUNT;COLLECTION_MATCH_NONE;INSTITUTION_MATCH_FUZZY
4101310254	1d2570da-e150-4d75-94d8-bfc5813062bc	03F887BA1369B13C4D45F916FC1A53ED.mc.3B393CF1136FB13D4E74FE7AFEDD54ED	Animalia	Arthropoda	Diplopoda	Spirostreptida	Pseudonannolenidae	Pseudonannolene	Pseudonannolene tricolor		SPECIES	Pseudonannolene tricolor Brölemann, 1902	Pseudonannolene tricolor Brolemann 1902	Brolemann 1902	BR	Barraco Rico	Sao Paulo	PRESENT	1	a064f300-1bc8-41ea-9364-b864ef4e8938	-22.788342	-48.131226			0.0				1956-12-10	10	12	1956	1026426	1026426	MATERIAL_CITATION	MZSP						CC0_1_0		Travassos			2025-11-08T05:37:46.476Z		GEODETIC_DATUM_ASSUMED_WGS84;CONTINENT_DERIVED_FROM_COORDINATES;TAXON_ID_NOT_FOUND;OCCURRENCE_STATUS_INFERRED_FROM_INDIVIDUAL_COUNT;COLLECTION_MATCH_NONE;INSTITUTION_MATCH_FUZZY
4101310253	1d2570da-e150-4d75-94d8-bfc5813062bc	03F887BA1311B1424D4BFEE4FBEC56ED.mc.3B393CF11311B1434BD3FAF6FDC85068	Animalia	Arthropoda	Diplopoda	Spirostreptida	Pseudonannolenidae	Pseudonannolene	Pseudonannolene curtipes		SPECIES	Pseudonannolene curtipes Schubart, 1960	Pseudonannolene curtipes Schubart 1960	Schubart 1960	BR	Fazenda Forquilha Grande	Goias	PRESENT	1	a064f300-1bc8-41ea-9364-b864ef4e8938	-14.732396	-46.15362							1960-02		2	1960	6185993	6185993	MATERIAL_CITATION	MZSP		MZSP 1034				CC0_1_0		J. Evangelista			2025-11-08T05:37:46.475Z		GEODETIC_DATUM_ASSUMED_WGS84;CONTINENT_DERIVED_FROM_COORDINATES;TAXON_ID_NOT_FOUND;OCCURRENCE_STATUS_INFERRED_FROM_INDIVIDUAL_COUNT;COLLECTION_MATCH_NONE;INSTITUTION_MATCH_FUZZY
4101310252	1d2570da-e150-4d75-94d8-bfc5813062bc	03F887BA1306B1564D40FB75FC835700.mc.3B393CF11306B1544FBCF8CBFDAC5293	Animalia	Arthropoda	Diplopoda	Spirostreptida	Pseudonannolenidae	Pseudonannolene	Pseudonannolene maritima		SPECIES	Pseudonannolene maritima Schubart, 1949	Pseudonannolene maritima Schubart 1949	Schubart 1949	BR	Ilha da Queimada Pequena	Sao Paulo	PRESENT	1	a064f300-1bc8-41ea-9364-b864ef4e8938	-24.489199	-46.674305			100.0				1947-09-30	30	9	1947	6186005	6186005	MATERIAL_CITATION	MZSP						CC0_1_0		Expedicao A. Hoge	Holotype		2025-11-08T05:37:46.472Z		GEODETIC_DATUM_ASSUMED_WGS84;CONTINENT_DERIVED_FROM_COORDINATES;TAXON_ID_NOT_FOUND;OCCURRENCE_STATUS_INFERRED_FROM_INDIVIDUAL_COUNT;COLLECTION_MATCH_NONE;INSTITUTION_MATCH_FUZZY
4101310250	1d2570da-e150-4d75-94d8-bfc5813062bc	03F887BA136AB13B4D5CFBE1FAA853ED.mc.3B393CF11369B13B4B36FEA3FAF254B3	Animalia	Arthropoda	Diplopoda	Spirostreptida	Pseudonannolenidae	Pseudonannolene	Pseudonannolene tocaiensis		SPECIES	Pseudonannolene tocaiensis Fontanetti, 1996	Pseudonannolene tocaiensis Fontanetti 1996	Fontanetti 1996	BR	Estacao Ecologica Itirapina	Sao Paulo	PRESENT	1	a064f300-1bc8-41ea-9364-b864ef4e8938	-22.249596	-47.82598			764.0				2001-04-30	30	4	2001	11585214	11585214	MATERIAL_CITATION	IBSP		IBSP 1935				CC0_1_0		Equipe Biota			2025-11-08T05:37:46.454Z		GEODETIC_DATUM_ASSUMED_WGS84;CONTINENT_DERIVED_FROM_COORDINATES;TAXON_ID_NOT_FOUND;OCCURRENCE_STATUS_INFERRED_FROM_INDIVIDUAL_COUNT;COLLECTION_MATCH_NONE;INSTITUTION_MATCH_FUZZY
4101310248	1d2570da-e150-4d75-94d8-bfc5813062bc	03F887BA1316B1474E87FEE4FAEF50E2.mc.3B393CF11316B1444E00F9AEFC4C5362	Animalia	Arthropoda	Diplopoda	Spirostreptida	Pseudonannolenidae	Pseudonannolene	Pseudonannolene fontanettiae		SPECIES	Pseudonannolene fontanettiae Iniesta & Ferreira, 2014	Pseudonannolene fontanettiae Iniesta & Ferreira 2014	Iniesta & Ferreira 2014	BR	Sete Lagoas	Minas Gerais	PRESENT	1	a064f300-1bc8-41ea-9364-b864ef4e8938	-19.457188	-44.236374			775.0				2014-03-13	13	3	2014	8446495	8446495	MATERIAL_CITATION	IBSP		IBSP 7076				CC0_1_0		Equipe Carste			2025-11-08T05:37:46.450Z		GEODETIC_DATUM_ASSUMED_WGS84;CONTINENT_DERIVED_FROM_COORDINATES;TAXON_ID_NOT_FOUND;OCCURRENCE_STATUS_INFERRED_FROM_INDIVIDUAL_COUNT;COLLECTION_MATCH_NONE;INSTITUTION_MATCH_FUZZY
4101310247	1d2570da-e150-4d75-94d8-bfc5813062bc	03F887BA1356B1074D60FEE4FB225095.mc.3B393CF11356B1044CA1FC3BFE2F512A	Animalia	Arthropoda	Diplopoda	Spirostreptida	Pseudonannolenidae	Pseudonannolene	Pseudonannolene bucculenta		SPECIES	Pseudonannolene bucculenta Iniesta, Bouzan & Brescovit, 2023	Pseudonannolene bucculenta Iniesta, Bouzan, and Brescovit 2023	Iniesta, Bouzan, and Brescovit 2023	BR	Samuel de Paula	Minas Gerais	PRESENT	1	a064f300-1bc8-41ea-9364-b864ef4e8938	-20.001055	-43.871086			975.0				2006-10		10	2006	12224748	12224748	MATERIAL_CITATION	IBSP		IBSP 3396				CC0_1_0		de Paula & J. P. P. Pena-Barbosa			2025-11-08T05:37:46.447Z		GEODETIC_DATUM_ASSUMED_WGS84;CONTINENT_DERIVED_FROM_COORDINATES;TAXON_ID_NOT_FOUND;OCCURRENCE_STATUS_INFERRED_FROM_INDIVIDUAL_COUNT;COLLECTION_MATCH_NONE;INSTITUTION_MATCH_FUZZY
4101310246	1d2570da-e150-4d75-94d8-bfc5813062bc	03F887BA132DB17E4D5CFCA9FC3D53AC.mc.3B393CF1132DB17F4FBCFA9CFB545092	Animalia	Arthropoda	Diplopoda	Spirostreptida	Pseudonannolenidae	Pseudonannolene	Pseudonannolene callipyge		SPECIES	Pseudonannolene callipyge Brölemann, 1902	Pseudonannolene callipyge Brolemann 1902	Brolemann 1902	BR	Parana	Parana	PRESENT	1	a064f300-1bc8-41ea-9364-b864ef4e8938									1960-10-16	16	10	1960	1026425	1026425	MATERIAL_CITATION	R		MZSP 240				CC0_1_0		R. von Ihering	Holotype		2025-11-08T05:37:46.445Z		CONTINENT_DERIVED_FROM_COUNTRY;TAXON_ID_NOT_FOUND;OCCURRENCE_STATUS_INFERRED_FROM_INDIVIDUAL_COUNT;AMBIGUOUS_INSTITUTION
4101310244	1d2570da-e150-4d75-94d8-bfc5813062bc	03F887BA1376B1274D46FE33FE985351.mc.3B393CF11376B1244FBCFB6AFEDF51D9	Animalia	Arthropoda	Diplopoda	Spirostreptida	Pseudonannolenidae	Pseudonannolene	Pseudonannolene paulista		SPECIES	Pseudonannolene paulista Brölemann, 1902	Pseudonannolene paulista Brolemann 1902	Brolemann 1902	BR	Cerqueira Cesar	Sao Paulo	PRESENT	4	a064f300-1bc8-41ea-9364-b864ef4e8938	-23.067354	-49.15762							1896-12		12	1896	1026416	1026416	MATERIAL_CITATION	MZSP						CC0_1_0		R. von Ihering	Paralectotype		2025-11-08T05:37:46.399Z		GEODETIC_DATUM_ASSUMED_WGS84;CONTINENT_DERIVED_FROM_COORDINATES;TAXON_ID_NOT_FOUND;OCCURRENCE_STATUS_INFERRED_FROM_INDIVIDUAL_COUNT;COLLECTION_MATCH_NONE;INSTITUTION_MATCH_FUZZY
4101310243	1d2570da-e150-4d75-94d8-bfc5813062bc	03F887BA131AB14A4D51FDA7FE6054B2.mc.3B393CF1131AB1484FBCFAB7FBAD5082	Animalia	Arthropoda	Diplopoda	Spirostreptida	Pseudonannolenidae	Pseudonannolene	Pseudonannolene imbirensis		SPECIES	Pseudonannolene imbirensis Fontanetti, 1996	Pseudonannolene imbirensis Fontanetti 1996	Fontanetti 1996	BR	Grupo Espeleologico de Geologia	Goias	PRESENT	1	a064f300-1bc8-41ea-9364-b864ef4e8938	-13.400307	-46.319378			700.0				1989-04		4	1989	11693169	11693169	MATERIAL_CITATION	GREGEO		MZSP 1035				CC0_1_0			Holotype		2025-11-08T05:37:46.397Z		GEODETIC_DATUM_ASSUMED_WGS84;CONTINENT_DERIVED_FROM_COORDINATES;TAXON_ID_NOT_FOUND;OCCURRENCE_STATUS_INFERRED_FROM_INDIVIDUAL_COUNT;INSTITUTION_MATCH_NONE
4101310242	1d2570da-e150-4d75-94d8-bfc5813062bc	03F887BA132DB17E4D5CFCA9FC3D53AC.mc.3B393CF1132DB17F4FBCFA3EFC295333	Animalia	Arthropoda	Diplopoda	Spirostreptida	Pseudonannolenidae	Pseudonannolene	Pseudonannolene callipyge		SPECIES	Pseudonannolene callipyge Brölemann, 1902	Pseudonannolene callipyge Brolemann 1902	Brolemann 1902	BR	BRAZIL	Parana	PRESENT	2	a064f300-1bc8-41ea-9364-b864ef4e8938									1960-10-16	16	10	1960	1026425	1026425	MATERIAL_CITATION	MZSP		MZSP 240				CC0_1_0		von Ihering	Paratype		2025-11-08T05:37:46.394Z		CONTINENT_DERIVED_FROM_COUNTRY;TAXON_ID_NOT_FOUND;OCCURRENCE_STATUS_INFERRED_FROM_INDIVIDUAL_COUNT;COLLECTION_MATCH_NONE;INSTITUTION_MATCH_FUZZY
4101310241	1d2570da-e150-4d75-94d8-bfc5813062bc	03F887BA1307B1544E86FD86FACB514C.mc.3B393CF11307B1554FEBFA74FB8650E8	Animalia	Arthropoda	Diplopoda	Spirostreptida	Pseudonannolenidae	Pseudonannolene	Pseudonannolene magna		SPECIES	Pseudonannolene magna Udulutsch & Pietrobon, 2003	Pseudonannolene magna Udulutsch & Pietrobon 2003	Udulutsch & Pietrobon 2003	BR	Valinhos	Sao Paulo	PRESENT	17	a064f300-1bc8-41ea-9364-b864ef4e8938	-23.023664	-46.89382			807.0				2001-03		3	2001	12209996	12209996	MATERIAL_CITATION	MZSP						CC0_1_0		Serra dos Cocais & Pietrobon			2025-11-08T05:37:46.382Z		GEODETIC_DATUM_ASSUMED_WGS84;CONTINENT_DERIVED_FROM_COORDINATES;TAXON_ID_NOT_FOUND;OCCURRENCE_STATUS_INFERRED_FROM_INDIVIDUAL_COUNT;COLLECTION_MATCH_NONE;INSTITUTION_MATCH_FUZZY
4101310240	1d2570da-e150-4d75-94d8-bfc5813062bc	03F887BA137BB12A4EBDFD74FC6E54C3.mc.3B393CF1137BB1294FEBF99EFD515391	Animalia	Arthropoda	Diplopoda	Spirostreptida	Pseudonannolenidae	Pseudonannolene	Pseudonannolene robsoni		SPECIES	Pseudonannolene robsoni Iniesta & Ferreira, 2014	Pseudonannolene robsoni Iniesta & Ferreira 2014	Iniesta & Ferreira 2014	BR	Minas Gerais	Minas Gerais	PRESENT	1	a064f300-1bc8-41ea-9364-b864ef4e8938	-20.369646	-45.669437			691.0				2009-03-09	9	3	2009	12204948	12204948	MATERIAL_CITATION	R		ISLA 4079				CC0_1_0		R. Zampaulo			2025-11-08T05:37:46.380Z		GEODETIC_DATUM_ASSUMED_WGS84;CONTINENT_DERIVED_FROM_COORDINATES;TAXON_ID_NOT_FOUND;OCCURRENCE_STATUS_INFERRED_FROM_INDIVIDUAL_COUNT;AMBIGUOUS_INSTITUTION
4101310239	1d2570da-e150-4d75-94d8-bfc5813062bc	03F887BA1359B10D4D1CF979FCBE518D.mc.3B393CF11358B10A4D95FB48FAAA5183	Animalia	Arthropoda	Diplopoda	Spirostreptida	Pseudonannolenidae	Pseudonannolene	Pseudonannolene morettii		SPECIES	Pseudonannolene morettii Iniesta, Bouzan & Brescovit, 2023	Pseudonannolene morettii Iniesta, Bouzan, and Brescovit 2023	Iniesta, Bouzan, and Brescovit 2023	BR	Parque Municipal da Serra do Itapety	Sao Paulo	PRESENT	1	a064f300-1bc8-41ea-9364-b864ef4e8938	-23.493336	-46.19638			881.0				2003-10-13	13	10	2003	12190204	12190204	MATERIAL_CITATION	IBSP		IBSP 2460				CC0_1_0		Mogi das Cruzes & Equipe Biota			2025-11-08T05:37:46.379Z		GEODETIC_DATUM_ASSUMED_WGS84;CONTINENT_DERIVED_FROM_COORDINATES;TAXON_ID_NOT_FOUND;OCCURRENCE_STATUS_INFERRED_FROM_INDIVIDUAL_COUNT;COLLECTION_MATCH_NONE;INSTITUTION_MATCH_FUZZY
4101310235	1d2570da-e150-4d75-94d8-bfc5813062bc	03F887BA1373B1234D42FCF9FB915768.mc.3B393CF11372B1204A59FCF5FB2D5668	Animalia	Arthropoda	Diplopoda	Spirostreptida	Pseudonannolenidae	Pseudonannolene	Pseudonannolene ophiiulus		SPECIES	Pseudonannolene ophiiulus Schubart, 1944	Pseudonannolene ophiiulus Schubart 1944	Schubart 1944	BR	Sao Carlos	Sao Paulo	PRESENT	1	a064f300-1bc8-41ea-9364-b864ef4e8938	-22.010944	-47.890553			870.0				1944-03-20	20	3	1944	6185999	6185999	MATERIAL_CITATION	MZSP						CC0_1_0		O. Schubart			2025-11-08T05:37:46.350Z		GEODETIC_DATUM_ASSUMED_WGS84;CONTINENT_DERIVED_FROM_COORDINATES;TAXON_ID_NOT_FOUND;OCCURRENCE_STATUS_INFERRED_FROM_INDIVIDUAL_COUNT;COLLECTION_MATCH_NONE;INSTITUTION_MATCH_FUZZY
4101310234	1d2570da-e150-4d75-94d8-bfc5813062bc	03F887BA1361B1354D4FF9B8FAB4500B.mc.3B393CF11360B1324F86FB73FB365187	Animalia	Arthropoda	Diplopoda	Spirostreptida	Pseudonannolenidae	Pseudonannolene	Pseudonannolene silvestris		SPECIES	Pseudonannolene silvestris Schubart, 1944	Pseudonannolene silvestris Schubart 1944	Schubart 1944	BR	Parque Estadual Turistico do Alto Ribeira	Sao Paulo	PRESENT	3	a064f300-1bc8-41ea-9364-b864ef4e8938	-24.485867	-48.646698			570.0				2001-11-08	8	11	2001	1026418	1026418	MATERIAL_CITATION	IBSP		IBSP 2272				CC0_1_0		Equipe Biota			2025-11-08T05:37:46.349Z		GEODETIC_DATUM_ASSUMED_WGS84;CONTINENT_DERIVED_FROM_COORDINATES;TAXON_ID_NOT_FOUND;OCCURRENCE_STATUS_INFERRED_FROM_INDIVIDUAL_COUNT;COLLECTION_MATCH_NONE;INSTITUTION_MATCH_FUZZY
4101310233	1d2570da-e150-4d75-94d8-bfc5813062bc	03F887BA1301B1554EAFF9E3FD50577D.mc.3B393CF11300B1524FBCFDFDFBD5574F	Animalia	Arthropoda	Diplopoda	Spirostreptida	Pseudonannolenidae	Pseudonannolene	Pseudonannolene lundi		SPECIES	Pseudonannolene lundi Iniesta & Ferreira, 2015	Pseudonannolene lundi Iniesta & Ferreira 2015	Iniesta & Ferreira 2015	BR	Lapa Sem Fim cave	Minas Gerais	PRESENT	1	a064f300-1bc8-41ea-9364-b864ef4e8938	-16.233458	-44.585625							2014-04-17	17	4	2014	8656447	8656447	MATERIAL_CITATION	R		ISLA 8684				CC0_1_0		R. L. Ferreira & L. F. M. Iniesta & L. Rabello & M. Souza-Silva	Holotype		2025-11-08T05:37:46.347Z		GEODETIC_DATUM_ASSUMED_WGS84;CONTINENT_DERIVED_FROM_COORDINATES;TAXON_ID_NOT_FOUND;OCCURRENCE_STATUS_INFERRED_FROM_INDIVIDUAL_COUNT;AMBIGUOUS_INSTITUTION
4101310232	1d2570da-e150-4d75-94d8-bfc5813062bc	03F887BA1351B1024D0DFD47FEA05021.mc.3B393CF11351B1034FEBFA74FB9550EB	Animalia	Arthropoda	Diplopoda	Spirostreptida	Pseudonannolenidae	Pseudonannolene	Pseudonannolene alata		SPECIES	Pseudonannolene alata Iniesta, Bouzan & Brescovit, 2023	Pseudonannolene alata Iniesta, Bouzan, and Brescovit 2023	Iniesta, Bouzan, and Brescovit 2023	BR	Ilha do Arvoredo	Santa Catarina	PRESENT	11	a064f300-1bc8-41ea-9364-b864ef4e8938	-27.281094	-48.36661			130.0				2018-05-15	15	5	2018	12252733	12252733	MATERIAL_CITATION	R		IBSP 7876				CC0_1_0		R. S. Bouzan			2025-11-08T05:37:46.345Z		GEODETIC_DATUM_ASSUMED_WGS84;CONTINENT_DERIVED_FROM_COORDINATES;TAXON_ID_NOT_FOUND;OCCURRENCE_STATUS_INFERRED_FROM_INDIVIDUAL_COUNT;AMBIGUOUS_INSTITUTION
4101310231	1d2570da-e150-4d75-94d8-bfc5813062bc	03F887BA1369B13C4D45F916FC1A53ED.mc.3B393CF1136FB13D4EB5FE13FC855703	Animalia	Arthropoda	Diplopoda	Spirostreptida	Pseudonannolenidae	Pseudonannolene	Pseudonannolene tricolor		SPECIES	Pseudonannolene tricolor Brölemann, 1902	Pseudonannolene tricolor Brolemann 1902	Brolemann 1902	BR	Corumbata	Cerrado biome - FAPESP	PRESENT	10	a064f300-1bc8-41ea-9364-b864ef4e8938	-22.222984	-47.623302			586.0				1985-11-01	1	11	1985	1026426	1026426	MATERIAL_CITATION	MZSP						CC0_1_0		O. A. Mesa			2025-11-08T05:37:46.325Z		GEODETIC_DATUM_ASSUMED_WGS84;CONTINENT_DERIVED_FROM_COORDINATES;TAXON_ID_NOT_FOUND;OCCURRENCE_STATUS_INFERRED_FROM_INDIVIDUAL_COUNT;COLLECTION_MATCH_NONE;INSTITUTION_MATCH_FUZZY
4101310230	1d2570da-e150-4d75-94d8-bfc5813062bc	03F887BA136CB1014D70FB4DFD9352E0.mc.3B393CF1136CB13E4FBCF848FBAE52DF	Animalia	Arthropoda	Diplopoda	Spirostreptida	Pseudonannolenidae	Pseudonannolene	Pseudonannolene urbica		SPECIES	Pseudonannolene urbica Schubart, 1945	Pseudonannolene urbica Schubart 1945	Schubart 1945	BR	BRAZIL	Sao Paulo	PRESENT	1	a064f300-1bc8-41ea-9364-b864ef4e8938	-23.585106	-46.600998			790.0								6186006	6186006	MATERIAL_CITATION	MZSP						CC0_1_0			Paratype		2025-11-08T05:37:46.324Z		GEODETIC_DATUM_ASSUMED_WGS84;CONTINENT_DERIVED_FROM_COORDINATES;TAXON_ID_NOT_FOUND;OCCURRENCE_STATUS_INFERRED_FROM_INDIVIDUAL_COUNT;COLLECTION_MATCH_NONE;INSTITUTION_MATCH_FUZZY
4101310228	1d2570da-e150-4d75-94d8-bfc5813062bc	03F887BA1309B15F4EA9FEE4FC055083.mc.3B393CF11308B15A4FEBFD53FE0A57C2	Animalia	Arthropoda	Diplopoda	Spirostreptida	Pseudonannolenidae	Pseudonannolene	Pseudonannolene microzoporus		SPECIES	Pseudonannolene microzoporus Mauriès, 1987	Pseudonannolene microzoporus Mauries 1987	Mauries 1987	BR	BRAZIL	Minas Gerais	PRESENT	3	a064f300-1bc8-41ea-9364-b864ef4e8938	-20.369646	-45.669437							2009-01-27	27	1	2009	1026408	1026408	MATERIAL_CITATION	NHMD						CC0_1_0		Zampaulo	Paratype		2025-11-08T05:37:46.318Z		GEODETIC_DATUM_ASSUMED_WGS84;CONTINENT_DERIVED_FROM_COORDINATES;TAXON_ID_NOT_FOUND;OCCURRENCE_STATUS_INFERRED_FROM_INDIVIDUAL_COUNT;COLLECTION_MATCH_NONE;INSTITUTION_MATCH_FUZZY
4101310227	1d2570da-e150-4d75-94d8-bfc5813062bc	03F887BA1315B1484D45F9EEFC01571A.mc.3B393CF1131BB1494E3EFEC0FC7D5457	Animalia	Arthropoda	Diplopoda	Spirostreptida	Pseudonannolenidae	Pseudonannolene	Pseudonannolene halophila		SPECIES	Pseudonannolene halophila Schubart, 1949	Pseudonannolene halophila Schubart 1949	Schubart 1949	BR	Ilha Porchat	Sao Paulo	PRESENT	7	a064f300-1bc8-41ea-9364-b864ef4e8938	-23.97711	-46.371616			9.0				1959-01-21	21	1	1959	6186012	6186012	MATERIAL_CITATION	MZSP						CC0_1_0		O. Schubart			2025-11-08T05:37:46.316Z		GEODETIC_DATUM_ASSUMED_WGS84;CONTINENT_DERIVED_FROM_COORDINATES;TAXON_ID_NOT_FOUND;OCCURRENCE_STATUS_INFERRED_FROM_INDIVIDUAL_COUNT;COLLECTION_MATCH_NONE;INSTITUTION_MATCH_FUZZY
4101310226	1d2570da-e150-4d75-94d8-bfc5813062bc	03F887BA1369B13C4D45F916FC1A53ED.mc.3B393CF1136FB13D4C10FA83FE465093	Animalia	Arthropoda	Diplopoda	Spirostreptida	Pseudonannolenidae	Pseudonannolene	Pseudonannolene tricolor		SPECIES	Pseudonannolene tricolor Brölemann, 1902	Pseudonannolene tricolor Brolemann 1902	Brolemann 1902	BR		Sao Paulo	PRESENT	3	a064f300-1bc8-41ea-9364-b864ef4e8938									1940-11-28	28	11	1940	1026426	1026426	MATERIAL_CITATION	MZSP						CC0_1_0		O. Schubart			2025-11-08T05:37:46.314Z		CONTINENT_DERIVED_FROM_COUNTRY;TAXON_ID_NOT_FOUND;OCCURRENCE_STATUS_INFERRED_FROM_INDIVIDUAL_COUNT;COLLECTION_MATCH_NONE;INSTITUTION_MATCH_FUZZY
4101310224	1d2570da-e150-4d75-94d8-bfc5813062bc	03F887BA1321B1724D58FEE4FBC35029.mc.3B393CF11321B1734B52FB91FDE75184	Animalia	Arthropoda	Diplopoda	Spirostreptida	Pseudonannolenidae	Pseudonannolene	Pseudonannolene albiventris		SPECIES	Pseudonannolene albiventris Schubart, 1952	Pseudonannolene albiventris Schubart 1952	Schubart 1952	BR	Fazenda Nova America	Sao Paulo	PRESENT	4	a064f300-1bc8-41ea-9364-b864ef4e8938	-22.129297	-47.662636			665.0				1944-03-07	7	3	1944	6185997	6185997	MATERIAL_CITATION	MZSP						CC0_1_0		O. Schubart	Holotype		2025-11-08T05:37:46.312Z		GEODETIC_DATUM_ASSUMED_WGS84;CONTINENT_DERIVED_FROM_COORDINATES;TAXON_ID_NOT_FOUND;OCCURRENCE_STATUS_INFERRED_FROM_INDIVIDUAL_COUNT;COLLECTION_MATCH_NONE;INSTITUTION_MATCH_FUZZY
4101310223	1d2570da-e150-4d75-94d8-bfc5813062bc	03F887BA1361B1354D4FF9B8FAB4500B.mc.3B393CF11360B1324FEBFCD3FB8C5642	Animalia	Arthropoda	Diplopoda	Spirostreptida	Pseudonannolenidae	Pseudonannolene	Pseudonannolene silvestris		SPECIES	Pseudonannolene silvestris Schubart, 1944	Pseudonannolene silvestris Schubart 1944	Schubart 1944	BR	Parque Estadual Turistico do Alto Ribeira	Sao Paulo	PRESENT	1	a064f300-1bc8-41ea-9364-b864ef4e8938	-24.485867	-48.646698			570.0				2001-11-08	8	11	2001	1026418	1026418	MATERIAL_CITATION	PETAR		IBSP 2271				CC0_1_0		Equipe Biota			2025-11-08T05:37:46.309Z		GEODETIC_DATUM_ASSUMED_WGS84;CONTINENT_DERIVED_FROM_COORDINATES;TAXON_ID_NOT_FOUND;OCCURRENCE_STATUS_INFERRED_FROM_INDIVIDUAL_COUNT;INSTITUTION_MATCH_NONE
4101310222	1d2570da-e150-4d75-94d8-bfc5813062bc	03F887BA132DB17E4D5CFCA9FC3D53AC.mc.3B393CF1132DB17F4D20F82AFA9752DE	Animalia	Arthropoda	Diplopoda	Spirostreptida	Pseudonannolenidae	Pseudonannolene	Pseudonannolene callipyge		SPECIES	Pseudonannolene callipyge Brölemann, 1902	Pseudonannolene callipyge Brolemann 1902	Brolemann 1902	BR	cave Straube	Parana	PRESENT	3	a064f300-1bc8-41ea-9364-b864ef4e8938					362.0				2017-12-09	9	12	2017	1026425	1026425	MATERIAL_CITATION	IBSP		IBSP 7627				CC0_1_0		C. Attems & Souza & L. F. M. Iniesta			2025-11-08T05:37:46.305Z		CONTINENT_DERIVED_FROM_COUNTRY;TAXON_ID_NOT_FOUND;OCCURRENCE_STATUS_INFERRED_FROM_INDIVIDUAL_COUNT;COLLECTION_MATCH_NONE;INSTITUTION_MATCH_FUZZY
4101310221	1d2570da-e150-4d75-94d8-bfc5813062bc	03F887BA1309B15F4EA9FEE4FC055083.mc.3B393CF1130EB15C4E80FE55FAED54EA	Animalia	Arthropoda	Diplopoda	Spirostreptida	Pseudonannolenidae	Pseudonannolene	Pseudonannolene microzoporus		SPECIES	Pseudonannolene microzoporus Mauriès, 1987	Pseudonannolene microzoporus Mauries 1987	Mauries 1987	BR		Bahia	PRESENT	1	a064f300-1bc8-41ea-9364-b864ef4e8938									2011-06-28	28	6	2011	1026408	1026408	MATERIAL_CITATION	IBSP		IBSP 5657				CC0_1_0					2025-11-08T05:37:46.301Z		CONTINENT_DERIVED_FROM_COUNTRY;TAXON_ID_NOT_FOUND;OCCURRENCE_STATUS_INFERRED_FROM_INDIVIDUAL_COUNT;COLLECTION_MATCH_NONE;INSTITUTION_MATCH_FUZZY
4101310220	1d2570da-e150-4d75-94d8-bfc5813062bc	03F887BA1367B1374EBAFAB0FAD650FC.mc.3B393CF11366B1344C07FD1BFD14560A	Animalia	Arthropoda	Diplopoda	Spirostreptida	Pseudonannolenidae	Pseudonannolene	Pseudonannolene spelaea		SPECIES	Pseudonannolene spelaea Iniesta & Ferreira, 2013	Pseudonannolene spelaea Iniesta & Ferreira 2013	Iniesta & Ferreira 2013	BR		Para	PRESENT	1	a064f300-1bc8-41ea-9364-b864ef4e8938	-6.367796	-50.389553							2016-03-15	15	3	2016	9516060	9516060	MATERIAL_CITATION	IBSP		IBSP 4898				CC0_1_0		Biospeleo			2025-11-08T05:37:46.303Z		GEODETIC_DATUM_ASSUMED_WGS84;CONTINENT_DERIVED_FROM_COORDINATES;TAXON_ID_NOT_FOUND;OCCURRENCE_STATUS_INFERRED_FROM_INDIVIDUAL_COUNT;COLLECTION_MATCH_NONE;INSTITUTION_MATCH_FUZZY
4101310219	1d2570da-e150-4d75-94d8-bfc5813062bc	03F887BA137CB1304EACFD5CFB445752.mc.3B393CF11363B1314D9EFD1AFE90560D	Animalia	Arthropoda	Diplopoda	Spirostreptida	Pseudonannolenidae	Pseudonannolene	Pseudonannolene sebastianus		SPECIES	Pseudonannolene sebastianus Brölemann, 1902	Pseudonannolene sebastianus Brolemann 1902	Brolemann 1902	BR	Cubatao	Sao Paulo	PRESENT	1	a064f300-1bc8-41ea-9364-b864ef4e8938	-23.894018	-46.424587			6.0								6186003	6186003	MATERIAL_CITATION	MZSP						CC0_1_0					2025-11-08T05:37:46.270Z		GEODETIC_DATUM_ASSUMED_WGS84;CONTINENT_DERIVED_FROM_COORDINATES;TAXON_ID_NOT_FOUND;OCCURRENCE_STATUS_INFERRED_FROM_INDIVIDUAL_COUNT;COLLECTION_MATCH_NONE;INSTITUTION_MATCH_FUZZY
4101310218	1d2570da-e150-4d75-94d8-bfc5813062bc	03F887BA1309B15F4EA9FEE4FC055083.mc.3B393CF11308B15A4CDBF905FEA45219	Animalia	Arthropoda	Diplopoda	Spirostreptida	Pseudonannolenidae	Pseudonannolene	Pseudonannolene microzoporus		SPECIES	Pseudonannolene microzoporus Mauriès, 1987	Pseudonannolene microzoporus Mauries 1987	Mauries 1987	BR	Mocambeiro	Bahia	PRESENT	1	a064f300-1bc8-41ea-9364-b864ef4e8938	-19.535425	-44.026974							2011-04-04	4	4	2011	1026408	1026408	MATERIAL_CITATION	IBSP		IBSP 5703				CC0_1_0		F. P. Franco			2025-11-08T05:37:46.268Z		GEODETIC_DATUM_ASSUMED_WGS84;CONTINENT_DERIVED_FROM_COORDINATES;TAXON_ID_NOT_FOUND;OCCURRENCE_STATUS_INFERRED_FROM_INDIVIDUAL_COUNT;COLLECTION_MATCH_NONE;INSTITUTION_MATCH_FUZZY
4101310217	1d2570da-e150-4d75-94d8-bfc5813062bc	03F887BA1359B10D4D1CF979FCBE518D.mc.3B393CF11358B10A4BD1FC18FDB5510F	Animalia	Arthropoda	Diplopoda	Spirostreptida	Pseudonannolenidae	Pseudonannolene	Pseudonannolene morettii		SPECIES	Pseudonannolene morettii Iniesta, Bouzan & Brescovit, 2023	Pseudonannolene morettii Iniesta, Bouzan, and Brescovit 2023	Iniesta, Bouzan, and Brescovit 2023	BR	Parque Municipal da Serra do Itapety	Sao Paulo	PRESENT	1	a064f300-1bc8-41ea-9364-b864ef4e8938	-23.493336	-46.19638			881.0				2003-10-13	13	10	2003	12190204	12190204	MATERIAL_CITATION	IBSP		IBSP 2457				CC0_1_0		Mogi das Cruzes & Equipe Biota			2025-11-08T05:37:46.267Z		GEODETIC_DATUM_ASSUMED_WGS84;CONTINENT_DERIVED_FROM_COORDINATES;TAXON_ID_NOT_FOUND;OCCURRENCE_STATUS_INFERRED_FROM_INDIVIDUAL_COUNT;COLLECTION_MATCH_NONE;INSTITUTION_MATCH_FUZZY
4101310215	1d2570da-e150-4d75-94d8-bfc5813062bc	03F887BA1316B1474E87FEE4FAEF50E2.mc.3B393CF11316B1444E45F940FA8A53FB	Animalia	Arthropoda	Diplopoda	Spirostreptida	Pseudonannolenidae	Pseudonannolene	Pseudonannolene fontanettiae		SPECIES	Pseudonannolene fontanettiae Iniesta & Ferreira, 2014	Pseudonannolene fontanettiae Iniesta & Ferreira 2014	Iniesta & Ferreira 2014	BR	Sete Lagoas	Minas Gerais	PRESENT	1	a064f300-1bc8-41ea-9364-b864ef4e8938	-19.457188	-44.236374			775.0				2014-03-13	13	3	2014	8446495	8446495	MATERIAL_CITATION	ILCOM		IBSP 7096				CC0_1_0		Equipe Carste			2025-11-08T05:37:46.263Z		GEODETIC_DATUM_ASSUMED_WGS84;CONTINENT_DERIVED_FROM_COORDINATES;TAXON_ID_NOT_FOUND;OCCURRENCE_STATUS_INFERRED_FROM_INDIVIDUAL_COUNT;INSTITUTION_MATCH_NONE
4101310214	1d2570da-e150-4d75-94d8-bfc5813062bc	03F887BA1309B15F4EA9FEE4FC055083.mc.3B393CF1130EB15C4BD5FEA3FDDA54B3	Animalia	Arthropoda	Diplopoda	Spirostreptida	Pseudonannolenidae	Pseudonannolene	Pseudonannolene microzoporus		SPECIES	Pseudonannolene microzoporus Mauriès, 1987	Pseudonannolene microzoporus Mauries 1987	Mauries 1987	BR		Bahia	PRESENT	1	a064f300-1bc8-41ea-9364-b864ef4e8938									2011-06-28	28	6	2011	1026408	1026408	MATERIAL_CITATION	IBSP		IBSP 5647				CC0_1_0					2025-11-08T05:37:46.259Z		CONTINENT_DERIVED_FROM_COUNTRY;TAXON_ID_NOT_FOUND;OCCURRENCE_STATUS_INFERRED_FROM_INDIVIDUAL_COUNT;COLLECTION_MATCH_NONE;INSTITUTION_MATCH_FUZZY
4101310213	1d2570da-e150-4d75-94d8-bfc5813062bc	03F887BA1376B1274D46FE33FE985351.mc.3B393CF11376B1244C9BF982FC805395	Animalia	Arthropoda	Diplopoda	Spirostreptida	Pseudonannolenidae	Pseudonannolene	Pseudonannolene paulista		SPECIES	Pseudonannolene paulista Brölemann, 1902	Pseudonannolene paulista Brolemann 1902	Brolemann 1902	BR	Fazenda Barreiro Rico	Sao Paulo	PRESENT	22	a064f300-1bc8-41ea-9364-b864ef4e8938	-22.788342	-48.131226			469.0				1896-12		12	1896	1026416	1026416	MATERIAL_CITATION	MZSP						CC0_1_0		A. Mesa			2025-11-08T05:37:46.261Z		GEODETIC_DATUM_ASSUMED_WGS84;CONTINENT_DERIVED_FROM_COORDINATES;TAXON_ID_NOT_FOUND;OCCURRENCE_STATUS_INFERRED_FROM_INDIVIDUAL_COUNT;COLLECTION_MATCH_NONE;INSTITUTION_MATCH_FUZZY
4101310212	1d2570da-e150-4d75-94d8-bfc5813062bc	03F887BA131AB14A4D51FDA7FE6054B2.mc.3B393CF11319B14B4D0FFEE5FDAF5479	Animalia	Arthropoda	Diplopoda	Spirostreptida	Pseudonannolenidae	Pseudonannolene	Pseudonannolene imbirensis		SPECIES	Pseudonannolene imbirensis Fontanetti, 1996	Pseudonannolene imbirensis Fontanetti 1996	Fontanetti 1996	BR	cave Angelica	Goias	PRESENT	1	a064f300-1bc8-41ea-9364-b864ef4e8938	-13.522824	-46.38207			572.0				2000-08-01	1	8	2000	11693169	11693169	MATERIAL_CITATION	MNRJ						CC0_1_0		A. Chagas Jr.			2025-11-08T05:37:46.258Z		GEODETIC_DATUM_ASSUMED_WGS84;CONTINENT_DERIVED_FROM_COORDINATES;TAXON_ID_NOT_FOUND;OCCURRENCE_STATUS_INFERRED_FROM_INDIVIDUAL_COUNT;COLLECTION_MATCH_NONE;INSTITUTION_MATCH_FUZZY
4101310211	1d2570da-e150-4d75-94d8-bfc5813062bc	03F887BA130DB1214D53FA08FE5057D0.mc.3B393CF1130CB15E4EBEFCA8FDC556BF	Animalia	Arthropoda	Diplopoda	Spirostreptida	Pseudonannolenidae	Pseudonannolene	Pseudonannolene occidentalis		SPECIES	Pseudonannolene occidentalis Schubart, 1958	Pseudonannolene occidentalis Schubart 1958	Schubart 1958	BR	Salobra	Mato Grosso do Sul	PRESENT	1	a064f300-1bc8-41ea-9364-b864ef4e8938	-20.189192	-56.547512			112.0				1941-01-19	19	1	1941	6186007	6186007	MATERIAL_CITATION	MZSP						CC0_1_0		F. Lane			2025-11-08T05:37:46.256Z		GEODETIC_DATUM_ASSUMED_WGS84;CONTINENT_DERIVED_FROM_COORDINATES;TAXON_ID_NOT_FOUND;OCCURRENCE_STATUS_INFERRED_FROM_INDIVIDUAL_COUNT;COLLECTION_MATCH_NONE;INSTITUTION_MATCH_FUZZY
4101310210	1d2570da-e150-4d75-94d8-bfc5813062bc	03F887BA1351B1024D0DFD47FEA05021.mc.3B393CF11351B1034BB0FA32FD255322	Animalia	Arthropoda	Diplopoda	Spirostreptida	Pseudonannolenidae	Pseudonannolene	Pseudonannolene alata		SPECIES	Pseudonannolene alata Iniesta, Bouzan & Brescovit, 2023	Pseudonannolene alata Iniesta, Bouzan, and Brescovit 2023	Iniesta, Bouzan, and Brescovit 2023	BR	Ilha do Arvoredo	Santa Catarina	PRESENT	5	a064f300-1bc8-41ea-9364-b864ef4e8938	-27.281094	-48.36661			130.0				2018-05-15	15	5	2018	12252733	12252733	MATERIAL_CITATION	IBSP		IBSP 7879				CC0_1_0		S. Bouzan			2025-11-08T05:37:46.254Z		GEODETIC_DATUM_ASSUMED_WGS84;CONTINENT_DERIVED_FROM_COORDINATES;TAXON_ID_NOT_FOUND;OCCURRENCE_STATUS_INFERRED_FROM_INDIVIDUAL_COUNT;COLLECTION_MATCH_NONE;INSTITUTION_MATCH_FUZZY
4101310209	1d2570da-e150-4d75-94d8-bfc5813062bc	03F887BA135BB1084D6BFE1AFB0356E5.mc.3B393CF1135BB1094FBCFC0AFC955178	Animalia	Arthropoda	Diplopoda	Spirostreptida	Pseudonannolenidae	Pseudonannolene	Pseudonannolene granulata		SPECIES	Pseudonannolene granulata Iniesta, Bouzan & Brescovit, 2023	Pseudonannolene granulata Iniesta, Bouzan, and Brescovit 2023	Iniesta, Bouzan, and Brescovit 2023	BR	Balneario Santa Ines	Rio de Janeiro	PRESENT	1	a064f300-1bc8-41ea-9364-b864ef4e8938	-21.541445	-41.931763							2017-12-29	29	12	2017	12218244	12218244	MATERIAL_CITATION	MNRJ						CC0_1_0		L. Azara & M. Medrano & A. B. Kury	Holotype		2025-11-08T05:37:46.253Z		GEODETIC_DATUM_ASSUMED_WGS84;CONTINENT_DERIVED_FROM_COORDINATES;TAXON_ID_NOT_FOUND;OCCURRENCE_STATUS_INFERRED_FROM_INDIVIDUAL_COUNT;COLLECTION_MATCH_NONE;INSTITUTION_MATCH_FUZZY
4101310208	1d2570da-e150-4d75-94d8-bfc5813062bc	03F887BA1361B1354D4FF9B8FAB4500B.mc.3B393CF11360B1324D0CFC20FB4356D8	Animalia	Arthropoda	Diplopoda	Spirostreptida	Pseudonannolenidae	Pseudonannolene	Pseudonannolene silvestris		SPECIES	Pseudonannolene silvestris Schubart, 1944	Pseudonannolene silvestris Schubart 1944	Schubart 1944	BR	Parque Estadual Turistico do Alto Ribeira	Sao Paulo	PRESENT	1	a064f300-1bc8-41ea-9364-b864ef4e8938	-24.485867	-48.646698			570.0				2001-11-08	8	11	2001	1026418	1026418	MATERIAL_CITATION	IBSP		IBSP 2278				CC0_1_0		Equipe Biota			2025-11-08T05:37:46.251Z		GEODETIC_DATUM_ASSUMED_WGS84;CONTINENT_DERIVED_FROM_COORDINATES;TAXON_ID_NOT_FOUND;OCCURRENCE_STATUS_INFERRED_FROM_INDIVIDUAL_COUNT;COLLECTION_MATCH_NONE;INSTITUTION_MATCH_FUZZY
4101310206	1d2570da-e150-4d75-94d8-bfc5813062bc	03F887BA1356B1074D60FEE4FB225095.mc.3B393CF11356B1044E01F9E9FBAD5321	Animalia	Arthropoda	Diplopoda	Spirostreptida	Pseudonannolenidae	Pseudonannolene	Pseudonannolene bucculenta		SPECIES	Pseudonannolene bucculenta Iniesta, Bouzan & Brescovit, 2023	Pseudonannolene bucculenta Iniesta, Bouzan, and Brescovit 2023	Iniesta, Bouzan, and Brescovit 2023	BR	Samuel de Paula	Minas Gerais	PRESENT	6	a064f300-1bc8-41ea-9364-b864ef4e8938	-20.001055	-43.871086			975.0				2006-10		10	2006	12224748	12224748	MATERIAL_CITATION	IBSP		IBSP 3412				CC0_1_0		de Paula & J. P. P. Pena-Barbosa			2025-11-08T05:37:46.245Z		GEODETIC_DATUM_ASSUMED_WGS84;CONTINENT_DERIVED_FROM_COORDINATES;TAXON_ID_NOT_FOUND;OCCURRENCE_STATUS_INFERRED_FROM_INDIVIDUAL_COUNT;COLLECTION_MATCH_NONE;INSTITUTION_MATCH_FUZZY
4101310205	1d2570da-e150-4d75-94d8-bfc5813062bc	03F887BA1315B1484D45F9EEFC01571A.mc.3B393CF11314B1464D0AFAF8FC89506F	Animalia	Arthropoda	Diplopoda	Spirostreptida	Pseudonannolenidae	Pseudonannolene	Pseudonannolene halophila		SPECIES	Pseudonannolene halophila Schubart, 1949	Pseudonannolene halophila Schubart 1949	Schubart 1949	BR	Ilha dos Alcatrazes	Sao Paulo	PRESENT	3	a064f300-1bc8-41ea-9364-b864ef4e8938	-24.099558	-45.692905			53.0				1944-04-15	15	4	1944	6186012	6186012	MATERIAL_CITATION	IBSP						CC0_1_0		A. Eterovic			2025-11-08T05:37:46.243Z		GEODETIC_DATUM_ASSUMED_WGS84;CONTINENT_DERIVED_FROM_COORDINATES;TAXON_ID_NOT_FOUND;OCCURRENCE_STATUS_INFERRED_FROM_INDIVIDUAL_COUNT;COLLECTION_MATCH_NONE;INSTITUTION_MATCH_FUZZY
4101310204	1d2570da-e150-4d75-94d8-bfc5813062bc	03F887BA137CB1304EACFD5CFB445752.mc.3B393CF1137CB12E4D0FF963FB7B5397	Animalia	Arthropoda	Diplopoda	Spirostreptida	Pseudonannolenidae	Pseudonannolene	Pseudonannolene sebastianus		SPECIES	Pseudonannolene sebastianus Brölemann, 1902	Pseudonannolene sebastianus Brolemann 1902	Brolemann 1902	BR	Ilhabela	Sao Paulo	PRESENT	1	a064f300-1bc8-41ea-9364-b864ef4e8938	-23.818665	-45.36816			1.0				1950-08		8	1950	6186003	6186003	MATERIAL_CITATION	IBSP		IBSP 7905				CC0_1_0		H. Urban			2025-11-08T05:37:46.242Z		GEODETIC_DATUM_ASSUMED_WGS84;CONTINENT_DERIVED_FROM_COORDINATES;TAXON_ID_NOT_FOUND;OCCURRENCE_STATUS_INFERRED_FROM_INDIVIDUAL_COUNT;COLLECTION_MATCH_NONE;INSTITUTION_MATCH_FUZZY
4101310202	1d2570da-e150-4d75-94d8-bfc5813062bc	03F887BA1309B15F4EA9FEE4FC055083.mc.3B393CF1130FB15D4DABFA5AFAED50EF	Animalia	Arthropoda	Diplopoda	Spirostreptida	Pseudonannolenidae	Pseudonannolene	Pseudonannolene microzoporus		SPECIES	Pseudonannolene microzoporus Mauriès, 1987	Pseudonannolene microzoporus Mauries 1987	Mauries 1987	BR		Bahia	PRESENT	1	a064f300-1bc8-41ea-9364-b864ef4e8938									2011-02-08	8	2	2011	1026408	1026408	MATERIAL_CITATION	IBSP		IBSP 5650				CC0_1_0					2025-11-08T05:37:46.223Z		CONTINENT_DERIVED_FROM_COUNTRY;TAXON_ID_NOT_FOUND;OCCURRENCE_STATUS_INFERRED_FROM_INDIVIDUAL_COUNT;COLLECTION_MATCH_NONE;INSTITUTION_MATCH_FUZZY
4101310201	1d2570da-e150-4d75-94d8-bfc5813062bc	03F887BA135FB10F4D1DFB36FBA9576B.mc.3B393CF1135EB10C4FEBFE30FA8A54C8	Animalia	Arthropoda	Diplopoda	Spirostreptida	Pseudonannolenidae	Pseudonannolene	Pseudonannolene nicolau		SPECIES	Pseudonannolene nicolau Iniesta, Bouzan & Brescovit, 2023	Pseudonannolene nicolau Iniesta, Bouzan, and Brescovit 2023	Iniesta, Bouzan, and Brescovit 2023	BR	Fazenda Sao Nicolau	Mato Grosso	PRESENT	2	a064f300-1bc8-41ea-9364-b864ef4e8938	-9.902508	-58.568104			370.0				2010-11-13	13	11	2010	12263633	12263633	MATERIAL_CITATION	R		ABAM 0161				CC0_1_0		R. E. Vicente			2025-11-08T05:37:46.221Z		GEODETIC_DATUM_ASSUMED_WGS84;CONTINENT_DERIVED_FROM_COORDINATES;TAXON_ID_NOT_FOUND;OCCURRENCE_STATUS_INFERRED_FROM_INDIVIDUAL_COUNT;AMBIGUOUS_INSTITUTION
4101310200	1d2570da-e150-4d75-94d8-bfc5813062bc	03F887BA1373B1234D42FCF9FB915768.mc.3B393CF11372B1204F98FDAAFBE6575E	Animalia	Arthropoda	Diplopoda	Spirostreptida	Pseudonannolenidae	Pseudonannolene	Pseudonannolene ophiiulus		SPECIES	Pseudonannolene ophiiulus Schubart, 1944	Pseudonannolene ophiiulus Schubart 1944	Schubart 1944	BR	Cachoeira de Emas	Sao Paulo	PRESENT	10	a064f300-1bc8-41ea-9364-b864ef4e8938	-22.001669	-47.427853			631.0				1953-01-20	20	1	1953	6185999	6185999	MATERIAL_CITATION	MZSP						CC0_1_0		J. P. de Lima			2025-11-08T05:37:46.219Z		GEODETIC_DATUM_ASSUMED_WGS84;CONTINENT_DERIVED_FROM_COORDINATES;TAXON_ID_NOT_FOUND;OCCURRENCE_STATUS_INFERRED_FROM_INDIVIDUAL_COUNT;COLLECTION_MATCH_NONE;INSTITUTION_MATCH_FUZZY
4101310199	1d2570da-e150-4d75-94d8-bfc5813062bc	03F887BA1367B1374EBAFAB0FAD650FC.mc.3B393CF11366B1344FEBFB96FAFF51AA	Animalia	Arthropoda	Diplopoda	Spirostreptida	Pseudonannolenidae	Pseudonannolene	Pseudonannolene spelaea		SPECIES	Pseudonannolene spelaea Iniesta & Ferreira, 2013	Pseudonannolene spelaea Iniesta & Ferreira 2013	Iniesta & Ferreira 2013	BR		Para	PRESENT	2	a064f300-1bc8-41ea-9364-b864ef4e8938	-6.03948	-50.16792							2008-10-07	7	10	2008	9516060	9516060	MATERIAL_CITATION	R		IBSP 7330				CC0_1_0		R. Andrade			2025-11-08T05:37:46.217Z		GEODETIC_DATUM_ASSUMED_WGS84;CONTINENT_DERIVED_FROM_COORDINATES;TAXON_ID_NOT_FOUND;OCCURRENCE_STATUS_INFERRED_FROM_INDIVIDUAL_COUNT;AMBIGUOUS_INSTITUTION
4101310197	1d2570da-e150-4d75-94d8-bfc5813062bc	03F887BA1356B1074D60FEE4FB225095.mc.3B393CF11356B1044D43FB25FE355038	Animalia	Arthropoda	Diplopoda	Spirostreptida	Pseudonannolenidae	Pseudonannolene	Pseudonannolene bucculenta		SPECIES	Pseudonannolene bucculenta Iniesta, Bouzan & Brescovit, 2023	Pseudonannolene bucculenta Iniesta, Bouzan, and Brescovit 2023	Iniesta, Bouzan, and Brescovit 2023	BR	Samuel de Paula	Minas Gerais	PRESENT	8	a064f300-1bc8-41ea-9364-b864ef4e8938	-20.001055	-43.871086			975.0				2006-10		10	2006	12224748	12224748	MATERIAL_CITATION	IBSP		IBSP 3344				CC0_1_0		de Paula & J. P. P. Pena-Barbosa			2025-11-08T05:37:46.214Z		GEODETIC_DATUM_ASSUMED_WGS84;CONTINENT_DERIVED_FROM_COORDINATES;TAXON_ID_NOT_FOUND;OCCURRENCE_STATUS_INFERRED_FROM_INDIVIDUAL_COUNT;COLLECTION_MATCH_NONE;INSTITUTION_MATCH_FUZZY
4101310196	1d2570da-e150-4d75-94d8-bfc5813062bc	03F887BA1373B1234D42FCF9FB915768.mc.3B393CF11372B1204F84FE30FB9F54C8	Animalia	Arthropoda	Diplopoda	Spirostreptida	Pseudonannolenidae	Pseudonannolene	Pseudonannolene ophiiulus		SPECIES	Pseudonannolene ophiiulus Schubart, 1944	Pseudonannolene ophiiulus Schubart 1944	Schubart 1944	BR	Cachoeira	Sao Paulo	PRESENT	14	a064f300-1bc8-41ea-9364-b864ef4e8938									1942-02-17	17	2	1942	6185999	6185999	MATERIAL_CITATION	MZSP						CC0_1_0		J. Gaspar			2025-11-08T05:37:46.212Z		CONTINENT_DERIVED_FROM_COUNTRY;TAXON_ID_NOT_FOUND;OCCURRENCE_STATUS_INFERRED_FROM_INDIVIDUAL_COUNT;COLLECTION_MATCH_NONE;INSTITUTION_MATCH_FUZZY
4101310195	1d2570da-e150-4d75-94d8-bfc5813062bc	03F887BA1369B13C4D45F916FC1A53ED.mc.3B393CF11368B13A4B9AF8F0FD025242	Animalia	Arthropoda	Diplopoda	Spirostreptida	Pseudonannolenidae	Pseudonannolene	Pseudonannolene tricolor		SPECIES	Pseudonannolene tricolor Brölemann, 1902	Pseudonannolene tricolor Brolemann 1902	Brolemann 1902	BR	Monte Verde	Minas Gerais	PRESENT	5	a064f300-1bc8-41ea-9364-b864ef4e8938	-22.865145	-46.03919			1550.0				2018-02-21	21	2	2018	1026426	1026426	MATERIAL_CITATION	IBSP		IBSP 7880				CC0_1_0		B. Challupe			2025-11-08T05:37:46.210Z		GEODETIC_DATUM_ASSUMED_WGS84;CONTINENT_DERIVED_FROM_COORDINATES;TAXON_ID_NOT_FOUND;OCCURRENCE_STATUS_INFERRED_FROM_INDIVIDUAL_COUNT;COLLECTION_MATCH_NONE;INSTITUTION_MATCH_FUZZY
4101310192	1d2570da-e150-4d75-94d8-bfc5813062bc	03F887BA1356B1074D60FEE4FB225095.mc.3B393CF11356B1044CB5FAE3FE625072	Animalia	Arthropoda	Diplopoda	Spirostreptida	Pseudonannolenidae	Pseudonannolene	Pseudonannolene bucculenta		SPECIES	Pseudonannolene bucculenta Iniesta, Bouzan & Brescovit, 2023	Pseudonannolene bucculenta Iniesta, Bouzan, and Brescovit 2023	Iniesta, Bouzan, and Brescovit 2023	BR	Samuel de Paula	Minas Gerais	PRESENT	11	a064f300-1bc8-41ea-9364-b864ef4e8938	-20.001055	-43.871086			975.0				2006-10		10	2006	12224748	12224748	MATERIAL_CITATION	IBSP		IBSP 3410				CC0_1_0		de Paula & J. P. P. Pena-Barbosa			2025-11-08T05:37:46.190Z		GEODETIC_DATUM_ASSUMED_WGS84;CONTINENT_DERIVED_FROM_COORDINATES;TAXON_ID_NOT_FOUND;OCCURRENCE_STATUS_INFERRED_FROM_INDIVIDUAL_COUNT;COLLECTION_MATCH_NONE;INSTITUTION_MATCH_FUZZY
4101310191	1d2570da-e150-4d75-94d8-bfc5813062bc	03F887BA131AB14A4D51FDA7FE6054B2.mc.3B393CF1131AB1484B05F9EAFDE7537A	Animalia	Arthropoda	Diplopoda	Spirostreptida	Pseudonannolenidae	Pseudonannolene	Pseudonannolene imbirensis		SPECIES	Pseudonannolene imbirensis Fontanetti, 1996	Pseudonannolene imbirensis Fontanetti 1996	Fontanetti 1996	BR	Grupo Espeleologico de Geologia	Goias	PRESENT	2	a064f300-1bc8-41ea-9364-b864ef4e8938	-13.400307	-46.319378			700.0				1989-04		4	1989	11693169	11693169	MATERIAL_CITATION	MZSP						CC0_1_0					2025-11-08T05:37:46.188Z		GEODETIC_DATUM_ASSUMED_WGS84;CONTINENT_DERIVED_FROM_COORDINATES;TAXON_ID_NOT_FOUND;OCCURRENCE_STATUS_INFERRED_FROM_INDIVIDUAL_COUNT;COLLECTION_MATCH_NONE;INSTITUTION_MATCH_FUZZY
4101310190	1d2570da-e150-4d75-94d8-bfc5813062bc	03F887BA131AB14A4D51FDA7FE6054B2.mc.3B393CF1131AB1484B72F88DFD9952FC	Animalia	Arthropoda	Diplopoda	Spirostreptida	Pseudonannolenidae	Pseudonannolene	Pseudonannolene imbirensis		SPECIES	Pseudonannolene imbirensis Fontanetti, 1996	Pseudonannolene imbirensis Fontanetti 1996	Fontanetti 1996	BR	cave Sao Vicente	Goias	PRESENT	3	a064f300-1bc8-41ea-9364-b864ef4e8938	-13.587311	-46.35823			626.0				2000-05-02	2	5	2000	11693169	11693169	MATERIAL_CITATION	MZSP						CC0_1_0		A. Chagas Jr & M. E. Bichuette			2025-11-08T05:37:46.184Z		GEODETIC_DATUM_ASSUMED_WGS84;CONTINENT_DERIVED_FROM_COORDINATES;TAXON_ID_NOT_FOUND;OCCURRENCE_STATUS_INFERRED_FROM_INDIVIDUAL_COUNT;COLLECTION_MATCH_NONE;INSTITUTION_MATCH_FUZZY
4101310188	1d2570da-e150-4d75-94d8-bfc5813062bc	03F887BA1367B1374EBAFAB0FAD650FC.mc.3B393CF11366B1344DFBFCF6FAF8560A	Animalia	Arthropoda	Diplopoda	Spirostreptida	Pseudonannolenidae	Pseudonannolene	Pseudonannolene spelaea		SPECIES	Pseudonannolene spelaea Iniesta & Ferreira, 2013	Pseudonannolene spelaea Iniesta & Ferreira 2013	Iniesta & Ferreira 2013	BR		Para	PRESENT	2	a064f300-1bc8-41ea-9364-b864ef4e8938	-6.367796	-50.389553							2016-03-15	15	3	2016	9516060	9516060	MATERIAL_CITATION	IBSP		IBSP 4899				CC0_1_0		Biospeleo			2025-11-08T05:37:46.167Z		GEODETIC_DATUM_ASSUMED_WGS84;CONTINENT_DERIVED_FROM_COORDINATES;TAXON_ID_NOT_FOUND;OCCURRENCE_STATUS_INFERRED_FROM_INDIVIDUAL_COUNT;COLLECTION_MATCH_NONE;INSTITUTION_MATCH_FUZZY
4101310187	1d2570da-e150-4d75-94d8-bfc5813062bc	03F887BA136CB1014D70FB4DFD9352E0.mc.3B393CF11353B1014B2CFDCFFD9157BD	Animalia	Arthropoda	Diplopoda	Spirostreptida	Pseudonannolenidae	Pseudonannolene	Pseudonannolene urbica		SPECIES	Pseudonannolene urbica Schubart, 1945	Pseudonannolene urbica Schubart 1945	Schubart 1945	BR	Parque Sao Martinho	Sao Paulo	PRESENT	1	a064f300-1bc8-41ea-9364-b864ef4e8938	-23.61428	-46.236088			814.0				2017-01-06	6	1	2017	6186006	6186006	MATERIAL_CITATION	R		IBSP 7886				CC0_1_0		Mogi das Cruzes & R. S. Bouzan			2025-11-08T05:37:46.148Z		GEODETIC_DATUM_ASSUMED_WGS84;CONTINENT_DERIVED_FROM_COORDINATES;TAXON_ID_NOT_FOUND;OCCURRENCE_STATUS_INFERRED_FROM_INDIVIDUAL_COUNT;AMBIGUOUS_INSTITUTION
4101310186	1d2570da-e150-4d75-94d8-bfc5813062bc	03F887BA1367B1374EBAFAB0FAD650FC.mc.3B393CF11366B1344D41FA78FEEC50EF	Animalia	Arthropoda	Diplopoda	Spirostreptida	Pseudonannolenidae	Pseudonannolene	Pseudonannolene spelaea		SPECIES	Pseudonannolene spelaea Iniesta & Ferreira, 2013	Pseudonannolene spelaea Iniesta & Ferreira 2013	Iniesta & Ferreira 2013	BR		Para	PRESENT	1	a064f300-1bc8-41ea-9364-b864ef4e8938	-6.07974	-50.133343							2013-12-04	4	12	2013	9516060	9516060	MATERIAL_CITATION	IBSP		IBSP 7336				CC0_1_0		Guarda			2025-11-08T05:37:46.146Z		GEODETIC_DATUM_ASSUMED_WGS84;CONTINENT_DERIVED_FROM_COORDINATES;TAXON_ID_NOT_FOUND;OCCURRENCE_STATUS_INFERRED_FROM_INDIVIDUAL_COUNT;COLLECTION_MATCH_NONE;INSTITUTION_MATCH_FUZZY
4101310185	1d2570da-e150-4d75-94d8-bfc5813062bc	03F887BA1309B15F4EA9FEE4FC055083.mc.3B393CF1130FB15D4E00FE55FB8B54EA	Animalia	Arthropoda	Diplopoda	Spirostreptida	Pseudonannolenidae	Pseudonannolene	Pseudonannolene microzoporus		SPECIES	Pseudonannolene microzoporus Mauriès, 1987	Pseudonannolene microzoporus Mauries 1987	Mauries 1987	BR		Bahia	PRESENT	2	a064f300-1bc8-41ea-9364-b864ef4e8938													1026408	1026408	MATERIAL_CITATION	IBSP		IBSP 5708				CC0_1_0					2025-11-08T05:37:46.144Z		CONTINENT_DERIVED_FROM_COUNTRY;TAXON_ID_NOT_FOUND;OCCURRENCE_STATUS_INFERRED_FROM_INDIVIDUAL_COUNT;COLLECTION_MATCH_NONE;INSTITUTION_MATCH_FUZZY
4101310184	1d2570da-e150-4d75-94d8-bfc5813062bc	03F887BA1302B1534D42FEE4FEAF50D7.mc.3B393CF11302B1504FEBFAADFC055043	Animalia	Arthropoda	Diplopoda	Spirostreptida	Pseudonannolenidae	Pseudonannolene	Pseudonannolene longicornis		SPECIES	Pseudonannolene longicornis (Porat, 1888)	Pseudonannolene longicornis (Porat 1888)	(Porat 1888)	BR	Pedra Suspensa cave	Bahia	PRESENT	1	a064f300-1bc8-41ea-9364-b864ef4e8938	-15.568625	-39.68656			180.0				2005-01-21	21	1	2005	1026402	1026402	MATERIAL_CITATION	R		ISLA 4106				CC0_1_0		R. L. Ferreira	Holotype		2025-11-08T05:37:46.125Z		GEODETIC_DATUM_ASSUMED_WGS84;CONTINENT_DERIVED_FROM_COORDINATES;TAXON_ID_NOT_FOUND;OCCURRENCE_STATUS_INFERRED_FROM_INDIVIDUAL_COUNT;AMBIGUOUS_INSTITUTION
4101310182	1d2570da-e150-4d75-94d8-bfc5813062bc	03F887BA1309B15F4EA9FEE4FC055083.mc.3B393CF1130FB15D4D2DFCB3FB765644	Animalia	Arthropoda	Diplopoda	Spirostreptida	Pseudonannolenidae	Pseudonannolene	Pseudonannolene microzoporus		SPECIES	Pseudonannolene microzoporus Mauriès, 1987	Pseudonannolene microzoporus Mauries 1987	Mauries 1987	BR		Bahia	PRESENT	1	a064f300-1bc8-41ea-9364-b864ef4e8938													1026408	1026408	MATERIAL_CITATION	IBSP		IBSP 5721				CC0_1_0					2025-11-08T05:37:46.120Z		CONTINENT_DERIVED_FROM_COUNTRY;TAXON_ID_NOT_FOUND;OCCURRENCE_STATUS_INFERRED_FROM_INDIVIDUAL_COUNT;COLLECTION_MATCH_NONE;INSTITUTION_MATCH_FUZZY
4101310181	1d2570da-e150-4d75-94d8-bfc5813062bc	03F887BA1371B1224D74FD91FED55297.mc.3B393CF11371B1234FEBF861FC225299	Animalia	Arthropoda	Diplopoda	Spirostreptida	Pseudonannolenidae	Pseudonannolene	Pseudonannolene parvula		SPECIES	Pseudonannolene parvula Silvestri, 1902	Pseudonannolene parvula Silvestri 1902	Silvestri 1902	BR	Parque Nacional do Iguacu	Parana	PRESENT	1	a064f300-1bc8-41ea-9364-b864ef4e8938	-25.500435	-54.58335			195.0				2002-03-03	3	3	2002	1026412	1026412	MATERIAL_CITATION	IBSP		IBSP 1955				CC0_1_0		Equipe Biota			2025-11-08T05:37:46.118Z		GEODETIC_DATUM_ASSUMED_WGS84;CONTINENT_DERIVED_FROM_COORDINATES;TAXON_ID_NOT_FOUND;OCCURRENCE_STATUS_INFERRED_FROM_INDIVIDUAL_COUNT;COLLECTION_MATCH_NONE;INSTITUTION_MATCH_FUZZY
4101310180	1d2570da-e150-4d75-94d8-bfc5813062bc	03F887BA131AB14A4D51FDA7FE6054B2.mc.3B393CF1131AB1484D76F844FB0A52FC	Animalia	Arthropoda	Diplopoda	Spirostreptida	Pseudonannolenidae	Pseudonannolene	Pseudonannolene imbirensis		SPECIES	Pseudonannolene imbirensis Fontanetti, 1996	Pseudonannolene imbirensis Fontanetti 1996	Fontanetti 1996	BR	cave Sao Vicente	Goias	PRESENT	5	a064f300-1bc8-41ea-9364-b864ef4e8938	-13.587311	-46.35823			626.0				2000-05-02	2	5	2000	11693169	11693169	MATERIAL_CITATION	MZSP						CC0_1_0		A. Chagas Jr & M. E. Bichuette			2025-11-08T05:37:46.116Z		GEODETIC_DATUM_ASSUMED_WGS84;CONTINENT_DERIVED_FROM_COORDINATES;TAXON_ID_NOT_FOUND;OCCURRENCE_STATUS_INFERRED_FROM_INDIVIDUAL_COUNT;COLLECTION_MATCH_NONE;INSTITUTION_MATCH_FUZZY
4101310179	1d2570da-e150-4d75-94d8-bfc5813062bc	03F887BA1309B15F4EA9FEE4FC055083.mc.3B393CF11308B15A4FEBFE3EFD53572E	Animalia	Arthropoda	Diplopoda	Spirostreptida	Pseudonannolenidae	Pseudonannolene	Pseudonannolene microzoporus		SPECIES	Pseudonannolene microzoporus Mauriès, 1987	Pseudonannolene microzoporus Mauries 1987	Mauries 1987	BR	Taboa cave	Minas Gerais	PRESENT	1	a064f300-1bc8-41ea-9364-b864ef4e8938	-19.495667	-44.282497							2005-03-15	15	3	2005	1026408	1026408	MATERIAL_CITATION	R		ISLA 4129				CC0_1_0		R. L. Ferreira	Holotype		2025-11-08T05:37:45.994Z		GEODETIC_DATUM_ASSUMED_WGS84;CONTINENT_DERIVED_FROM_COORDINATES;TAXON_ID_NOT_FOUND;OCCURRENCE_STATUS_INFERRED_FROM_INDIVIDUAL_COUNT;AMBIGUOUS_INSTITUTION
4101310178	1d2570da-e150-4d75-94d8-bfc5813062bc	03F887BA1373B1234D42FCF9FB915768.mc.3B393CF11372B1204BAFFE9FFC67548E	Animalia	Arthropoda	Diplopoda	Spirostreptida	Pseudonannolenidae	Pseudonannolene	Pseudonannolene ophiiulus		SPECIES	Pseudonannolene ophiiulus Schubart, 1944	Pseudonannolene ophiiulus Schubart 1944	Schubart 1944	BR	Estacao Experimental de Pirassununga	Sao Paulo	PRESENT	1	a064f300-1bc8-41ea-9364-b864ef4e8938									1940-01-31	31	1	1940	6185999	6185999	MATERIAL_CITATION	MZSP						CC0_1_0		O. Schubart			2025-11-08T05:37:45.996Z		CONTINENT_DERIVED_FROM_COUNTRY;TAXON_ID_NOT_FOUND;OCCURRENCE_STATUS_INFERRED_FROM_INDIVIDUAL_COUNT;COLLECTION_MATCH_NONE;INSTITUTION_MATCH_FUZZY
4101310177	1d2570da-e150-4d75-94d8-bfc5813062bc	03F887BA1315B1484D45F9EEFC01571A.mc.3B393CF1131BB1494B51FEA3FC8F54B3	Animalia	Arthropoda	Diplopoda	Spirostreptida	Pseudonannolenidae	Pseudonannolene	Pseudonannolene halophila		SPECIES	Pseudonannolene halophila Schubart, 1949	Pseudonannolene halophila Schubart 1949	Schubart 1949	BR	Ilha Porchat	Sao Paulo	PRESENT	1	a064f300-1bc8-41ea-9364-b864ef4e8938	-23.97711	-46.371616			9.0				1961-01-24	24	1	1961	6186012	6186012	MATERIAL_CITATION	MZSP						CC0_1_0		O. Schubart			2025-11-08T05:37:45.997Z		GEODETIC_DATUM_ASSUMED_WGS84;CONTINENT_DERIVED_FROM_COORDINATES;TAXON_ID_NOT_FOUND;OCCURRENCE_STATUS_INFERRED_FROM_INDIVIDUAL_COUNT;COLLECTION_MATCH_NONE;INSTITUTION_MATCH_FUZZY
4101310175	1d2570da-e150-4d75-94d8-bfc5813062bc	03F887BA132FB17F4EB3FCD4FDA5561E.mc.3B393CF1132EB17C4D42FD03FDC15613	Animalia	Arthropoda	Diplopoda	Spirostreptida	Pseudonannolenidae	Pseudonannolene	Pseudonannolene caatinga		SPECIES	Pseudonannolene caatinga Iniesta & Ferreira, 2014	Pseudonannolene caatinga Iniesta & Ferreira 2014	Iniesta & Ferreira 2014	BR	Caetite	Bahia	PRESENT	5	a064f300-1bc8-41ea-9364-b864ef4e8938	-14.066228	-42.486908							2008-12-08	8	12	2008	8682135	8682135	MATERIAL_CITATION	IBSP		IBSP 5787				CC0_1_0		Andrade			2025-11-08T05:37:45.990Z		GEODETIC_DATUM_ASSUMED_WGS84;CONTINENT_DERIVED_FROM_COORDINATES;TAXON_ID_NOT_FOUND;OCCURRENCE_STATUS_INFERRED_FROM_INDIVIDUAL_COUNT;COLLECTION_MATCH_NONE;INSTITUTION_MATCH_FUZZY
4101310174	1d2570da-e150-4d75-94d8-bfc5813062bc	03F887BA1369B13C4D45F916FC1A53ED.mc.3B393CF1136FB13D4D67FAA0FAB45058	Animalia	Arthropoda	Diplopoda	Spirostreptida	Pseudonannolenidae	Pseudonannolene	Pseudonannolene tricolor		SPECIES	Pseudonannolene tricolor Brölemann, 1902	Pseudonannolene tricolor Brolemann 1902	Brolemann 1902	BR	Fazenda Pedra Branca	Sao Paulo	PRESENT	2	a064f300-1bc8-41ea-9364-b864ef4e8938									1942-02-15	15	2	1942	1026426	1026426	MATERIAL_CITATION	MZSP						CC0_1_0		J. Gaspar			2025-11-08T05:37:45.987Z		CONTINENT_DERIVED_FROM_COUNTRY;TAXON_ID_NOT_FOUND;OCCURRENCE_STATUS_INFERRED_FROM_INDIVIDUAL_COUNT;COLLECTION_MATCH_NONE;INSTITUTION_MATCH_FUZZY
4101310173	1d2570da-e150-4d75-94d8-bfc5813062bc	03F887BA1309B15F4EA9FEE4FC055083.mc.3B393CF1130FB15D4BA1F98AFD58539A	Animalia	Arthropoda	Diplopoda	Spirostreptida	Pseudonannolenidae	Pseudonannolene	Pseudonannolene microzoporus		SPECIES	Pseudonannolene microzoporus Mauriès, 1987	Pseudonannolene microzoporus Mauries 1987	Mauries 1987	BR		Bahia	PRESENT	1	a064f300-1bc8-41ea-9364-b864ef4e8938									2011-02-08	8	2	2011	1026408	1026408	MATERIAL_CITATION	IBSP		IBSP 5668				CC0_1_0					2025-11-08T05:37:45.985Z		CONTINENT_DERIVED_FROM_COUNTRY;TAXON_ID_NOT_FOUND;OCCURRENCE_STATUS_INFERRED_FROM_INDIVIDUAL_COUNT;COLLECTION_MATCH_NONE;INSTITUTION_MATCH_FUZZY
4101310172	1d2570da-e150-4d75-94d8-bfc5813062bc	03F887BA1309B15F4EA9FEE4FC055083.mc.3B393CF1130FB15D4D0EF893FDA95283	Animalia	Arthropoda	Diplopoda	Spirostreptida	Pseudonannolenidae	Pseudonannolene	Pseudonannolene microzoporus		SPECIES	Pseudonannolene microzoporus Mauriès, 1987	Pseudonannolene microzoporus Mauries 1987	Mauries 1987	BR		Bahia	PRESENT	1	a064f300-1bc8-41ea-9364-b864ef4e8938									2011-06-28	28	6	2011	1026408	1026408	MATERIAL_CITATION	IBSP		IBSP 5669				CC0_1_0					2025-11-08T05:37:45.981Z		CONTINENT_DERIVED_FROM_COUNTRY;TAXON_ID_NOT_FOUND;OCCURRENCE_STATUS_INFERRED_FROM_INDIVIDUAL_COUNT;COLLECTION_MATCH_NONE;INSTITUTION_MATCH_FUZZY
4101310171	1d2570da-e150-4d75-94d8-bfc5813062bc	03F887BA1371B1224D74FD91FED55297.mc.3B393CF11371B1234B57F8A4FDDD52BA	Animalia	Arthropoda	Diplopoda	Spirostreptida	Pseudonannolenidae	Pseudonannolene	Pseudonannolene parvula		SPECIES	Pseudonannolene parvula Silvestri, 1902	Pseudonannolene parvula Silvestri 1902	Silvestri 1902	BR	Parque Nacional do Iguacu	Parana	PRESENT	1	a064f300-1bc8-41ea-9364-b864ef4e8938	-25.500435	-54.58335			195.0				2002-03-03	3	3	2002	1026412	1026412	MATERIAL_CITATION	IBSP		IBSP 1960				CC0_1_0		Equipe Biota			2025-11-08T05:37:45.983Z		GEODETIC_DATUM_ASSUMED_WGS84;CONTINENT_DERIVED_FROM_COORDINATES;TAXON_ID_NOT_FOUND;OCCURRENCE_STATUS_INFERRED_FROM_INDIVIDUAL_COUNT;COLLECTION_MATCH_NONE;INSTITUTION_MATCH_FUZZY
4101310169	1d2570da-e150-4d75-94d8-bfc5813062bc	03F887BA1306B1564D40FB75FC835700.mc.3B393CF11305B1574FEBFEA3FD0D54B3	Animalia	Arthropoda	Diplopoda	Spirostreptida	Pseudonannolenidae	Pseudonannolene	Pseudonannolene maritima		SPECIES	Pseudonannolene maritima Schubart, 1949	Pseudonannolene maritima Schubart 1949	Schubart 1949	BR	Ilha da Queimada Grande	Sao Paulo	PRESENT	9	a064f300-1bc8-41ea-9364-b864ef4e8938	-24.487923	-46.674156							1947-04-14	14	4	1947	6186005	6186005	MATERIAL_CITATION	MZSP						CC0_1_0		Expedicao A. Hoge			2025-11-08T05:37:45.976Z		GEODETIC_DATUM_ASSUMED_WGS84;CONTINENT_DERIVED_FROM_COORDINATES;TAXON_ID_NOT_FOUND;OCCURRENCE_STATUS_INFERRED_FROM_INDIVIDUAL_COUNT;COLLECTION_MATCH_NONE;INSTITUTION_MATCH_FUZZY
4101310168	1d2570da-e150-4d75-94d8-bfc5813062bc	03F887BA132DB17E4D5CFCA9FC3D53AC.mc.3B393CF1132DB17F4B1AF974FD9D53EA	Animalia	Arthropoda	Diplopoda	Spirostreptida	Pseudonannolenidae	Pseudonannolene	Pseudonannolene callipyge		SPECIES	Pseudonannolene callipyge Brölemann, 1902	Pseudonannolene callipyge Brolemann 1902	Brolemann 1902	BR	Abismo do Sumidouro Sem Nome	Parana	PRESENT	1	a064f300-1bc8-41ea-9364-b864ef4e8938	-24.76667	-48.839447			362.0				2017-12-08	8	12	2017	1026425	1026425	MATERIAL_CITATION	IBSP		IBSP 7615				CC0_1_0		C. Attems & Souza & L. F. M. Iniesta			2025-11-08T05:37:45.974Z		GEODETIC_DATUM_ASSUMED_WGS84;CONTINENT_DERIVED_FROM_COORDINATES;TAXON_ID_NOT_FOUND;OCCURRENCE_STATUS_INFERRED_FROM_INDIVIDUAL_COUNT;COLLECTION_MATCH_NONE;INSTITUTION_MATCH_FUZZY
4101310166	1d2570da-e150-4d75-94d8-bfc5813062bc	03F887BA137CB1304EACFD5CFB445752.mc.3B393CF1137CB1314E47F820FE79541D	Animalia	Arthropoda	Diplopoda	Spirostreptida	Pseudonannolenidae	Pseudonannolene	Pseudonannolene sebastianus		SPECIES	Pseudonannolene sebastianus Brölemann, 1902	Pseudonannolene sebastianus Brolemann 1902	Brolemann 1902	BR	Ilha da Pesca	Sao Paulo	PRESENT	16	a064f300-1bc8-41ea-9364-b864ef4e8938									1994-09-02	2	9	1994	6186003	6186003	MATERIAL_CITATION	IBSP		IBSP 1117				CC0_1_0		C. F. Vieira & A. Eterovic			2025-11-08T05:37:45.972Z		CONTINENT_DERIVED_FROM_COUNTRY;TAXON_ID_NOT_FOUND;OCCURRENCE_STATUS_INFERRED_FROM_INDIVIDUAL_COUNT;COLLECTION_MATCH_NONE;INSTITUTION_MATCH_FUZZY
4101310165	1d2570da-e150-4d75-94d8-bfc5813062bc	03F887BA130BB1584D75FB43FAF3524B.mc.3B393CF1130AB1584FEBFEC1FD695455	Animalia	Arthropoda	Diplopoda	Spirostreptida	Pseudonannolenidae	Pseudonannolene	Pseudonannolene mesai		SPECIES	Pseudonannolene mesai Fontanetti, 2000	Pseudonannolene mesai Fontanetti 2000	Fontanetti 2000	BR	Estacao Biologica de Boraceia	Sao Paulo	PRESENT	1	a064f300-1bc8-41ea-9364-b864ef4e8938	-23.633125	-45.882183			943.0				2001-05		5	2001	9424035	9424035	MATERIAL_CITATION	IBSP						CC0_1_0		Equipe Biota			2025-11-08T05:37:45.966Z		GEODETIC_DATUM_ASSUMED_WGS84;CONTINENT_DERIVED_FROM_COORDINATES;TAXON_ID_NOT_FOUND;OCCURRENCE_STATUS_INFERRED_FROM_INDIVIDUAL_COUNT;COLLECTION_MATCH_NONE;INSTITUTION_MATCH_FUZZY
4101310163	1d2570da-e150-4d75-94d8-bfc5813062bc	03F887BA1309B15F4EA9FEE4FC055083.mc.3B393CF1130FB15D4D8BFB70FAFE5189	Animalia	Arthropoda	Diplopoda	Spirostreptida	Pseudonannolenidae	Pseudonannolene	Pseudonannolene microzoporus		SPECIES	Pseudonannolene microzoporus Mauriès, 1987	Pseudonannolene microzoporus Mauries 1987	Mauries 1987	BR		Bahia	PRESENT	1	a064f300-1bc8-41ea-9364-b864ef4e8938									2011-02-08	8	2	2011	1026408	1026408	MATERIAL_CITATION	IBSP		IBSP 5687				CC0_1_0					2025-11-08T05:37:45.962Z		CONTINENT_DERIVED_FROM_COUNTRY;TAXON_ID_NOT_FOUND;OCCURRENCE_STATUS_INFERRED_FROM_INDIVIDUAL_COUNT;COLLECTION_MATCH_NONE;INSTITUTION_MATCH_FUZZY
4101310162	1d2570da-e150-4d75-94d8-bfc5813062bc	03F887BA1369B13C4D45F916FC1A53ED.mc.3B393CF1136FB13D4B6CFBBAFCB151AD	Animalia	Arthropoda	Diplopoda	Spirostreptida	Pseudonannolenidae	Pseudonannolene	Pseudonannolene tricolor		SPECIES	Pseudonannolene tricolor Brölemann, 1902	Pseudonannolene tricolor Brolemann 1902	Brolemann 1902	BR	Cachoeira	Sao Paulo	PRESENT	1	a064f300-1bc8-41ea-9364-b864ef4e8938									1939-01-08	8	1	1939	1026426	1026426	MATERIAL_CITATION	MZSP						CC0_1_0		O. Schubart			2025-11-08T05:37:45.964Z		CONTINENT_DERIVED_FROM_COUNTRY;TAXON_ID_NOT_FOUND;OCCURRENCE_STATUS_INFERRED_FROM_INDIVIDUAL_COUNT;COLLECTION_MATCH_NONE;INSTITUTION_MATCH_FUZZY
4101310161	1d2570da-e150-4d75-94d8-bfc5813062bc	03F887BA1369B13C4D45F916FC1A53ED.mc.3B393CF11368B13A4CC1F914FB2A5208	Animalia	Arthropoda	Diplopoda	Spirostreptida	Pseudonannolenidae	Pseudonannolene	Pseudonannolene tricolor		SPECIES	Pseudonannolene tricolor Brölemann, 1902	Pseudonannolene tricolor Brolemann 1902	Brolemann 1902	BR	Monte Verde	Minas Gerais	PRESENT	5	a064f300-1bc8-41ea-9364-b864ef4e8938	-22.865145	-46.03919			1550.0				2018-02-21	21	2	2018	1026426	1026426	MATERIAL_CITATION	IBSP		IBSP 7880				CC0_1_0		B. Challupe			2025-11-08T05:37:45.939Z		GEODETIC_DATUM_ASSUMED_WGS84;CONTINENT_DERIVED_FROM_COORDINATES;TAXON_ID_NOT_FOUND;OCCURRENCE_STATUS_INFERRED_FROM_INDIVIDUAL_COUNT;COLLECTION_MATCH_NONE;INSTITUTION_MATCH_FUZZY
4101310160	1d2570da-e150-4d75-94d8-bfc5813062bc	03F887BA1321B1724D58FEE4FBC35029.mc.3B393CF11321B1734FEBFAE9FBEF5021	Animalia	Arthropoda	Diplopoda	Spirostreptida	Pseudonannolenidae	Pseudonannolene	Pseudonannolene albiventris		SPECIES	Pseudonannolene albiventris Schubart, 1952	Pseudonannolene albiventris Schubart 1952	Schubart 1952	BR	Sao Paulo	Sao Paulo	PRESENT	2	a064f300-1bc8-41ea-9364-b864ef4e8938	-22.129297	-47.662636			665.0				1944-03-07	7	3	1944	6185997	6185997	MATERIAL_CITATION	MZSP		MZSP 1007				CC0_1_0		O. Schubart	Holotype		2025-11-08T05:37:45.937Z		GEODETIC_DATUM_ASSUMED_WGS84;CONTINENT_DERIVED_FROM_COORDINATES;TAXON_ID_NOT_FOUND;OCCURRENCE_STATUS_INFERRED_FROM_INDIVIDUAL_COUNT;COLLECTION_MATCH_NONE;INSTITUTION_MATCH_FUZZY
4101310159	1d2570da-e150-4d75-94d8-bfc5813062bc	03F887BA1306B1564D40FB75FC835700.mc.3B393CF11305B1574FEBFCDBFDBE564B	Animalia	Arthropoda	Diplopoda	Spirostreptida	Pseudonannolenidae	Pseudonannolene	Pseudonannolene maritima		SPECIES	Pseudonannolene maritima Schubart, 1949	Pseudonannolene maritima Schubart 1949	Schubart 1949	BR	Itatins	Sao Paulo	PRESENT	2	a064f300-1bc8-41ea-9364-b864ef4e8938	-24.380787	-47.078907			16.0				1998-12		12	1998	6186005	6186005	MATERIAL_CITATION	IBSP		IBSP 979				CC0_1_0		A. D. Brescovit			2025-11-08T05:37:45.925Z		GEODETIC_DATUM_ASSUMED_WGS84;CONTINENT_DERIVED_FROM_COORDINATES;TAXON_ID_NOT_FOUND;OCCURRENCE_STATUS_INFERRED_FROM_INDIVIDUAL_COUNT;COLLECTION_MATCH_NONE;INSTITUTION_MATCH_FUZZY
4101310158	1d2570da-e150-4d75-94d8-bfc5813062bc	03F887BA1309B15F4EA9FEE4FC055083.mc.3B393CF11308B15A4A17F8E0FD605274	Animalia	Arthropoda	Diplopoda	Spirostreptida	Pseudonannolenidae	Pseudonannolene	Pseudonannolene microzoporus		SPECIES	Pseudonannolene microzoporus Mauriès, 1987	Pseudonannolene microzoporus Mauries 1987	Mauries 1987	BR	Mocambeiro	Bahia	PRESENT	1	a064f300-1bc8-41ea-9364-b864ef4e8938	-19.535425	-44.026974							2011-04-04	4	4	2011	1026408	1026408	MATERIAL_CITATION	IBSP		IBSP 5738				CC0_1_0		F. P. Franco			2025-11-08T05:37:45.920Z		GEODETIC_DATUM_ASSUMED_WGS84;CONTINENT_DERIVED_FROM_COORDINATES;TAXON_ID_NOT_FOUND;OCCURRENCE_STATUS_INFERRED_FROM_INDIVIDUAL_COUNT;COLLECTION_MATCH_NONE;INSTITUTION_MATCH_FUZZY
4101310157	1d2570da-e150-4d75-94d8-bfc5813062bc	03F887BA131EB14E4EA1F88FFBC05194.mc.3B393CF1131DB14F4DFAFB4EFAED5182	Animalia	Arthropoda	Diplopoda	Spirostreptida	Pseudonannolenidae	Pseudonannolene	Pseudonannolene leucocephalus		SPECIES	Pseudonannolene leucocephalus Schubart, 1944	Pseudonannolene leucocephalus Schubart 1944	Schubart 1944	BR	Usina Mogi-Guacu	Sao Paulo	PRESENT	3	a064f300-1bc8-41ea-9364-b864ef4e8938	-22.432213	-46.95087			623.0				1941-10-12	12	10	1941	6186009	6186009	MATERIAL_CITATION	MZSP		MZSP 1060				CC0_1_0		J. Gaspar			2025-11-08T05:37:45.924Z		GEODETIC_DATUM_ASSUMED_WGS84;CONTINENT_DERIVED_FROM_COORDINATES;TAXON_ID_NOT_FOUND;OCCURRENCE_STATUS_INFERRED_FROM_INDIVIDUAL_COUNT;COLLECTION_MATCH_NONE;INSTITUTION_MATCH_FUZZY
4101310155	1d2570da-e150-4d75-94d8-bfc5813062bc	03F887BA1369B13C4D45F916FC1A53ED.mc.3B393CF1136FB13D4F98FAEAFC1C501E	Animalia	Arthropoda	Diplopoda	Spirostreptida	Pseudonannolenidae	Pseudonannolene	Pseudonannolene tricolor		SPECIES	Pseudonannolene tricolor Brölemann, 1902	Pseudonannolene tricolor Brolemann 1902	Brolemann 1902	BR	Emas	Sao Paulo	PRESENT	1	a064f300-1bc8-41ea-9364-b864ef4e8938									1940-12-01	1	12	1940	1026426	1026426	MATERIAL_CITATION	MZSP						CC0_1_0		O. Schubart			2025-11-08T05:37:45.916Z		CONTINENT_DERIVED_FROM_COUNTRY;TAXON_ID_NOT_FOUND;OCCURRENCE_STATUS_INFERRED_FROM_INDIVIDUAL_COUNT;COLLECTION_MATCH_NONE;INSTITUTION_MATCH_FUZZY
4101310153	1d2570da-e150-4d75-94d8-bfc5813062bc	03F887BA132DB17E4D5CFCA9FC3D53AC.mc.3B393CF1132DB17F4F99F8ACFCD55264	Animalia	Arthropoda	Diplopoda	Spirostreptida	Pseudonannolenidae	Pseudonannolene	Pseudonannolene callipyge		SPECIES	Pseudonannolene callipyge Brölemann, 1902	Pseudonannolene callipyge Brolemann 1902	Brolemann 1902	BR	cave Straube	Parana	PRESENT	1	a064f300-1bc8-41ea-9364-b864ef4e8938					362.0				2017-12-09	9	12	2017	1026425	1026425	MATERIAL_CITATION	IBSP		IBSP 7621				CC0_1_0		C. Attems & Souza & L. F. M. Iniesta			2025-11-08T05:37:45.912Z		CONTINENT_DERIVED_FROM_COUNTRY;TAXON_ID_NOT_FOUND;OCCURRENCE_STATUS_INFERRED_FROM_INDIVIDUAL_COUNT;COLLECTION_MATCH_NONE;INSTITUTION_MATCH_FUZZY
4101310152	1d2570da-e150-4d75-94d8-bfc5813062bc	03F887BA1306B1564D40FB75FC835700.mc.3B393CF11305B1574FBCFEE5FAC65478	Animalia	Arthropoda	Diplopoda	Spirostreptida	Pseudonannolenidae	Pseudonannolene	Pseudonannolene maritima		SPECIES	Pseudonannolene maritima Schubart, 1949	Pseudonannolene maritima Schubart 1949	Schubart 1949	BR	Sao Paulo	Sao Paulo	PRESENT	1	a064f300-1bc8-41ea-9364-b864ef4e8938	-24.489199	-46.674305			100.0				1947-09-30	30	9	1947	6186005	6186005	MATERIAL_CITATION	MZSP						CC0_1_0		Expedicao A. Hoge	Paratype		2025-11-08T05:37:45.892Z		GEODETIC_DATUM_ASSUMED_WGS84;CONTINENT_DERIVED_FROM_COORDINATES;TAXON_ID_NOT_FOUND;OCCURRENCE_STATUS_INFERRED_FROM_INDIVIDUAL_COUNT;COLLECTION_MATCH_NONE;INSTITUTION_MATCH_FUZZY
4101310150	1d2570da-e150-4d75-94d8-bfc5813062bc	03F887BA1321B1724D58FEE4FBC35029.mc.3B393CF11321B1734F87FA82FCB750B6	Animalia	Arthropoda	Diplopoda	Spirostreptida	Pseudonannolenidae	Pseudonannolene	Pseudonannolene albiventris		SPECIES	Pseudonannolene albiventris Schubart, 1952	Pseudonannolene albiventris Schubart 1952	Schubart 1952	BR	Piracicaba	Sao Paulo	PRESENT	1	a064f300-1bc8-41ea-9364-b864ef4e8938	-22.735151	-47.647892			532.0				1949-10-24	24	10	1949	6185997	6185997	MATERIAL_CITATION	MZSP						CC0_1_0		F. P. Monteiro			2025-11-08T05:37:45.891Z		GEODETIC_DATUM_ASSUMED_WGS84;CONTINENT_DERIVED_FROM_COORDINATES;TAXON_ID_NOT_FOUND;OCCURRENCE_STATUS_INFERRED_FROM_INDIVIDUAL_COUNT;COLLECTION_MATCH_NONE;INSTITUTION_MATCH_FUZZY
4101310149	1d2570da-e150-4d75-94d8-bfc5813062bc	03F887BA1356B1074D60FEE4FB225095.mc.3B393CF11356B1044D85FA95FF625088	Animalia	Arthropoda	Diplopoda	Spirostreptida	Pseudonannolenidae	Pseudonannolene	Pseudonannolene bucculenta		SPECIES	Pseudonannolene bucculenta Iniesta, Bouzan & Brescovit, 2023	Pseudonannolene bucculenta Iniesta, Bouzan, and Brescovit 2023	Iniesta, Bouzan, and Brescovit 2023	BR	Samuel de Paula	Minas Gerais	PRESENT	5	a064f300-1bc8-41ea-9364-b864ef4e8938	-20.001055	-43.871086			975.0				2006-10		10	2006	12224748	12224748	MATERIAL_CITATION	IBSP		IBSP 3426				CC0_1_0		de Paula & J. P. P. Pena-Barbosa			2025-11-08T05:37:45.889Z		GEODETIC_DATUM_ASSUMED_WGS84;CONTINENT_DERIVED_FROM_COORDINATES;TAXON_ID_NOT_FOUND;OCCURRENCE_STATUS_INFERRED_FROM_INDIVIDUAL_COUNT;COLLECTION_MATCH_NONE;INSTITUTION_MATCH_FUZZY
4101310147	1d2570da-e150-4d75-94d8-bfc5813062bc	03F887BA132FB17F4EB3FCD4FDA5561E.mc.3B393CF1132EB17C4D22FC96FE605689	Animalia	Arthropoda	Diplopoda	Spirostreptida	Pseudonannolenidae	Pseudonannolene	Pseudonannolene caatinga		SPECIES	Pseudonannolene caatinga Iniesta & Ferreira, 2014	Pseudonannolene caatinga Iniesta & Ferreira 2014	Iniesta & Ferreira 2014	BR	Caetite	Bahia	PRESENT	3	a064f300-1bc8-41ea-9364-b864ef4e8938	-14.066228	-42.486908							2008-12-08	8	12	2008	8682135	8682135	MATERIAL_CITATION	IBSP		IBSP 5792				CC0_1_0		Andrade			2025-11-08T05:37:45.885Z		GEODETIC_DATUM_ASSUMED_WGS84;CONTINENT_DERIVED_FROM_COORDINATES;TAXON_ID_NOT_FOUND;OCCURRENCE_STATUS_INFERRED_FROM_INDIVIDUAL_COUNT;COLLECTION_MATCH_NONE;INSTITUTION_MATCH_FUZZY
4101310142	1d2570da-e150-4d75-94d8-bfc5813062bc	03F887BA1310B1454EA2FC15FC77528B.mc.3B393CF11317B1454A17FEA2FC9454B5	Animalia	Arthropoda	Diplopoda	Spirostreptida	Pseudonannolenidae	Pseudonannolene	Pseudonannolene erikae		SPECIES	Pseudonannolene erikae Iniesta & Ferreira, 2014	Pseudonannolene erikae Iniesta & Ferreira 2014	Iniesta & Ferreira 2014	BR	Sao Jose da Lapa	Minas Gerais	PRESENT	1	a064f300-1bc8-41ea-9364-b864ef4e8938	-19.69921	-43.95831			732.0				2012-12-17	17	12	2012	8568561	8568561	MATERIAL_CITATION	IBSP		IBSP 7609				CC0_1_0		Bueno			2025-11-08T05:37:45.877Z		GEODETIC_DATUM_ASSUMED_WGS84;CONTINENT_DERIVED_FROM_COORDINATES;TAXON_ID_NOT_FOUND;OCCURRENCE_STATUS_INFERRED_FROM_INDIVIDUAL_COUNT;COLLECTION_MATCH_NONE;INSTITUTION_MATCH_FUZZY
4101310141	1d2570da-e150-4d75-94d8-bfc5813062bc	03F887BA137CB1304EACFD5CFB445752.mc.3B393CF11363B1314E0CFD43FA8D57F7	Animalia	Arthropoda	Diplopoda	Spirostreptida	Pseudonannolenidae	Pseudonannolene	Pseudonannolene sebastianus		SPECIES	Pseudonannolene sebastianus Brölemann, 1902	Pseudonannolene sebastianus Brolemann 1902	Brolemann 1902	BR	Ilha Anchieta	Sao Paulo	PRESENT	2	a064f300-1bc8-41ea-9364-b864ef4e8938	-23.550426	-45.066635			162.0				2001-07-23	23	7	2001	6186003	6186003	MATERIAL_CITATION	IBSP		IBSP 1403				CC0_1_0		Equipe Biota			2025-11-08T05:37:45.858Z		GEODETIC_DATUM_ASSUMED_WGS84;CONTINENT_DERIVED_FROM_COORDINATES;TAXON_ID_NOT_FOUND;OCCURRENCE_STATUS_INFERRED_FROM_INDIVIDUAL_COUNT;COLLECTION_MATCH_NONE;INSTITUTION_MATCH_FUZZY
4101310138	1d2570da-e150-4d75-94d8-bfc5813062bc	03F887BA1316B1474E87FEE4FAEF50E2.mc.3B393CF11316B1444EB9F964FF6253F8	Animalia	Arthropoda	Diplopoda	Spirostreptida	Pseudonannolenidae	Pseudonannolene	Pseudonannolene fontanettiae		SPECIES	Pseudonannolene fontanettiae Iniesta & Ferreira, 2014	Pseudonannolene fontanettiae Iniesta & Ferreira 2014	Iniesta & Ferreira 2014	BR	Sete Lagoas	Minas Gerais	PRESENT	1	a064f300-1bc8-41ea-9364-b864ef4e8938	-19.457188	-44.236374			775.0				2014-03-13	13	3	2014	8446495	8446495	MATERIAL_CITATION	ILCOM		IBSP 7084				CC0_1_0		Equipe Carste			2025-11-08T05:37:45.851Z		GEODETIC_DATUM_ASSUMED_WGS84;CONTINENT_DERIVED_FROM_COORDINATES;TAXON_ID_NOT_FOUND;OCCURRENCE_STATUS_INFERRED_FROM_INDIVIDUAL_COUNT;INSTITUTION_MATCH_NONE
4101310137	1d2570da-e150-4d75-94d8-bfc5813062bc	03F887BA1309B15F4EA9FEE4FC055083.mc.3B393CF1130FB15D4B7CFE55FE7354C9	Animalia	Arthropoda	Diplopoda	Spirostreptida	Pseudonannolenidae	Pseudonannolene	Pseudonannolene microzoporus		SPECIES	Pseudonannolene microzoporus Mauriès, 1987	Pseudonannolene microzoporus Mauries 1987	Mauries 1987	BR		Bahia	PRESENT	1	a064f300-1bc8-41ea-9364-b864ef4e8938													1026408	1026408	MATERIAL_CITATION	IBSP		IBSP 5709				CC0_1_0					2025-11-08T05:37:45.849Z		CONTINENT_DERIVED_FROM_COUNTRY;TAXON_ID_NOT_FOUND;OCCURRENCE_STATUS_INFERRED_FROM_INDIVIDUAL_COUNT;COLLECTION_MATCH_NONE;INSTITUTION_MATCH_FUZZY
4101310136	1d2570da-e150-4d75-94d8-bfc5813062bc	03F887BA1309B15F4EA9FEE4FC055083.mc.3B393CF1130FB15D4A57FAEAFC44507A	Animalia	Arthropoda	Diplopoda	Spirostreptida	Pseudonannolenidae	Pseudonannolene	Pseudonannolene microzoporus		SPECIES	Pseudonannolene microzoporus Mauriès, 1987	Pseudonannolene microzoporus Mauries 1987	Mauries 1987	BR		Bahia	PRESENT	1	a064f300-1bc8-41ea-9364-b864ef4e8938									2011-02-08	8	2	2011	1026408	1026408	MATERIAL_CITATION	IBSP		IBSP 5692				CC0_1_0					2025-11-08T05:37:45.847Z		CONTINENT_DERIVED_FROM_COUNTRY;TAXON_ID_NOT_FOUND;OCCURRENCE_STATUS_INFERRED_FROM_INDIVIDUAL_COUNT;COLLECTION_MATCH_NONE;INSTITUTION_MATCH_FUZZY
4101310135	1d2570da-e150-4d75-94d8-bfc5813062bc	03F887BA1309B15F4EA9FEE4FC055083.mc.3B393CF11308B15A4FEBFE82FCA15495	Animalia	Arthropoda	Diplopoda	Spirostreptida	Pseudonannolenidae	Pseudonannolene	Pseudonannolene microzoporus		SPECIES	Pseudonannolene microzoporus Mauriès, 1987	Pseudonannolene microzoporus Mauries 1987	Mauries 1987	BR	Rei do Mato cave	Minas Gerais	PRESENT	1	a064f300-1bc8-41ea-9364-b864ef4e8938	-19.495678	-44.28248							2001-01		1	2001	1026408	1026408	MATERIAL_CITATION	R		ISLA 4110				CC0_1_0		R. L. Ferreira	Holotype		2025-11-08T05:37:45.828Z		GEODETIC_DATUM_ASSUMED_WGS84;CONTINENT_DERIVED_FROM_COORDINATES;TAXON_ID_NOT_FOUND;OCCURRENCE_STATUS_INFERRED_FROM_INDIVIDUAL_COUNT;AMBIGUOUS_INSTITUTION
4101310133	1d2570da-e150-4d75-94d8-bfc5813062bc	03F887BA1309B15F4EA9FEE4FC055083.mc.3B393CF11308B15A4FEBFEE5FD8E5478	Animalia	Arthropoda	Diplopoda	Spirostreptida	Pseudonannolenidae	Pseudonannolene	Pseudonannolene microzoporus		SPECIES	Pseudonannolene microzoporus Mauriès, 1987	Pseudonannolene microzoporus Mauries 1987	Mauries 1987	BR	Mariana	Minas Gerais	PRESENT	1	a064f300-1bc8-41ea-9364-b864ef4e8938	-20.365015	-43.414772							2011-05-13	13	5	2011	1026408	1026408	MATERIAL_CITATION	T		ISLA 4000				CC0_1_0		T. Pellegrini	Holotype		2025-11-08T05:37:45.803Z		GEODETIC_DATUM_ASSUMED_WGS84;CONTINENT_DERIVED_FROM_COORDINATES;TAXON_ID_NOT_FOUND;OCCURRENCE_STATUS_INFERRED_FROM_INDIVIDUAL_COUNT;AMBIGUOUS_INSTITUTION
4101310132	1d2570da-e150-4d75-94d8-bfc5813062bc	03F887BA1320B1744D45FAD1FB2E548B.mc.3B393CF11327B1754E53FD3DFD905630	Animalia	Arthropoda	Diplopoda	Spirostreptida	Pseudonannolenidae	Pseudonannolene	Pseudonannolene alegrensis		SPECIES	Pseudonannolene alegrensis Silvestri, 1897	Pseudonannolene alegrensis Silvestri 1897	Silvestri 1897	BR	Fazenda Boa Vista	Rio Grande do Sul	PRESENT	2	a064f300-1bc8-41ea-9364-b864ef4e8938	-30.292875	-51.316044			17.0				2003-12-18	18	12	2003	6186000	6186000	MATERIAL_CITATION	R		MCN 521				CC0_1_0		Ott			2025-11-08T05:37:45.751Z		GEODETIC_DATUM_ASSUMED_WGS84;CONTINENT_DERIVED_FROM_COORDINATES;TAXON_ID_NOT_FOUND;OCCURRENCE_STATUS_INFERRED_FROM_INDIVIDUAL_COUNT;AMBIGUOUS_INSTITUTION
4101310130	1d2570da-e150-4d75-94d8-bfc5813062bc	03F887BA1350B1054D00FAAAFAAC52DE.mc.3B393CF11357B1054FEBFE3EFCF25731	Animalia	Arthropoda	Diplopoda	Spirostreptida	Pseudonannolenidae	Pseudonannolene	Pseudonannolene aurea		SPECIES	Pseudonannolene aurea Iniesta, Bouzan & Brescovit, 2023	Pseudonannolene aurea Iniesta, Bouzan, and Brescovit 2023	Iniesta, Bouzan, and Brescovit 2023	BR	Vozinha cave	Tocantins	PRESENT	6	a064f300-1bc8-41ea-9364-b864ef4e8938	-11.624226	-46.820595			672.0				2008-05-21	21	5	2008	12242100	12242100	MATERIAL_CITATION	IBSP		IBSP 5859				CC0_1_0		F. Pellegatti			2025-11-08T05:37:45.747Z		GEODETIC_DATUM_ASSUMED_WGS84;CONTINENT_DERIVED_FROM_COORDINATES;TAXON_ID_NOT_FOUND;OCCURRENCE_STATUS_INFERRED_FROM_INDIVIDUAL_COUNT;COLLECTION_MATCH_NONE;INSTITUTION_MATCH_FUZZY
4101310129	1d2570da-e150-4d75-94d8-bfc5813062bc	03F887BA1359B10D4D1CF979FCBE518D.mc.3B393CF11358B10A4BBDFA76FD3650E9	Animalia	Arthropoda	Diplopoda	Spirostreptida	Pseudonannolenidae	Pseudonannolene	Pseudonannolene morettii		SPECIES	Pseudonannolene morettii Iniesta, Bouzan & Brescovit, 2023	Pseudonannolene morettii Iniesta, Bouzan, and Brescovit 2023	Iniesta, Bouzan, and Brescovit 2023	BR	Parque Estadual do Jaragua	Sao Paulo	PRESENT	2	a064f300-1bc8-41ea-9364-b864ef4e8938	-23.459536	-46.75538			783.0				2002-10-14	14	10	2002	12190204	12190204	MATERIAL_CITATION	IBSP		IBSP 2367				CC0_1_0		Equipe Biota			2025-11-08T05:37:45.746Z		GEODETIC_DATUM_ASSUMED_WGS84;CONTINENT_DERIVED_FROM_COORDINATES;TAXON_ID_NOT_FOUND;OCCURRENCE_STATUS_INFERRED_FROM_INDIVIDUAL_COUNT;COLLECTION_MATCH_NONE;INSTITUTION_MATCH_FUZZY
4101310128	1d2570da-e150-4d75-94d8-bfc5813062bc	03F887BA130DB1214D53FA08FE5057D0.mc.3B393CF1130CB15E4B3AFC66FEE356D4	Animalia	Arthropoda	Diplopoda	Spirostreptida	Pseudonannolenidae	Pseudonannolene	Pseudonannolene occidentalis		SPECIES	Pseudonannolene occidentalis Schubart, 1958	Pseudonannolene occidentalis Schubart 1958	Schubart 1958	BR	Reserva Natural Municipal da Serra do Japi	Sao Paulo	PRESENT	1	a064f300-1bc8-41ea-9364-b864ef4e8938	-23.236338	-46.943607			1069.0				2007-03		3	2007	6186007	6186007	MATERIAL_CITATION	IBSP		IBSP 3100				CC0_1_0		A. D. Brescovit			2025-11-08T05:37:45.736Z		GEODETIC_DATUM_ASSUMED_WGS84;CONTINENT_DERIVED_FROM_COORDINATES;TAXON_ID_NOT_FOUND;OCCURRENCE_STATUS_INFERRED_FROM_INDIVIDUAL_COUNT;COLLECTION_MATCH_NONE;INSTITUTION_MATCH_FUZZY
4101310126	1d2570da-e150-4d75-94d8-bfc5813062bc	03F887BA1315B1484D45F9EEFC01571A.mc.3B393CF1131BB1494F99FEE5FED25478	Animalia	Arthropoda	Diplopoda	Spirostreptida	Pseudonannolenidae	Pseudonannolene	Pseudonannolene halophila		SPECIES	Pseudonannolene halophila Schubart, 1949	Pseudonannolene halophila Schubart 1949	Schubart 1949	BR	Santo Amaro	Sao Paulo	PRESENT	2	a064f300-1bc8-41ea-9364-b864ef4e8938	-23.98992	-46.252533			17.0				1961-01-19	19	1	1961	6186012	6186012	MATERIAL_CITATION	MZSP						CC0_1_0		O. Schubart Filho			2025-11-08T05:37:45.708Z		GEODETIC_DATUM_ASSUMED_WGS84;CONTINENT_DERIVED_FROM_COORDINATES;TAXON_ID_NOT_FOUND;OCCURRENCE_STATUS_INFERRED_FROM_INDIVIDUAL_COUNT;COLLECTION_MATCH_NONE;INSTITUTION_MATCH_FUZZY
4101310125	1d2570da-e150-4d75-94d8-bfc5813062bc	03F887BA1315B1484D45F9EEFC01571A.mc.3B393CF11314B1464E89FA0BFABE533F	Animalia	Arthropoda	Diplopoda	Spirostreptida	Pseudonannolenidae	Pseudonannolene	Pseudonannolene halophila		SPECIES	Pseudonannolene halophila Schubart, 1949	Pseudonannolene halophila Schubart 1949	Schubart 1949	BR	Vale do Rio Jurubatuba	Sao Paulo	PRESENT	2	a064f300-1bc8-41ea-9364-b864ef4e8938	-23.876179	-46.305065			201.0				2007-03		3	2007	6186012	6186012	MATERIAL_CITATION	IBSP		IBSP 3162				CC0_1_0					2025-11-08T05:37:45.704Z		GEODETIC_DATUM_ASSUMED_WGS84;CONTINENT_DERIVED_FROM_COORDINATES;TAXON_ID_NOT_FOUND;OCCURRENCE_STATUS_INFERRED_FROM_INDIVIDUAL_COUNT;COLLECTION_MATCH_NONE;INSTITUTION_MATCH_FUZZY
4101310122	1d2570da-e150-4d75-94d8-bfc5813062bc	03F887BA1309B15F4EA9FEE4FC055083.mc.3B393CF1130FB15D4FEBF940FCB553F9	Animalia	Arthropoda	Diplopoda	Spirostreptida	Pseudonannolenidae	Pseudonannolene	Pseudonannolene microzoporus		SPECIES	Pseudonannolene microzoporus Mauriès, 1987	Pseudonannolene microzoporus Mauries 1987	Mauries 1987	BR		Bahia	PRESENT	1	a064f300-1bc8-41ea-9364-b864ef4e8938									2011-02-08	8	2	2011	1026408	1026408	MATERIAL_CITATION	IBSP		IBSP 5671				CC0_1_0					2025-11-08T05:37:45.696Z		CONTINENT_DERIVED_FROM_COUNTRY;TAXON_ID_NOT_FOUND;OCCURRENCE_STATUS_INFERRED_FROM_INDIVIDUAL_COUNT;COLLECTION_MATCH_NONE;INSTITUTION_MATCH_FUZZY
4101310121	1d2570da-e150-4d75-94d8-bfc5813062bc	03F887BA1369B13C4D45F916FC1A53ED.mc.3B393CF1136FB13D4B35FBE3FAED5173	Animalia	Arthropoda	Diplopoda	Spirostreptida	Pseudonannolenidae	Pseudonannolene	Pseudonannolene tricolor		SPECIES	Pseudonannolene tricolor Brölemann, 1902	Pseudonannolene tricolor Brolemann 1902	Brolemann 1902	BR	Baguassu	Sao Paulo	PRESENT	4	a064f300-1bc8-41ea-9364-b864ef4e8938	-21.996798	-47.426167			633.0				1938-12-27	27	12	1938	1026426	1026426	MATERIAL_CITATION	MZSP						CC0_1_0		O. Schubart			2025-11-08T05:37:45.676Z		GEODETIC_DATUM_ASSUMED_WGS84;CONTINENT_DERIVED_FROM_COORDINATES;TAXON_ID_NOT_FOUND;OCCURRENCE_STATUS_INFERRED_FROM_INDIVIDUAL_COUNT;COLLECTION_MATCH_NONE;INSTITUTION_MATCH_FUZZY
4101310119	1d2570da-e150-4d75-94d8-bfc5813062bc	03F887BA1321B1724D58FEE4FBC35029.mc.3B393CF11321B1734B8DFA7DFB4650CC	Animalia	Arthropoda	Diplopoda	Spirostreptida	Pseudonannolenidae	Pseudonannolene	Pseudonannolene albiventris		SPECIES	Pseudonannolene albiventris Schubart, 1952	Pseudonannolene albiventris Schubart 1952	Schubart 1952	BR	Centro de Citricultura Sylvio Moreira	Sao Paulo	PRESENT	10	a064f300-1bc8-41ea-9364-b864ef4e8938	-22.462172	-47.39919			737.0				1952-02		2	1952	6185997	6185997	MATERIAL_CITATION	MZSP						CC0_1_0		L. G. Lordello			2025-11-08T05:37:45.667Z		GEODETIC_DATUM_ASSUMED_WGS84;CONTINENT_DERIVED_FROM_COORDINATES;TAXON_ID_NOT_FOUND;OCCURRENCE_STATUS_INFERRED_FROM_INDIVIDUAL_COUNT;COLLECTION_MATCH_NONE;INSTITUTION_MATCH_FUZZY
4101310118	1d2570da-e150-4d75-94d8-bfc5813062bc	03F887BA1362B1334D5AFD7FFEE75313.mc.3B393CF11362B1304FEBFAD6FCD55049	Animalia	Arthropoda	Diplopoda	Spirostreptida	Pseudonannolenidae	Pseudonannolene	Pseudonannolene segmentata		SPECIES	Pseudonannolene segmentata Silvestri, 1895	Pseudonannolene segmentata Silvestri 1895	Silvestri 1895	BR	Pitangueira	Mato Grosso do Sul	PRESENT	2	a064f300-1bc8-41ea-9364-b864ef4e8938	-21.136211	-56.48572			297.0				2002-10		10	2002	1026417	1026417	MATERIAL_CITATION	IBSP		IBSP 1929				CC0_1_0		C. A. Rheims			2025-11-08T05:37:45.665Z		GEODETIC_DATUM_ASSUMED_WGS84;CONTINENT_DERIVED_FROM_COORDINATES;TAXON_ID_NOT_FOUND;OCCURRENCE_STATUS_INFERRED_FROM_INDIVIDUAL_COUNT;COLLECTION_MATCH_NONE;INSTITUTION_MATCH_FUZZY
4101310117	1d2570da-e150-4d75-94d8-bfc5813062bc	03F887BA1309B15F4EA9FEE4FC055083.mc.3B393CF1130FB15D4D54FE30FF625724	Animalia	Arthropoda	Diplopoda	Spirostreptida	Pseudonannolenidae	Pseudonannolene	Pseudonannolene microzoporus		SPECIES	Pseudonannolene microzoporus Mauriès, 1987	Pseudonannolene microzoporus Mauries 1987	Mauries 1987	BR		Bahia	PRESENT	1	a064f300-1bc8-41ea-9364-b864ef4e8938													1026408	1026408	MATERIAL_CITATION	IBSP		IBSP 5714				CC0_1_0					2025-11-08T05:37:45.663Z		CONTINENT_DERIVED_FROM_COUNTRY;TAXON_ID_NOT_FOUND;OCCURRENCE_STATUS_INFERRED_FROM_INDIVIDUAL_COUNT;COLLECTION_MATCH_NONE;INSTITUTION_MATCH_FUZZY
4101310116	1d2570da-e150-4d75-94d8-bfc5813062bc	03F887BA1367B1374EBAFAB0FAD650FC.mc.3B393CF11366B1344ED8FA5BFEA650CA	Animalia	Arthropoda	Diplopoda	Spirostreptida	Pseudonannolenidae	Pseudonannolene	Pseudonannolene spelaea		SPECIES	Pseudonannolene spelaea Iniesta & Ferreira, 2013	Pseudonannolene spelaea Iniesta & Ferreira 2013	Iniesta & Ferreira 2013	BR		Para	PRESENT	2	a064f300-1bc8-41ea-9364-b864ef4e8938	-6.081198	-50.1344							2013-12-04	4	12	2013	9516060	9516060	MATERIAL_CITATION	IBSP		IBSP 7367				CC0_1_0		Guarda			2025-11-08T05:37:45.662Z		GEODETIC_DATUM_ASSUMED_WGS84;CONTINENT_DERIVED_FROM_COORDINATES;TAXON_ID_NOT_FOUND;OCCURRENCE_STATUS_INFERRED_FROM_INDIVIDUAL_COUNT;COLLECTION_MATCH_NONE;INSTITUTION_MATCH_FUZZY
4101310115	1d2570da-e150-4d75-94d8-bfc5813062bc	03F887BA1309B15F4EA9FEE4FC055083.mc.3B393CF1130FB15D4E04FAEAFB70501F	Animalia	Arthropoda	Diplopoda	Spirostreptida	Pseudonannolenidae	Pseudonannolene	Pseudonannolene microzoporus		SPECIES	Pseudonannolene microzoporus Mauriès, 1987	Pseudonannolene microzoporus Mauries 1987	Mauries 1987	BR		Bahia	PRESENT	1	a064f300-1bc8-41ea-9364-b864ef4e8938									2011-02-08	8	2	2011	1026408	1026408	MATERIAL_CITATION	IBSP		IBSP 5659				CC0_1_0					2025-11-08T05:37:45.660Z		CONTINENT_DERIVED_FROM_COUNTRY;TAXON_ID_NOT_FOUND;OCCURRENCE_STATUS_INFERRED_FROM_INDIVIDUAL_COUNT;COLLECTION_MATCH_NONE;INSTITUTION_MATCH_FUZZY
4101310113	1d2570da-e150-4d75-94d8-bfc5813062bc	03F887BA131CB1514D5CFB3CFEA652F1.mc.3B393CF11303B1514CC3FE7DFD8454F0	Animalia	Arthropoda	Diplopoda	Spirostreptida	Pseudonannolenidae	Pseudonannolene	Pseudonannolene leucomelas		SPECIES	Pseudonannolene leucomelas Schubart, 1947	Pseudonannolene leucomelas * Schubart 1947	* Schubart 1947	BR	Barra do Tapirape	Mato Grosso	PRESENT	4	a064f300-1bc8-41ea-9364-b864ef4e8938	-10.501639	-50.731876											1026421	1026421	MATERIAL_CITATION	MNRJ		MNRJ 11829				CC0_1_0					2025-11-08T05:37:45.656Z		GEODETIC_DATUM_ASSUMED_WGS84;CONTINENT_DERIVED_FROM_COORDINATES;TAXON_ID_NOT_FOUND;OCCURRENCE_STATUS_INFERRED_FROM_INDIVIDUAL_COUNT;COLLECTION_MATCH_NONE;INSTITUTION_MATCH_FUZZY
4101310111	1d2570da-e150-4d75-94d8-bfc5813062bc	03F887BA1315B1484D45F9EEFC01571A.mc.3B393CF11314B1464B44F9C1FBFD5354	Animalia	Arthropoda	Diplopoda	Spirostreptida	Pseudonannolenidae	Pseudonannolene	Pseudonannolene halophila		SPECIES	Pseudonannolene halophila Schubart, 1949	Pseudonannolene halophila Schubart 1949	Schubart 1949	BR	Jose Menino Morro	Sao Paulo	PRESENT	2	a064f300-1bc8-41ea-9364-b864ef4e8938	-23.964989	-46.355877			63.0				1960-02-02	2	2	1960	6186012	6186012	MATERIAL_CITATION	MZSP						CC0_1_0		O. Schubart			2025-11-08T05:37:45.620Z		GEODETIC_DATUM_ASSUMED_WGS84;CONTINENT_DERIVED_FROM_COORDINATES;TAXON_ID_NOT_FOUND;OCCURRENCE_STATUS_INFERRED_FROM_INDIVIDUAL_COUNT;COLLECTION_MATCH_NONE;INSTITUTION_MATCH_FUZZY
4101310110	1d2570da-e150-4d75-94d8-bfc5813062bc	03F887BA1315B1484D45F9EEFC01571A.mc.3B393CF11314B1464BA9F931FD4E5224	Animalia	Arthropoda	Diplopoda	Spirostreptida	Pseudonannolenidae	Pseudonannolene	Pseudonannolene halophila		SPECIES	Pseudonannolene halophila Schubart, 1949	Pseudonannolene halophila Schubart 1949	Schubart 1949	BR	Estacao Ambiental Sao Camilo	Sao Paulo	PRESENT	1	a064f300-1bc8-41ea-9364-b864ef4e8938									2010-03-13	13	3	2010	6186012	6186012	MATERIAL_CITATION	IBSP		IBSP 3671				CC0_1_0		J. A. Nascimento			2025-11-08T05:37:45.619Z		CONTINENT_DERIVED_FROM_COUNTRY;TAXON_ID_NOT_FOUND;OCCURRENCE_STATUS_INFERRED_FROM_INDIVIDUAL_COUNT;COLLECTION_MATCH_NONE;INSTITUTION_MATCH_FUZZY
4101310108	1d2570da-e150-4d75-94d8-bfc5813062bc	03F887BA1362B1334D5AFD7FFEE75313.mc.3B393CF11362B1304E8BF9E1FBFF5316	Animalia	Arthropoda	Diplopoda	Spirostreptida	Pseudonannolenidae	Pseudonannolene	Pseudonannolene segmentata		SPECIES	Pseudonannolene segmentata Silvestri, 1895	Pseudonannolene segmentata Silvestri 1895	Silvestri 1895	BR	Bonito	Mato Grosso do Sul	PRESENT	1	a064f300-1bc8-41ea-9364-b864ef4e8938	-21.128975	-56.48172			294.0				2002-10-14	14	10	2002	1026417	1026417	MATERIAL_CITATION	IBSP		IBSP 2605				CC0_1_0		Equipe Biota			2025-11-08T05:37:45.613Z		GEODETIC_DATUM_ASSUMED_WGS84;CONTINENT_DERIVED_FROM_COORDINATES;TAXON_ID_NOT_FOUND;OCCURRENCE_STATUS_INFERRED_FROM_INDIVIDUAL_COUNT;COLLECTION_MATCH_NONE;INSTITUTION_MATCH_FUZZY
4101310107	1d2570da-e150-4d75-94d8-bfc5813062bc	03F887BA1318B14D4EB1FE5FFB395171.mc.3B393CF11318B14A4E8EFB28FB3351E0	Animalia	Arthropoda	Diplopoda	Spirostreptida	Pseudonannolenidae	Pseudonannolene	Pseudonannolene inops		SPECIES	Pseudonannolene inops Brölemann, 1929	Pseudonannolene inops (Brolemann 1929) Brolemann 1929	(Brolemann 1929) Brolemann 1929	BR	Fepagro	Rio Grande do Sul	PRESENT	4	a064f300-1bc8-41ea-9364-b864ef4e8938					22.0				2002-01		1	2002	12190076	12190076	MATERIAL_CITATION	IBSP		IBSP 2533				CC0_1_0		Equipe Biota			2025-11-08T05:37:45.611Z		CONTINENT_DERIVED_FROM_COUNTRY;TAXON_ID_NOT_FOUND;OCCURRENCE_STATUS_INFERRED_FROM_INDIVIDUAL_COUNT;COLLECTION_MATCH_NONE;INSTITUTION_MATCH_FUZZY
4101310106	1d2570da-e150-4d75-94d8-bfc5813062bc	03F887BA1310B1454EA2FC15FC77528B.mc.3B393CF11310B1424CF8F86EFBB15280	Animalia	Arthropoda	Diplopoda	Spirostreptida	Pseudonannolenidae	Pseudonannolene	Pseudonannolene erikae		SPECIES	Pseudonannolene erikae Iniesta & Ferreira, 2014	Pseudonannolene erikae Iniesta & Ferreira 2014	Iniesta & Ferreira 2014	BR	Sao Jose da Lapa	Minas Gerais	PRESENT	1	a064f300-1bc8-41ea-9364-b864ef4e8938	-19.69921	-43.95831			732.0				2012-12-17	17	12	2012	8568561	8568561	MATERIAL_CITATION	IBSP		IBSP 7601				CC0_1_0		Bueno			2025-11-08T05:37:45.609Z		GEODETIC_DATUM_ASSUMED_WGS84;CONTINENT_DERIVED_FROM_COORDINATES;TAXON_ID_NOT_FOUND;OCCURRENCE_STATUS_INFERRED_FROM_INDIVIDUAL_COUNT;COLLECTION_MATCH_NONE;INSTITUTION_MATCH_FUZZY
4101310103	1d2570da-e150-4d75-94d8-bfc5813062bc	03F887BA1369B13C4D45F916FC1A53ED.mc.3B393CF1136FB13D4DCFFCD0FCFD5647	Animalia	Arthropoda	Diplopoda	Spirostreptida	Pseudonannolenidae	Pseudonannolene	Pseudonannolene tricolor		SPECIES	Pseudonannolene tricolor Brölemann, 1902	Pseudonannolene tricolor Brolemann 1902	Brolemann 1902	BR	Fazenda Ponte Alta	Sao Paulo	PRESENT	6	a064f300-1bc8-41ea-9364-b864ef4e8938	-22.69015	-46.682655			767.0				1948-10-26	26	10	1948	1026426	1026426	MATERIAL_CITATION	MZSP						CC0_1_0		O. Schubart			2025-11-08T05:37:45.576Z		GEODETIC_DATUM_ASSUMED_WGS84;CONTINENT_DERIVED_FROM_COORDINATES;TAXON_ID_NOT_FOUND;OCCURRENCE_STATUS_INFERRED_FROM_INDIVIDUAL_COUNT;COLLECTION_MATCH_NONE;INSTITUTION_MATCH_FUZZY
4101310102	1d2570da-e150-4d75-94d8-bfc5813062bc	03F887BA135FB10F4D1DFB36FBA9576B.mc.3B393CF1135FB10D4FBCF8AAFE8F5296	Animalia	Arthropoda	Diplopoda	Spirostreptida	Pseudonannolenidae	Pseudonannolene	Pseudonannolene nicolau		SPECIES	Pseudonannolene nicolau Iniesta, Bouzan & Brescovit, 2023	Pseudonannolene nicolau Iniesta, Bouzan, and Brescovit 2023	Iniesta, Bouzan, and Brescovit 2023	BR	BRAZIL		PRESENT	10	a064f300-1bc8-41ea-9364-b864ef4e8938									2009-12-08	8	12	2009	12263633	12263633	MATERIAL_CITATION	ABAM						CC0_1_0		D. A. Batistella	Paratype		2025-11-08T05:37:45.574Z		CONTINENT_DERIVED_FROM_COUNTRY;TAXON_ID_NOT_FOUND;OCCURRENCE_STATUS_INFERRED_FROM_INDIVIDUAL_COUNT;INSTITUTION_MATCH_NONE
4101310101	1d2570da-e150-4d75-94d8-bfc5813062bc	03F887BA1309B15F4EA9FEE4FC055083.mc.3B393CF1130EB15C4CADFE7AFE2454EA	Animalia	Arthropoda	Diplopoda	Spirostreptida	Pseudonannolenidae	Pseudonannolene	Pseudonannolene microzoporus		SPECIES	Pseudonannolene microzoporus Mauriès, 1987	Pseudonannolene microzoporus Mauries 1987	Mauries 1987	BR		Bahia	PRESENT	1	a064f300-1bc8-41ea-9364-b864ef4e8938									2011-06-28	28	6	2011	1026408	1026408	MATERIAL_CITATION	IBSP		IBSP 5654				CC0_1_0					2025-11-08T05:37:45.572Z		CONTINENT_DERIVED_FROM_COUNTRY;TAXON_ID_NOT_FOUND;OCCURRENCE_STATUS_INFERRED_FROM_INDIVIDUAL_COUNT;COLLECTION_MATCH_NONE;INSTITUTION_MATCH_FUZZY
4101310099	1d2570da-e150-4d75-94d8-bfc5813062bc	03F887BA1361B1354D4FF9B8FAB4500B.mc.3B393CF11360B1324B2BFC03FDDF5112	Animalia	Arthropoda	Diplopoda	Spirostreptida	Pseudonannolenidae	Pseudonannolene	Pseudonannolene silvestris		SPECIES	Pseudonannolene silvestris Schubart, 1944	Pseudonannolene silvestris Schubart 1944	Schubart 1944	BR	Parque Estadual Turistico do Alto Ribeira	Sao Paulo	PRESENT	1	a064f300-1bc8-41ea-9364-b864ef4e8938	-24.485867	-48.646698			570.0				2001-11-08	8	11	2001	1026418	1026418	MATERIAL_CITATION	IBSP		IBSP 2267				CC0_1_0		Equipe Biota			2025-11-08T05:37:45.570Z		GEODETIC_DATUM_ASSUMED_WGS84;CONTINENT_DERIVED_FROM_COORDINATES;TAXON_ID_NOT_FOUND;OCCURRENCE_STATUS_INFERRED_FROM_INDIVIDUAL_COUNT;COLLECTION_MATCH_NONE;INSTITUTION_MATCH_FUZZY
4101310098	1d2570da-e150-4d75-94d8-bfc5813062bc	03F887BA1309B15F4EA9FEE4FC055083.mc.3B393CF11308B15A4BD1F9B0FCFE53A4	Animalia	Arthropoda	Diplopoda	Spirostreptida	Pseudonannolenidae	Pseudonannolene	Pseudonannolene microzoporus		SPECIES	Pseudonannolene microzoporus Mauriès, 1987	Pseudonannolene microzoporus Mauries 1987	Mauries 1987	BR	Mocambeiro	Bahia	PRESENT	1	a064f300-1bc8-41ea-9364-b864ef4e8938	-19.535425	-44.026974							2011-04-04	4	4	2011	1026408	1026408	MATERIAL_CITATION	IBSP		IBSP 5698				CC0_1_0		F. P. Franco			2025-11-08T05:37:45.552Z		GEODETIC_DATUM_ASSUMED_WGS84;CONTINENT_DERIVED_FROM_COORDINATES;TAXON_ID_NOT_FOUND;OCCURRENCE_STATUS_INFERRED_FROM_INDIVIDUAL_COUNT;COLLECTION_MATCH_NONE;INSTITUTION_MATCH_FUZZY
4101310097	1d2570da-e150-4d75-94d8-bfc5813062bc	03F887BA137BB12A4EBDFD74FC6E54C3.mc.3B393CF1137BB1294FBCFB14FDBB5067	Animalia	Arthropoda	Diplopoda	Spirostreptida	Pseudonannolenidae	Pseudonannolene	Pseudonannolene robsoni		SPECIES	Pseudonannolene robsoni Iniesta & Ferreira, 2014	Pseudonannolene robsoni Iniesta & Ferreira 2014	Iniesta & Ferreira 2014	BR	Agua Limpa cave	Minas Gerais	PRESENT	1	a064f300-1bc8-41ea-9364-b864ef4e8938	-20.452013	-45.65294							2009-05-28	28	5	2009	12204948	12204948	MATERIAL_CITATION	R		ISLA 4080				CC0_1_0		R. Zampaulo	Holotype		2025-11-08T05:37:45.520Z		GEODETIC_DATUM_ASSUMED_WGS84;CONTINENT_DERIVED_FROM_COORDINATES;TAXON_ID_NOT_FOUND;OCCURRENCE_STATUS_INFERRED_FROM_INDIVIDUAL_COUNT;AMBIGUOUS_INSTITUTION
4101310096	1d2570da-e150-4d75-94d8-bfc5813062bc	03F887BA1306B1564D40FB75FC835700.mc.3B393CF11305B1574B4DFDF2FD895765	Animalia	Arthropoda	Diplopoda	Spirostreptida	Pseudonannolenidae	Pseudonannolene	Pseudonannolene maritima		SPECIES	Pseudonannolene maritima Schubart, 1949	Pseudonannolene maritima Schubart 1949	Schubart 1949	BR	Ilha da Queimada Grande	Sao Paulo	PRESENT	1	a064f300-1bc8-41ea-9364-b864ef4e8938	-24.487923	-46.674156			103.0				2003-04-01	1	4	2003	6186005	6186005	MATERIAL_CITATION	IBSP		IBSP 1213				CC0_1_0		Martins & Bertani			2025-11-08T05:37:45.519Z		GEODETIC_DATUM_ASSUMED_WGS84;CONTINENT_DERIVED_FROM_COORDINATES;TAXON_ID_NOT_FOUND;OCCURRENCE_STATUS_INFERRED_FROM_INDIVIDUAL_COUNT;COLLECTION_MATCH_NONE;INSTITUTION_MATCH_FUZZY
4101310095	1d2570da-e150-4d75-94d8-bfc5813062bc	03F887BA1373B1234D42FCF9FB915768.mc.3B393CF11372B1204E7CFD60FAF95798	Animalia	Arthropoda	Diplopoda	Spirostreptida	Pseudonannolenidae	Pseudonannolene	Pseudonannolene ophiiulus		SPECIES	Pseudonannolene ophiiulus Schubart, 1944	Pseudonannolene ophiiulus Schubart 1944	Schubart 1944	BR	Fazenda Santa Maria do Sul	Sao Paulo	PRESENT	1	a064f300-1bc8-41ea-9364-b864ef4e8938	-21.84244	-47.471355			567.0				1940-08		8	1940	6185999	6185999	MATERIAL_CITATION	MZSP						CC0_1_0		O. Schubart			2025-11-08T05:37:45.517Z		GEODETIC_DATUM_ASSUMED_WGS84;CONTINENT_DERIVED_FROM_COORDINATES;TAXON_ID_NOT_FOUND;OCCURRENCE_STATUS_INFERRED_FROM_INDIVIDUAL_COUNT;COLLECTION_MATCH_NONE;INSTITUTION_MATCH_FUZZY
4101310093	1d2570da-e150-4d75-94d8-bfc5813062bc	03F887BA1310B1454EA2FC15FC77528B.mc.3B393CF11317B1454DB0FEE5FAED541A	Animalia	Arthropoda	Diplopoda	Spirostreptida	Pseudonannolenidae	Pseudonannolene	Pseudonannolene erikae		SPECIES	Pseudonannolene erikae Iniesta & Ferreira, 2014	Pseudonannolene erikae Iniesta & Ferreira 2014	Iniesta & Ferreira 2014	BR	Sao Jose da Lapa	Minas Gerais	PRESENT	1	a064f300-1bc8-41ea-9364-b864ef4e8938	-19.69921	-43.95831			732.0				2012-12-17	17	12	2012	8568561	8568561	MATERIAL_CITATION	IBSP		IBSP 7605				CC0_1_0		Bueno			2025-11-08T05:37:45.515Z		GEODETIC_DATUM_ASSUMED_WGS84;CONTINENT_DERIVED_FROM_COORDINATES;TAXON_ID_NOT_FOUND;OCCURRENCE_STATUS_INFERRED_FROM_INDIVIDUAL_COUNT;COLLECTION_MATCH_NONE;INSTITUTION_MATCH_FUZZY
4101310090	1d2570da-e150-4d75-94d8-bfc5813062bc	03F887BA1361B1354D4FF9B8FAB4500B.mc.3B393CF11360B1324BF6FAC0FD585057	Animalia	Arthropoda	Diplopoda	Spirostreptida	Pseudonannolenidae	Pseudonannolene	Pseudonannolene silvestris		SPECIES	Pseudonannolene silvestris Schubart, 1944	Pseudonannolene silvestris Schubart 1944	Schubart 1944	BR	Parque Estadual Turistico do Alto Ribeira	Sao Paulo	PRESENT	1	a064f300-1bc8-41ea-9364-b864ef4e8938	-24.485867	-48.646698			570.0				2001-11-08	8	11	2001	1026418	1026418	MATERIAL_CITATION	IBSP		IBSP 2227				CC0_1_0		Equipe Biota			2025-11-08T05:37:45.510Z		GEODETIC_DATUM_ASSUMED_WGS84;CONTINENT_DERIVED_FROM_COORDINATES;TAXON_ID_NOT_FOUND;OCCURRENCE_STATUS_INFERRED_FROM_INDIVIDUAL_COUNT;COLLECTION_MATCH_NONE;INSTITUTION_MATCH_FUZZY
4101310089	1d2570da-e150-4d75-94d8-bfc5813062bc	03F887BA1359B10D4D1CF979FCBE518D.mc.3B393CF11358B10A4D1FFC66FAFF569A	Animalia	Arthropoda	Diplopoda	Spirostreptida	Pseudonannolenidae	Pseudonannolene	Pseudonannolene morettii		SPECIES	Pseudonannolene morettii Iniesta, Bouzan & Brescovit, 2023	Pseudonannolene morettii Iniesta, Bouzan, and Brescovit 2023	Iniesta, Bouzan, and Brescovit 2023	BR	Parque Municipal da Serra do Itapety	Sao Paulo	PRESENT	2	a064f300-1bc8-41ea-9364-b864ef4e8938	-23.493336	-46.19638			881.0				2003-10-13	13	10	2003	12190204	12190204	MATERIAL_CITATION	IBSP		IBSP 2469				CC0_1_0		Mogi das Cruzes & Equipe Biota			2025-11-08T05:37:45.508Z		GEODETIC_DATUM_ASSUMED_WGS84;CONTINENT_DERIVED_FROM_COORDINATES;TAXON_ID_NOT_FOUND;OCCURRENCE_STATUS_INFERRED_FROM_INDIVIDUAL_COUNT;COLLECTION_MATCH_NONE;INSTITUTION_MATCH_FUZZY
4101310088	1d2570da-e150-4d75-94d8-bfc5813062bc	03F887BA1309B15F4EA9FEE4FC055083.mc.3B393CF1130FB15C4A57F82AFD2F541A	Animalia	Arthropoda	Diplopoda	Spirostreptida	Pseudonannolenidae	Pseudonannolene	Pseudonannolene microzoporus		SPECIES	Pseudonannolene microzoporus Mauriès, 1987	Pseudonannolene microzoporus Mauries 1987	Mauries 1987	BR		Bahia	PRESENT	1	a064f300-1bc8-41ea-9364-b864ef4e8938									2011-06-28	28	6	2011	1026408	1026408	MATERIAL_CITATION	IBSP		IBSP 5664				CC0_1_0					2025-11-08T05:37:45.507Z		CONTINENT_DERIVED_FROM_COUNTRY;TAXON_ID_NOT_FOUND;OCCURRENCE_STATUS_INFERRED_FROM_INDIVIDUAL_COUNT;COLLECTION_MATCH_NONE;INSTITUTION_MATCH_FUZZY
4101310087	1d2570da-e150-4d75-94d8-bfc5813062bc	03F887BA132DB17E4D5CFCA9FC3D53AC.mc.3B393CF1132DB17F4C13F911FF625206	Animalia	Arthropoda	Diplopoda	Spirostreptida	Pseudonannolenidae	Pseudonannolene	Pseudonannolene callipyge		SPECIES	Pseudonannolene callipyge Brölemann, 1902	Pseudonannolene callipyge Brolemann 1902	Brolemann 1902	BR	cave Passaro Preto	Parana	PRESENT	1	a064f300-1bc8-41ea-9364-b864ef4e8938					362.0				2017-12-10	10	12	2017	1026425	1026425	MATERIAL_CITATION	IBSP		IBSP 7618				CC0_1_0		C. Attems & Souza			2025-11-08T05:37:45.506Z		CONTINENT_DERIVED_FROM_COUNTRY;TAXON_ID_NOT_FOUND;OCCURRENCE_STATUS_INFERRED_FROM_INDIVIDUAL_COUNT;COLLECTION_MATCH_NONE;INSTITUTION_MATCH_FUZZY
4101310086	1d2570da-e150-4d75-94d8-bfc5813062bc	03F887BA132DB17E4D5CFCA9FC3D53AC.mc.3B393CF1132DB17F4D48F956FAFC53ED	Animalia	Arthropoda	Diplopoda	Spirostreptida	Pseudonannolenidae	Pseudonannolene	Pseudonannolene callipyge		SPECIES	Pseudonannolene callipyge Brölemann, 1902	Pseudonannolene callipyge Brolemann 1902	Brolemann 1902	BR	Abismo do Sumidouro Sem Nome	Parana	PRESENT	3	a064f300-1bc8-41ea-9364-b864ef4e8938	-24.76667	-48.839447			362.0				2017-12-08	8	12	2017	1026425	1026425	MATERIAL_CITATION	IBSP		IBSP 7619				CC0_1_0		C. Attems & Souza & L. F. M. Iniesta			2025-11-08T05:37:45.504Z		GEODETIC_DATUM_ASSUMED_WGS84;CONTINENT_DERIVED_FROM_COORDINATES;TAXON_ID_NOT_FOUND;OCCURRENCE_STATUS_INFERRED_FROM_INDIVIDUAL_COUNT;COLLECTION_MATCH_NONE;INSTITUTION_MATCH_FUZZY
4101310085	1d2570da-e150-4d75-94d8-bfc5813062bc	03F887BA1309B15F4EA9FEE4FC055083.mc.3B393CF11308B15A4EEBF9D5FAED536A	Animalia	Arthropoda	Diplopoda	Spirostreptida	Pseudonannolenidae	Pseudonannolene	Pseudonannolene microzoporus		SPECIES	Pseudonannolene microzoporus Mauriès, 1987	Pseudonannolene microzoporus Mauries 1987	Mauries 1987	BR	Mocambeiro	Bahia	PRESENT	2	a064f300-1bc8-41ea-9364-b864ef4e8938	-19.535425	-44.026974							2011-04-04	4	4	2011	1026408	1026408	MATERIAL_CITATION	IBSP		IBSP 5743				CC0_1_0		F. P. Franco			2025-11-08T05:37:45.502Z		GEODETIC_DATUM_ASSUMED_WGS84;CONTINENT_DERIVED_FROM_COORDINATES;TAXON_ID_NOT_FOUND;OCCURRENCE_STATUS_INFERRED_FROM_INDIVIDUAL_COUNT;COLLECTION_MATCH_NONE;INSTITUTION_MATCH_FUZZY
4101310084	1d2570da-e150-4d75-94d8-bfc5813062bc	03F887BA1309B15F4EA9FEE4FC055083.mc.3B393CF11309B15B4FEBF8C6FC4A5256	Animalia	Arthropoda	Diplopoda	Spirostreptida	Pseudonannolenidae	Pseudonannolene	Pseudonannolene microzoporus		SPECIES	Pseudonannolene microzoporus Mauriès, 1987	Pseudonannolene microzoporus Mauries 1987	Mauries 1987	BR	Lapa Vermelha cave	Minas Gerais	PRESENT	1	a064f300-1bc8-41ea-9364-b864ef4e8938	-19.609758	-44.003777											1026408	1026408	MATERIAL_CITATION	NHMD		NHMD 00101549				CC0_1_0		Reinhardt	Holotype		2025-11-08T05:37:45.484Z		GEODETIC_DATUM_ASSUMED_WGS84;CONTINENT_DERIVED_FROM_COORDINATES;TAXON_ID_NOT_FOUND;OCCURRENCE_STATUS_INFERRED_FROM_INDIVIDUAL_COUNT;COLLECTION_MATCH_NONE;INSTITUTION_MATCH_FUZZY
4101310083	1d2570da-e150-4d75-94d8-bfc5813062bc	03F887BA131CB1514D5CFB3CFEA652F1.mc.3B393CF1131CB1514FBCF8A1FD7B5479	Animalia	Arthropoda	Diplopoda	Spirostreptida	Pseudonannolenidae	Pseudonannolene	Pseudonannolene leucomelas		SPECIES	Pseudonannolene leucomelas Schubart, 1947	Pseudonannolene leucomelas * Schubart 1947	* Schubart 1947	BR	Barra do Tapirape	Mato Grosso	PRESENT	1	a064f300-1bc8-41ea-9364-b864ef4e8938	-10.501639	-50.731876							1939-12		12	1939	1026421	1026421	MATERIAL_CITATION	MZSP		MNRJ 11828, MNRJ 11826				CC0_1_0		A. L. Carvalho	Holotype		2025-11-08T05:37:45.482Z		GEODETIC_DATUM_ASSUMED_WGS84;CONTINENT_DERIVED_FROM_COORDINATES;TAXON_ID_NOT_FOUND;OCCURRENCE_STATUS_INFERRED_FROM_INDIVIDUAL_COUNT;COLLECTION_MATCH_NONE;INSTITUTION_MATCH_FUZZY
4101310082	1d2570da-e150-4d75-94d8-bfc5813062bc	03F887BA132DB17E4D5CFCA9FC3D53AC.mc.3B393CF1132DB17F4E44F8F2FAED5206	Animalia	Arthropoda	Diplopoda	Spirostreptida	Pseudonannolenidae	Pseudonannolene	Pseudonannolene callipyge		SPECIES	Pseudonannolene callipyge Brölemann, 1902	Pseudonannolene callipyge Brolemann 1902	Brolemann 1902	BR	cave Straube	Parana	PRESENT	1	a064f300-1bc8-41ea-9364-b864ef4e8938					362.0				2017-12-09	9	12	2017	1026425	1026425	MATERIAL_CITATION	R		IBSP 7620				CC0_1_0		C. A. R. Souza & L. F. M. Iniesta			2025-11-08T05:37:45.477Z		CONTINENT_DERIVED_FROM_COUNTRY;TAXON_ID_NOT_FOUND;OCCURRENCE_STATUS_INFERRED_FROM_INDIVIDUAL_COUNT;AMBIGUOUS_INSTITUTION
4101310081	1d2570da-e150-4d75-94d8-bfc5813062bc	03F887BA137CB1304EACFD5CFB445752.mc.3B393CF1137CB12E4C7CF914FF625208	Animalia	Arthropoda	Diplopoda	Spirostreptida	Pseudonannolenidae	Pseudonannolene	Pseudonannolene sebastianus		SPECIES	Pseudonannolene sebastianus Brölemann, 1902	Pseudonannolene sebastianus Brolemann 1902	Brolemann 1902	BR	Ilhabela	Sao Paulo	PRESENT	1	a064f300-1bc8-41ea-9364-b864ef4e8938	-23.818665	-45.36816			1.0				2001-10-09	9	10	2001	6186003	6186003	MATERIAL_CITATION	IBSP		IBSP 1390				CC0_1_0		Equipe Biota			2025-11-08T05:37:45.480Z		GEODETIC_DATUM_ASSUMED_WGS84;CONTINENT_DERIVED_FROM_COORDINATES;TAXON_ID_NOT_FOUND;OCCURRENCE_STATUS_INFERRED_FROM_INDIVIDUAL_COUNT;COLLECTION_MATCH_NONE;INSTITUTION_MATCH_FUZZY
4101310080	1d2570da-e150-4d75-94d8-bfc5813062bc	03F887BA1369B13C4D45F916FC1A53ED.mc.3B393CF1136FB13D4D3CFA10FE4F5307	Animalia	Arthropoda	Diplopoda	Spirostreptida	Pseudonannolenidae	Pseudonannolene	Pseudonannolene tricolor		SPECIES	Pseudonannolene tricolor Brölemann, 1902	Pseudonannolene tricolor Brolemann 1902	Brolemann 1902	BR	Jaguari-Mirim River	Sao Paulo	PRESENT	1	a064f300-1bc8-41ea-9364-b864ef4e8938									1939-01-11	11	1	1939	1026426	1026426	MATERIAL_CITATION	MZSP						CC0_1_0		O. Schubart			2025-11-08T05:37:45.475Z		CONTINENT_DERIVED_FROM_COUNTRY;TAXON_ID_NOT_FOUND;OCCURRENCE_STATUS_INFERRED_FROM_INDIVIDUAL_COUNT;COLLECTION_MATCH_NONE;INSTITUTION_MATCH_FUZZY
4101310079	1d2570da-e150-4d75-94d8-bfc5813062bc	03F887BA1367B1374EBAFAB0FAD650FC.mc.3B393CF11366B1344C7FFC68FBB456FF	Animalia	Arthropoda	Diplopoda	Spirostreptida	Pseudonannolenidae	Pseudonannolene	Pseudonannolene spelaea		SPECIES	Pseudonannolene spelaea Iniesta & Ferreira, 2013	Pseudonannolene spelaea Iniesta & Ferreira 2013	Iniesta & Ferreira 2013	BR	FLONA Carajas, N 1 _ 37 cave	Para	PRESENT	1	a064f300-1bc8-41ea-9364-b864ef4e8938	-6.030922	-50.27478							2007-09-28	28	9	2007	9516060	9516060	MATERIAL_CITATION	FLONA, R		IBSP 7328				CC0_1_0		R. Andrade			2025-11-08T05:37:45.474Z		GEODETIC_DATUM_ASSUMED_WGS84;CONTINENT_DERIVED_FROM_COORDINATES;TAXON_ID_NOT_FOUND;OCCURRENCE_STATUS_INFERRED_FROM_INDIVIDUAL_COUNT;INSTITUTION_MATCH_NONE
4101310076	1d2570da-e150-4d75-94d8-bfc5813062bc	03F887BA1329B17D4D53F927FEA0562F.mc.3B393CF11328B17A4E42FBACFD3D5140	Animalia	Arthropoda	Diplopoda	Spirostreptida	Pseudonannolenidae	Pseudonannolene	Pseudonannolene buhrnheimi		SPECIES	Pseudonannolene buhrnheimi Schubart, 1960	Pseudonannolene buhrnheimi Schubart 1960	Schubart 1960	BR	Santa Teresa	Rio de Janeiro	PRESENT	2	a064f300-1bc8-41ea-9364-b864ef4e8938	-22.94226	-43.21221							1960-10-16	16	10	1960	9535141	9535141	MATERIAL_CITATION	MZSP						CC0_1_0		O. Schubart & J. Schubart & P. Buhrnheim			2025-11-08T05:37:45.420Z		GEODETIC_DATUM_ASSUMED_WGS84;CONTINENT_DERIVED_FROM_COORDINATES;TAXON_ID_NOT_FOUND;OCCURRENCE_STATUS_INFERRED_FROM_INDIVIDUAL_COUNT;COLLECTION_MATCH_NONE;INSTITUTION_MATCH_FUZZY
4101310072	1d2570da-e150-4d75-94d8-bfc5813062bc	03F887BA1315B1484D45F9EEFC01571A.mc.3B393CF11314B1464BB6F8C8FE5152BA	Animalia	Arthropoda	Diplopoda	Spirostreptida	Pseudonannolenidae	Pseudonannolene	Pseudonannolene halophila		SPECIES	Pseudonannolene halophila Schubart, 1949	Pseudonannolene halophila Schubart 1949	Schubart 1949	BR	Ilha da Queimada Grande	Sao Paulo	PRESENT	17	a064f300-1bc8-41ea-9364-b864ef4e8938	-24.487923	-46.674156			53.0				2003-04-28	28	4	2003	6186012	6186012	MATERIAL_CITATION	R		IBSP 1336				CC0_1_0		R. P. Indicatti & C. A. R. de Souza			2025-11-08T05:37:45.378Z		GEODETIC_DATUM_ASSUMED_WGS84;CONTINENT_DERIVED_FROM_COORDINATES;TAXON_ID_NOT_FOUND;OCCURRENCE_STATUS_INFERRED_FROM_INDIVIDUAL_COUNT;AMBIGUOUS_INSTITUTION
4101310071	1d2570da-e150-4d75-94d8-bfc5813062bc	03F887BA1309B15F4EA9FEE4FC055083.mc.3B393CF1130FB15D4CADFD1AFE24560A	Animalia	Arthropoda	Diplopoda	Spirostreptida	Pseudonannolenidae	Pseudonannolene	Pseudonannolene microzoporus		SPECIES	Pseudonannolene microzoporus Mauriès, 1987	Pseudonannolene microzoporus Mauries 1987	Mauries 1987	BR		Bahia	PRESENT	1	a064f300-1bc8-41ea-9364-b864ef4e8938													1026408	1026408	MATERIAL_CITATION	IBSP		IBSP 5704				CC0_1_0					2025-11-08T05:37:45.377Z		CONTINENT_DERIVED_FROM_COUNTRY;TAXON_ID_NOT_FOUND;OCCURRENCE_STATUS_INFERRED_FROM_INDIVIDUAL_COUNT;COLLECTION_MATCH_NONE;INSTITUTION_MATCH_FUZZY
4101310070	1d2570da-e150-4d75-94d8-bfc5813062bc	03F887BA132FB17F4EB3FCD4FDA5561E.mc.3B393CF1132EB17C4B7EFD46FD6357D9	Animalia	Arthropoda	Diplopoda	Spirostreptida	Pseudonannolenidae	Pseudonannolene	Pseudonannolene caatinga		SPECIES	Pseudonannolene caatinga Iniesta & Ferreira, 2014	Pseudonannolene caatinga Iniesta & Ferreira 2014	Iniesta & Ferreira 2014	BR	Caetite	Bahia	PRESENT	1	a064f300-1bc8-41ea-9364-b864ef4e8938	-14.066228	-42.486908							2008-12-08	8	12	2008	8682135	8682135	MATERIAL_CITATION	IBSP		IBSP 5770				CC0_1_0		Andrade			2025-11-08T05:37:45.376Z		GEODETIC_DATUM_ASSUMED_WGS84;CONTINENT_DERIVED_FROM_COORDINATES;TAXON_ID_NOT_FOUND;OCCURRENCE_STATUS_INFERRED_FROM_INDIVIDUAL_COUNT;COLLECTION_MATCH_NONE;INSTITUTION_MATCH_FUZZY
4101310069	1d2570da-e150-4d75-94d8-bfc5813062bc	03F887BA1309B15F4EA9FEE4FC055083.mc.3B393CF11308B15A4FEBFCC8FE96565F	Animalia	Arthropoda	Diplopoda	Spirostreptida	Pseudonannolenidae	Pseudonannolene	Pseudonannolene microzoporus		SPECIES	Pseudonannolene microzoporus Mauriès, 1987	Pseudonannolene microzoporus Mauries 1987	Mauries 1987	BR	BRAZIL	Minas Gerais	PRESENT	3	a064f300-1bc8-41ea-9364-b864ef4e8938	-20.369646	-45.669437							1986-03		3	1986	1026408	1026408	MATERIAL_CITATION	MZSP						CC0_1_0		Zampaulo	Paratype		2025-11-08T05:37:45.374Z		GEODETIC_DATUM_ASSUMED_WGS84;CONTINENT_DERIVED_FROM_COORDINATES;TAXON_ID_NOT_FOUND;OCCURRENCE_STATUS_INFERRED_FROM_INDIVIDUAL_COUNT;COLLECTION_MATCH_NONE;INSTITUTION_MATCH_FUZZY
4101310068	1d2570da-e150-4d75-94d8-bfc5813062bc	03F887BA131AB14A4D51FDA7FE6054B2.mc.3B393CF11319B14B4D19FEC0FD0F5454	Animalia	Arthropoda	Diplopoda	Spirostreptida	Pseudonannolenidae	Pseudonannolene	Pseudonannolene imbirensis		SPECIES	Pseudonannolene imbirensis Fontanetti, 1996	Pseudonannolene imbirensis Fontanetti 1996	Fontanetti 1996	BR	inside cave Angelica	Goias	PRESENT	2	a064f300-1bc8-41ea-9364-b864ef4e8938	-13.522824	-46.38207			572.0				2001-05-07	7	5	2001	11693169	11693169	MATERIAL_CITATION	MNRJ						CC0_1_0		A. Chagas Jr.			2025-11-08T05:37:45.373Z		GEODETIC_DATUM_ASSUMED_WGS84;CONTINENT_DERIVED_FROM_COORDINATES;TAXON_ID_NOT_FOUND;OCCURRENCE_STATUS_INFERRED_FROM_INDIVIDUAL_COUNT;COLLECTION_MATCH_NONE;INSTITUTION_MATCH_FUZZY
4101310067	1d2570da-e150-4d75-94d8-bfc5813062bc	03F887BA1310B1454EA2FC15FC77528B.mc.3B393CF11317B1454BF5FE10FEE05765	Animalia	Arthropoda	Diplopoda	Spirostreptida	Pseudonannolenidae	Pseudonannolene	Pseudonannolene erikae		SPECIES	Pseudonannolene erikae Iniesta & Ferreira, 2014	Pseudonannolene erikae Iniesta & Ferreira 2014	Iniesta & Ferreira 2014	BR	cave Vaca Tonta	Minas Gerais	PRESENT	1	a064f300-1bc8-41ea-9364-b864ef4e8938	-19.566664	-44.07879			793.0				2018-01-04	4	1	2018	8568561	8568561	MATERIAL_CITATION	IBSP		IBSP 7467				CC0_1_0		Equipe Spelayon			2025-11-08T05:37:45.361Z		GEODETIC_DATUM_ASSUMED_WGS84;CONTINENT_DERIVED_FROM_COORDINATES;TAXON_ID_NOT_FOUND;OCCURRENCE_STATUS_INFERRED_FROM_INDIVIDUAL_COUNT;COLLECTION_MATCH_NONE;INSTITUTION_MATCH_FUZZY
4101310065	1d2570da-e150-4d75-94d8-bfc5813062bc	03F887BA1318B14D4EB1FE5FFB395171.mc.3B393CF11318B14A4FEBFBDBFE5E514B	Animalia	Arthropoda	Diplopoda	Spirostreptida	Pseudonannolenidae	Pseudonannolene	Pseudonannolene inops		SPECIES	Pseudonannolene inops Brölemann, 1929	Pseudonannolene inops (Brolemann 1929) Brolemann 1929	(Brolemann 1929) Brolemann 1929	BR	Fepagro	Rio Grande do Sul	PRESENT	1	a064f300-1bc8-41ea-9364-b864ef4e8938					22.0				2002-01		1	2002	12190076	12190076	MATERIAL_CITATION	IBSP		IBSP 2505				CC0_1_0		Equipe Biota			2025-11-08T05:37:45.357Z		CONTINENT_DERIVED_FROM_COUNTRY;TAXON_ID_NOT_FOUND;OCCURRENCE_STATUS_INFERRED_FROM_INDIVIDUAL_COUNT;COLLECTION_MATCH_NONE;INSTITUTION_MATCH_FUZZY
4101310064	1d2570da-e150-4d75-94d8-bfc5813062bc	03F887BA1356B1074D60FEE4FB225095.mc.3B393CF11356B1044B80FA53FD6750C2	Animalia	Arthropoda	Diplopoda	Spirostreptida	Pseudonannolenidae	Pseudonannolene	Pseudonannolene bucculenta		SPECIES	Pseudonannolene bucculenta Iniesta, Bouzan & Brescovit, 2023	Pseudonannolene bucculenta Iniesta, Bouzan, and Brescovit 2023	Iniesta, Bouzan, and Brescovit 2023	BR	Samuel de Paula	Minas Gerais	PRESENT	5	a064f300-1bc8-41ea-9364-b864ef4e8938	-20.001055	-43.871086			975.0				2006-10		10	2006	12224748	12224748	MATERIAL_CITATION	IBSP		IBSP 3413				CC0_1_0		de Paula & J. P. P. Pena-Barbosa			2025-11-08T05:37:45.355Z		GEODETIC_DATUM_ASSUMED_WGS84;CONTINENT_DERIVED_FROM_COORDINATES;TAXON_ID_NOT_FOUND;OCCURRENCE_STATUS_INFERRED_FROM_INDIVIDUAL_COUNT;COLLECTION_MATCH_NONE;INSTITUTION_MATCH_FUZZY
4101310063	1d2570da-e150-4d75-94d8-bfc5813062bc	03F887BA1367B1374EBAFAB0FAD650FC.mc.3B393CF11366B1344D7DFBFCFEED5170	Animalia	Arthropoda	Diplopoda	Spirostreptida	Pseudonannolenidae	Pseudonannolene	Pseudonannolene spelaea		SPECIES	Pseudonannolene spelaea Iniesta & Ferreira, 2013	Pseudonannolene spelaea Iniesta & Ferreira 2013	Iniesta & Ferreira 2013	BR		Para	PRESENT	1	a064f300-1bc8-41ea-9364-b864ef4e8938	-6.034235	-50.16817							2008-10-07	7	10	2008	9516060	9516060	MATERIAL_CITATION	R		IBSP 7337				CC0_1_0		R. Andrade			2025-11-08T05:37:45.351Z		GEODETIC_DATUM_ASSUMED_WGS84;CONTINENT_DERIVED_FROM_COORDINATES;TAXON_ID_NOT_FOUND;OCCURRENCE_STATUS_INFERRED_FROM_INDIVIDUAL_COUNT;AMBIGUOUS_INSTITUTION
4101310062	1d2570da-e150-4d75-94d8-bfc5813062bc	03F887BA131FB14C4EB4FB9AFCE85203.mc.3B393CF1131EB14C4BC8FE9EFE6954ED	Animalia	Arthropoda	Diplopoda	Spirostreptida	Pseudonannolenidae	Pseudonannolene	Pseudonannolene leopoldoi		SPECIES	Pseudonannolene leopoldoi Iniesta & Ferreira, 2014	Pseudonannolene leopoldoi Iniesta & Ferreira 2014	Iniesta & Ferreira 2014	BR	Montes Claros	Minas Gerais	PRESENT	1	a064f300-1bc8-41ea-9364-b864ef4e8938	-16.733519	-43.85807			53.0				2016-08-21	21	8	2016	8502029	8502029	MATERIAL_CITATION	OCML, IBSP		IBSP 7891				CC0_1_0		A. Koken			2025-11-08T05:37:45.354Z		GEODETIC_DATUM_ASSUMED_WGS84;CONTINENT_DERIVED_FROM_COORDINATES;TAXON_ID_NOT_FOUND;OCCURRENCE_STATUS_INFERRED_FROM_INDIVIDUAL_COUNT;INSTITUTION_MATCH_NONE
4101310061	1d2570da-e150-4d75-94d8-bfc5813062bc	03F887BA1356B1074D60FEE4FB225095.mc.3B393CF11356B1044FEBFAB9FC545051	Animalia	Arthropoda	Diplopoda	Spirostreptida	Pseudonannolenidae	Pseudonannolene	Pseudonannolene bucculenta		SPECIES	Pseudonannolene bucculenta Iniesta, Bouzan & Brescovit, 2023	Pseudonannolene bucculenta Iniesta, Bouzan, and Brescovit 2023	Iniesta, Bouzan, and Brescovit 2023	BR	Samuel de Paula	Minas Gerais	PRESENT	3	a064f300-1bc8-41ea-9364-b864ef4e8938	-20.001055	-43.871086			975.0				2006-10		10	2006	12224748	12224748	MATERIAL_CITATION	IBSP		IBSP 3403				CC0_1_0		de Paula & J. P. P. Pena-Barbosa			2025-11-08T05:37:45.350Z		GEODETIC_DATUM_ASSUMED_WGS84;CONTINENT_DERIVED_FROM_COORDINATES;TAXON_ID_NOT_FOUND;OCCURRENCE_STATUS_INFERRED_FROM_INDIVIDUAL_COUNT;COLLECTION_MATCH_NONE;INSTITUTION_MATCH_FUZZY
4101310060	1d2570da-e150-4d75-94d8-bfc5813062bc	03F887BA1309B15F4EA9FEE4FC055083.mc.3B393CF1130FB15D4B57F91FFD76520F	Animalia	Arthropoda	Diplopoda	Spirostreptida	Pseudonannolenidae	Pseudonannolene	Pseudonannolene microzoporus		SPECIES	Pseudonannolene microzoporus Mauriès, 1987	Pseudonannolene microzoporus Mauries 1987	Mauries 1987	BR		Bahia	PRESENT	1	a064f300-1bc8-41ea-9364-b864ef4e8938									2011-02-08	8	2	2011	1026408	1026408	MATERIAL_CITATION	IBSP		IBSP 5693				CC0_1_0					2025-11-08T05:37:45.348Z		CONTINENT_DERIVED_FROM_COUNTRY;TAXON_ID_NOT_FOUND;OCCURRENCE_STATUS_INFERRED_FROM_INDIVIDUAL_COUNT;COLLECTION_MATCH_NONE;INSTITUTION_MATCH_FUZZY
4101310058	1d2570da-e150-4d75-94d8-bfc5813062bc	03F887BA1373B1234D42FCF9FB915768.mc.3B393CF11372B1204FEBFD43FE9357D3	Animalia	Arthropoda	Diplopoda	Spirostreptida	Pseudonannolenidae	Pseudonannolene	Pseudonannolene ophiiulus		SPECIES	Pseudonannolene ophiiulus Schubart, 1944	Pseudonannolene ophiiulus Schubart 1944	Schubart 1944	BR	Rio Claro	Sao Paulo	PRESENT	2	a064f300-1bc8-41ea-9364-b864ef4e8938	-22.415956	-47.56535			614.0				1941-11-16	16	11	1941	6185999	6185999	MATERIAL_CITATION	MZSP						CC0_1_0		O. Schubart			2025-11-08T05:37:45.345Z		GEODETIC_DATUM_ASSUMED_WGS84;CONTINENT_DERIVED_FROM_COORDINATES;TAXON_ID_NOT_FOUND;OCCURRENCE_STATUS_INFERRED_FROM_INDIVIDUAL_COUNT;COLLECTION_MATCH_NONE;INSTITUTION_MATCH_FUZZY
4101310057	1d2570da-e150-4d75-94d8-bfc5813062bc	03F887BA1309B15F4EA9FEE4FC055083.mc.3B393CF11308B15A4BBCFA65FCCE50F8	Animalia	Arthropoda	Diplopoda	Spirostreptida	Pseudonannolenidae	Pseudonannolene	Pseudonannolene microzoporus		SPECIES	Pseudonannolene microzoporus Mauriès, 1987	Pseudonannolene microzoporus Mauries 1987	Mauries 1987	BR	Gruta do Padre cave	Bahia	PRESENT	3	a064f300-1bc8-41ea-9364-b864ef4e8938	-12.980311	-44.051342			543.0				2014-07-11	11	7	2014	1026408	1026408	MATERIAL_CITATION	IBSP		IBSP 7637				CC0_1_0		L. S. Silva			2025-11-08T05:37:45.342Z		GEODETIC_DATUM_ASSUMED_WGS84;CONTINENT_DERIVED_FROM_COORDINATES;TAXON_ID_NOT_FOUND;OCCURRENCE_STATUS_INFERRED_FROM_INDIVIDUAL_COUNT;COLLECTION_MATCH_NONE;INSTITUTION_MATCH_FUZZY
4101310056	1d2570da-e150-4d75-94d8-bfc5813062bc	03F887BA1309B15F4EA9FEE4FC055083.mc.3B393CF1130FB15D4D54FDAAFEA157BA	Animalia	Arthropoda	Diplopoda	Spirostreptida	Pseudonannolenidae	Pseudonannolene	Pseudonannolene microzoporus		SPECIES	Pseudonannolene microzoporus Mauriès, 1987	Pseudonannolene microzoporus Mauries 1987	Mauries 1987	BR		Bahia	PRESENT	3	a064f300-1bc8-41ea-9364-b864ef4e8938													1026408	1026408	MATERIAL_CITATION	IBSP		IBSP 5747				CC0_1_0					2025-11-08T05:37:45.343Z		CONTINENT_DERIVED_FROM_COUNTRY;TAXON_ID_NOT_FOUND;OCCURRENCE_STATUS_INFERRED_FROM_INDIVIDUAL_COUNT;COLLECTION_MATCH_NONE;INSTITUTION_MATCH_FUZZY
4101310055	1d2570da-e150-4d75-94d8-bfc5813062bc	03F887BA1315B1484D45F9EEFC01571A.mc.3B393CF11314B1464BB8F97BFF6253C9	Animalia	Arthropoda	Diplopoda	Spirostreptida	Pseudonannolenidae	Pseudonannolene	Pseudonannolene halophila		SPECIES	Pseudonannolene halophila Schubart, 1949	Pseudonannolene halophila Schubart 1949	Schubart 1949	BR	Rio Branco	Sao Paulo	PRESENT	5	a064f300-1bc8-41ea-9364-b864ef4e8938	-24.18203	-46.78495			12.0				1994-07-16	16	7	1994	6186012	6186012	MATERIAL_CITATION	IBSP		IBSP 1091				CC0_1_0		A. Eterovic			2025-11-08T05:37:45.319Z		GEODETIC_DATUM_ASSUMED_WGS84;CONTINENT_DERIVED_FROM_COORDINATES;TAXON_ID_NOT_FOUND;OCCURRENCE_STATUS_INFERRED_FROM_INDIVIDUAL_COUNT;COLLECTION_MATCH_NONE;INSTITUTION_MATCH_FUZZY
4101310054	1d2570da-e150-4d75-94d8-bfc5813062bc	03F887BA131AB14A4D51FDA7FE6054B2.mc.3B393CF1131AB1484FBCFA0FFBA7531E	Animalia	Arthropoda	Diplopoda	Spirostreptida	Pseudonannolenidae	Pseudonannolene	Pseudonannolene imbirensis		SPECIES	Pseudonannolene imbirensis Fontanetti, 1996	Pseudonannolene imbirensis Fontanetti 1996	Fontanetti 1996	BR	BRAZIL	Goias	PRESENT	2	a064f300-1bc8-41ea-9364-b864ef4e8938	-13.400307	-46.319378			700.0				1988-07		7	1988	11693169	11693169	MATERIAL_CITATION	MZSP		MZSP 1030				CC0_1_0			Paratype		2025-11-08T05:37:45.304Z		GEODETIC_DATUM_ASSUMED_WGS84;CONTINENT_DERIVED_FROM_COORDINATES;TAXON_ID_NOT_FOUND;OCCURRENCE_STATUS_INFERRED_FROM_INDIVIDUAL_COUNT;COLLECTION_MATCH_NONE;INSTITUTION_MATCH_FUZZY
4101310053	1d2570da-e150-4d75-94d8-bfc5813062bc	03F887BA1350B1054D00FAAAFAAC52DE.mc.3B393CF11350B1024FBCF8A1FDC15291	Animalia	Arthropoda	Diplopoda	Spirostreptida	Pseudonannolenidae	Pseudonannolene	Pseudonannolene aurea		SPECIES	Pseudonannolene aurea Iniesta, Bouzan & Brescovit, 2023	Pseudonannolene aurea Iniesta, Bouzan, and Brescovit 2023	Iniesta, Bouzan, and Brescovit 2023	BR	Mojadores cave	Tocantins	PRESENT	1	a064f300-1bc8-41ea-9364-b864ef4e8938	-11.624226	-46.820595			672.0				2017-12-04	4	12	2017	12242100	12242100	MATERIAL_CITATION	IBSP		IBSP 5858				CC0_1_0		F. Pellegatti	Holotype		2025-11-08T05:37:45.303Z		GEODETIC_DATUM_ASSUMED_WGS84;CONTINENT_DERIVED_FROM_COORDINATES;TAXON_ID_NOT_FOUND;OCCURRENCE_STATUS_INFERRED_FROM_INDIVIDUAL_COUNT;COLLECTION_MATCH_NONE;INSTITUTION_MATCH_FUZZY
4101310052	1d2570da-e150-4d75-94d8-bfc5813062bc	03F887BA1371B1224D74FD91FED55297.mc.3B393CF11371B1224A1FF843FCEE541D	Animalia	Arthropoda	Diplopoda	Spirostreptida	Pseudonannolenidae	Pseudonannolene	Pseudonannolene parvula		SPECIES	Pseudonannolene parvula Silvestri, 1902	Pseudonannolene parvula Silvestri 1902	Silvestri 1902	BR	Parque Nacional do Iguacu	Parana	PRESENT	1	a064f300-1bc8-41ea-9364-b864ef4e8938	-25.500435	-54.58335			195.0				2002-03-03	3	3	2002	1026412	1026412	MATERIAL_CITATION	IBSP		IBSP 1966				CC0_1_0		Equipe Biota			2025-11-08T05:37:45.301Z		GEODETIC_DATUM_ASSUMED_WGS84;CONTINENT_DERIVED_FROM_COORDINATES;TAXON_ID_NOT_FOUND;OCCURRENCE_STATUS_INFERRED_FROM_INDIVIDUAL_COUNT;COLLECTION_MATCH_NONE;INSTITUTION_MATCH_FUZZY
4101310051	1d2570da-e150-4d75-94d8-bfc5813062bc	03F887BA1373B1234D42FCF9FB915768.mc.3B393CF11372B1204BCEFD1AFB6C560D	Animalia	Arthropoda	Diplopoda	Spirostreptida	Pseudonannolenidae	Pseudonannolene	Pseudonannolene ophiiulus		SPECIES	Pseudonannolene ophiiulus Schubart, 1944	Pseudonannolene ophiiulus Schubart 1944	Schubart 1944	BR	Bairro Sao Benedito	Sao Paulo	PRESENT	4	a064f300-1bc8-41ea-9364-b864ef4e8938	-22.41916	-47.56565			677.0				1984-11-17	17	11	1984	6185999	6185999	MATERIAL_CITATION	MZSP						CC0_1_0		E. Giannoti			2025-11-08T05:37:45.277Z		GEODETIC_DATUM_ASSUMED_WGS84;CONTINENT_DERIVED_FROM_COORDINATES;TAXON_ID_NOT_FOUND;OCCURRENCE_STATUS_INFERRED_FROM_INDIVIDUAL_COUNT;COLLECTION_MATCH_NONE;INSTITUTION_MATCH_FUZZY
4101310050	1d2570da-e150-4d75-94d8-bfc5813062bc	03F887BA1309B15F4EA9FEE4FC055083.mc.3B393CF11308B15A4A5DF94FFC9453DF	Animalia	Arthropoda	Diplopoda	Spirostreptida	Pseudonannolenidae	Pseudonannolene	Pseudonannolene microzoporus		SPECIES	Pseudonannolene microzoporus Mauriès, 1987	Pseudonannolene microzoporus Mauries 1987	Mauries 1987	BR	Mocambeiro	Bahia	PRESENT	2	a064f300-1bc8-41ea-9364-b864ef4e8938	-19.535425	-44.026974							2011-04-04	4	4	2011	1026408	1026408	MATERIAL_CITATION	IBSP		IBSP 5700				CC0_1_0		F. P. Franco			2025-11-08T05:37:45.269Z		GEODETIC_DATUM_ASSUMED_WGS84;CONTINENT_DERIVED_FROM_COORDINATES;TAXON_ID_NOT_FOUND;OCCURRENCE_STATUS_INFERRED_FROM_INDIVIDUAL_COUNT;COLLECTION_MATCH_NONE;INSTITUTION_MATCH_FUZZY
4101310049	1d2570da-e150-4d75-94d8-bfc5813062bc	03F887BA1367B1374EBAFAB0FAD650FC.mc.3B393CF11366B1344E42FBBBFAFE514F	Animalia	Arthropoda	Diplopoda	Spirostreptida	Pseudonannolenidae	Pseudonannolene	Pseudonannolene spelaea		SPECIES	Pseudonannolene spelaea Iniesta & Ferreira, 2013	Pseudonannolene spelaea Iniesta & Ferreira 2013	Iniesta & Ferreira 2013	BR		Para	PRESENT	2	a064f300-1bc8-41ea-9364-b864ef4e8938	-6.041148	-50.218742							2013-08-02	2	8	2013	9516060	9516060	MATERIAL_CITATION	R		IBSP 7364				CC0_1_0		R. Andrade			2025-11-08T05:37:45.271Z		GEODETIC_DATUM_ASSUMED_WGS84;CONTINENT_DERIVED_FROM_COORDINATES;TAXON_ID_NOT_FOUND;OCCURRENCE_STATUS_INFERRED_FROM_INDIVIDUAL_COUNT;AMBIGUOUS_INSTITUTION
4101310048	1d2570da-e150-4d75-94d8-bfc5813062bc	03F887BA1369B13C4D45F916FC1A53ED.mc.3B393CF1136FB13D4C99FA5AFCE750CD	Animalia	Arthropoda	Diplopoda	Spirostreptida	Pseudonannolenidae	Pseudonannolene	Pseudonannolene tricolor		SPECIES	Pseudonannolene tricolor Brölemann, 1902	Pseudonannolene tricolor Brolemann 1902	Brolemann 1902	BR	Jaguari-Mirim River	Sao Paulo	PRESENT	4	a064f300-1bc8-41ea-9364-b864ef4e8938									1941-02-04	4	2	1941	1026426	1026426	MATERIAL_CITATION	MZSP						CC0_1_0		O. Schubart			2025-11-08T05:37:45.273Z		CONTINENT_DERIVED_FROM_COUNTRY;TAXON_ID_NOT_FOUND;OCCURRENCE_STATUS_INFERRED_FROM_INDIVIDUAL_COUNT;COLLECTION_MATCH_NONE;INSTITUTION_MATCH_FUZZY
4101310047	1d2570da-e150-4d75-94d8-bfc5813062bc	03F887BA1324B1794EADFDD1FBC951E8.mc.3B393CF11324B1764FBCFABEFB1950B0	Animalia	Arthropoda	Diplopoda	Spirostreptida	Pseudonannolenidae	Pseudonannolene	Pseudonannolene anapophysis		SPECIES	Pseudonannolene anapophysis Fontanetti, 1996	Pseudonannolene anapophysis Fontanetti 1996	Fontanetti 1996	BR	BRAZIL	Bahia	PRESENT	4	a064f300-1bc8-41ea-9364-b864ef4e8938	-12.540361	-41.40271							1987-01		1	1987	12228983	12228983	MATERIAL_CITATION	MZSP		MZSP 940				CC0_1_0		F. Chaimowicz	Paratype		2025-11-08T05:37:45.276Z		GEODETIC_DATUM_ASSUMED_WGS84;CONTINENT_DERIVED_FROM_COORDINATES;TAXON_ID_NOT_FOUND;OCCURRENCE_STATUS_INFERRED_FROM_INDIVIDUAL_COUNT;COLLECTION_MATCH_NONE;INSTITUTION_MATCH_FUZZY
4101310046	1d2570da-e150-4d75-94d8-bfc5813062bc	03F887BA1356B1074D60FEE4FB225095.mc.3B393CF11356B1044B07F9E9FD33537D	Animalia	Arthropoda	Diplopoda	Spirostreptida	Pseudonannolenidae	Pseudonannolene	Pseudonannolene bucculenta		SPECIES	Pseudonannolene bucculenta Iniesta, Bouzan & Brescovit, 2023	Pseudonannolene bucculenta Iniesta, Bouzan, and Brescovit 2023	Iniesta, Bouzan, and Brescovit 2023	BR	Samuel de Paula	Minas Gerais	PRESENT	3	a064f300-1bc8-41ea-9364-b864ef4e8938	-20.001055	-43.871086			975.0				2006-10		10	2006	12224748	12224748	MATERIAL_CITATION	IBSP		IBSP 3321				CC0_1_0		de Paula & J. P. P. Pena-Barbosa			2025-11-08T05:37:45.267Z		GEODETIC_DATUM_ASSUMED_WGS84;CONTINENT_DERIVED_FROM_COORDINATES;TAXON_ID_NOT_FOUND;OCCURRENCE_STATUS_INFERRED_FROM_INDIVIDUAL_COUNT;COLLECTION_MATCH_NONE;INSTITUTION_MATCH_FUZZY
4101310045	1d2570da-e150-4d75-94d8-bfc5813062bc	03F887BA1369B13C4D45F916FC1A53ED.mc.3B393CF1136FB13D4CB0F965FCB353F8	Animalia	Arthropoda	Diplopoda	Spirostreptida	Pseudonannolenidae	Pseudonannolene	Pseudonannolene tricolor		SPECIES	Pseudonannolene tricolor Brölemann, 1902	Pseudonannolene tricolor Brolemann 1902	Brolemann 1902	BR		Sao Paulo	PRESENT	1	a064f300-1bc8-41ea-9364-b864ef4e8938									1940-05-25	25	5	1940	1026426	1026426	MATERIAL_CITATION	MZSP						CC0_1_0		O. Schubart			2025-11-08T05:37:45.265Z		CONTINENT_DERIVED_FROM_COUNTRY;TAXON_ID_NOT_FOUND;OCCURRENCE_STATUS_INFERRED_FROM_INDIVIDUAL_COUNT;COLLECTION_MATCH_NONE;INSTITUTION_MATCH_FUZZY
4101310043	1d2570da-e150-4d75-94d8-bfc5813062bc	03F887BA137CB1304EACFD5CFB445752.mc.3B393CF11363B1314C9DFD3FFD34562E	Animalia	Arthropoda	Diplopoda	Spirostreptida	Pseudonannolenidae	Pseudonannolene	Pseudonannolene sebastianus		SPECIES	Pseudonannolene sebastianus Brölemann, 1902	Pseudonannolene sebastianus Brolemann 1902	Brolemann 1902	BR	Santos	Sao Paulo	PRESENT	4	a064f300-1bc8-41ea-9364-b864ef4e8938	-23.967882	-46.328884			6.0				1896-09		9	1896	6186003	6186003	MATERIAL_CITATION	MZSP						CC0_1_0					2025-11-08T05:37:45.219Z		GEODETIC_DATUM_ASSUMED_WGS84;CONTINENT_DERIVED_FROM_COORDINATES;TAXON_ID_NOT_FOUND;OCCURRENCE_STATUS_INFERRED_FROM_INDIVIDUAL_COUNT;COLLECTION_MATCH_NONE;INSTITUTION_MATCH_FUZZY
4101310042	1d2570da-e150-4d75-94d8-bfc5813062bc	03F887BA1318B14D4EB1FE5FFB395171.mc.3B393CF11318B14A4EB7FBB6FA97514B	Animalia	Arthropoda	Diplopoda	Spirostreptida	Pseudonannolenidae	Pseudonannolene	Pseudonannolene inops		SPECIES	Pseudonannolene inops Brölemann, 1929	Pseudonannolene inops (Brolemann 1929) Brolemann 1929	(Brolemann 1929) Brolemann 1929	BR	Fepagro	Rio Grande do Sul	PRESENT	2	a064f300-1bc8-41ea-9364-b864ef4e8938					22.0				2002-01		1	2002	12190076	12190076	MATERIAL_CITATION	IBSP		IBSP 2542				CC0_1_0		Equipe Biota			2025-11-08T05:37:45.218Z		CONTINENT_DERIVED_FROM_COUNTRY;TAXON_ID_NOT_FOUND;OCCURRENCE_STATUS_INFERRED_FROM_INDIVIDUAL_COUNT;COLLECTION_MATCH_NONE;INSTITUTION_MATCH_FUZZY
4101310041	1d2570da-e150-4d75-94d8-bfc5813062bc	03F887BA1309B15F4EA9FEE4FC055083.mc.3B393CF1130EB15C4D0EFE9FFEA7548F	Animalia	Arthropoda	Diplopoda	Spirostreptida	Pseudonannolenidae	Pseudonannolene	Pseudonannolene microzoporus		SPECIES	Pseudonannolene microzoporus Mauriès, 1987	Pseudonannolene microzoporus Mauries 1987	Mauries 1987	BR		Bahia	PRESENT	1	a064f300-1bc8-41ea-9364-b864ef4e8938									2011-06-28	28	6	2011	1026408	1026408	MATERIAL_CITATION	IBSP		IBSP 5651				CC0_1_0					2025-11-08T05:37:45.189Z		CONTINENT_DERIVED_FROM_COUNTRY;TAXON_ID_NOT_FOUND;OCCURRENCE_STATUS_INFERRED_FROM_INDIVIDUAL_COUNT;COLLECTION_MATCH_NONE;INSTITUTION_MATCH_FUZZY
4101310040	1d2570da-e150-4d75-94d8-bfc5813062bc	03F887BA1311B1424D4BFEE4FBEC56ED.mc.3B393CF11311B1434EB3FB82FBF751B6	Animalia	Arthropoda	Diplopoda	Spirostreptida	Pseudonannolenidae	Pseudonannolene	Pseudonannolene curtipes		SPECIES	Pseudonannolene curtipes Schubart, 1960	Pseudonannolene curtipes Schubart 1960	Schubart 1960	BR	Fazenda Forquilha Grande	Goias	PRESENT	1	a064f300-1bc8-41ea-9364-b864ef4e8938	-14.732396	-46.15362							1960-02		2	1960	6185993	6185993	MATERIAL_CITATION	MZSP		MZSP 1022				CC0_1_0		J. Evangelista			2025-11-08T05:37:45.192Z		GEODETIC_DATUM_ASSUMED_WGS84;CONTINENT_DERIVED_FROM_COORDINATES;TAXON_ID_NOT_FOUND;OCCURRENCE_STATUS_INFERRED_FROM_INDIVIDUAL_COUNT;COLLECTION_MATCH_NONE;INSTITUTION_MATCH_FUZZY
4101310039	1d2570da-e150-4d75-94d8-bfc5813062bc	03F887BA1373B1234D42FCF9FB915768.mc.3B393CF11372B1204BC5FDAAFE915798	Animalia	Arthropoda	Diplopoda	Spirostreptida	Pseudonannolenidae	Pseudonannolene	Pseudonannolene ophiiulus		SPECIES	Pseudonannolene ophiiulus Schubart, 1944	Pseudonannolene ophiiulus Schubart 1944	Schubart 1944	BR	Fazenda Santa Maria do Sul	Sao Paulo	PRESENT	1	a064f300-1bc8-41ea-9364-b864ef4e8938	-21.84244	-47.471355			567.0				1940-08-01	1	8	1940	6185999	6185999	MATERIAL_CITATION	MZSP						CC0_1_0		O. Schubart			2025-11-08T05:37:45.193Z		GEODETIC_DATUM_ASSUMED_WGS84;CONTINENT_DERIVED_FROM_COORDINATES;TAXON_ID_NOT_FOUND;OCCURRENCE_STATUS_INFERRED_FROM_INDIVIDUAL_COUNT;COLLECTION_MATCH_NONE;INSTITUTION_MATCH_FUZZY
4101310038	1d2570da-e150-4d75-94d8-bfc5813062bc	03F887BA137CB1304EACFD5CFB445752.mc.3B393CF1137CB12E4D78F8D3FAED5267	Animalia	Arthropoda	Diplopoda	Spirostreptida	Pseudonannolenidae	Pseudonannolene	Pseudonannolene sebastianus		SPECIES	Pseudonannolene sebastianus Brölemann, 1902	Pseudonannolene sebastianus Brolemann 1902	Brolemann 1902	BR	Ilhabela	Sao Paulo	PRESENT	2	a064f300-1bc8-41ea-9364-b864ef4e8938	-23.818665	-45.36816			1.0				2001-10-09	9	10	2001	6186003	6186003	MATERIAL_CITATION	IBSP		IBSP 1391				CC0_1_0		Equipe Biota			2025-11-08T05:37:45.187Z		GEODETIC_DATUM_ASSUMED_WGS84;CONTINENT_DERIVED_FROM_COORDINATES;TAXON_ID_NOT_FOUND;OCCURRENCE_STATUS_INFERRED_FROM_INDIVIDUAL_COUNT;COLLECTION_MATCH_NONE;INSTITUTION_MATCH_FUZZY
4101310037	1d2570da-e150-4d75-94d8-bfc5813062bc	03F887BA1309B15F4EA9FEE4FC055083.mc.3B393CF1130FB15D4E0EFD1AFC7A562F	Animalia	Arthropoda	Diplopoda	Spirostreptida	Pseudonannolenidae	Pseudonannolene	Pseudonannolene microzoporus		SPECIES	Pseudonannolene microzoporus Mauriès, 1987	Pseudonannolene microzoporus Mauries 1987	Mauries 1987	BR		Bahia	PRESENT	1	a064f300-1bc8-41ea-9364-b864ef4e8938													1026408	1026408	MATERIAL_CITATION	IBSP		IBSP 5703				CC0_1_0					2025-11-08T05:37:45.185Z		CONTINENT_DERIVED_FROM_COUNTRY;TAXON_ID_NOT_FOUND;OCCURRENCE_STATUS_INFERRED_FROM_INDIVIDUAL_COUNT;COLLECTION_MATCH_NONE;INSTITUTION_MATCH_FUZZY
4101310036	1d2570da-e150-4d75-94d8-bfc5813062bc	03F887BA136CB1014D70FB4DFD9352E0.mc.3B393CF11353B1014D76FD85FDDB5798	Animalia	Arthropoda	Diplopoda	Spirostreptida	Pseudonannolenidae	Pseudonannolene	Pseudonannolene urbica		SPECIES	Pseudonannolene urbica Schubart, 1945	Pseudonannolene urbica Schubart 1945	Schubart 1945	BR	Fazenda Sao Bento	Sao Paulo	PRESENT	1	a064f300-1bc8-41ea-9364-b864ef4e8938	-22.708012	-46.7726			687.0				1943-03-08	8	3	1943	6186006	6186006	MATERIAL_CITATION	MZSP						CC0_1_0		F. Lane			2025-11-08T05:37:45.165Z		GEODETIC_DATUM_ASSUMED_WGS84;CONTINENT_DERIVED_FROM_COORDINATES;TAXON_ID_NOT_FOUND;OCCURRENCE_STATUS_INFERRED_FROM_INDIVIDUAL_COUNT;COLLECTION_MATCH_NONE;INSTITUTION_MATCH_FUZZY
4101310035	1d2570da-e150-4d75-94d8-bfc5813062bc	03F887BA1329B17D4D53F927FEA0562F.mc.3B393CF11328B17A4C8EFC16FDD45109	Animalia	Arthropoda	Diplopoda	Spirostreptida	Pseudonannolenidae	Pseudonannolene	Pseudonannolene buhrnheimi		SPECIES	Pseudonannolene buhrnheimi Schubart, 1960	Pseudonannolene buhrnheimi Schubart 1960	Schubart 1960	BR	Reserva Ecologica Guapiassu	Rio de Janeiro	PRESENT	2	a064f300-1bc8-41ea-9364-b864ef4e8938	-22.452806	-42.770294			34.0				2001-10-08	8	10	2001	9535141	9535141	MATERIAL_CITATION	IBSP		IBSP 2399				CC0_1_0		Equipe Biota			2025-11-08T05:37:45.163Z		GEODETIC_DATUM_ASSUMED_WGS84;CONTINENT_DERIVED_FROM_COORDINATES;TAXON_ID_NOT_FOUND;OCCURRENCE_STATUS_INFERRED_FROM_INDIVIDUAL_COUNT;COLLECTION_MATCH_NONE;INSTITUTION_MATCH_FUZZY
4101310034	1d2570da-e150-4d75-94d8-bfc5813062bc	03F887BA1321B1724D58FEE4FBC35029.mc.3B393CF11321B1734C1CFA82FD835095	Animalia	Arthropoda	Diplopoda	Spirostreptida	Pseudonannolenidae	Pseudonannolene	Pseudonannolene albiventris		SPECIES	Pseudonannolene albiventris Schubart, 1952	Pseudonannolene albiventris Schubart 1952	Schubart 1952	BR	Piracicaba	Sao Paulo	PRESENT	2	a064f300-1bc8-41ea-9364-b864ef4e8938	-22.735151	-47.647892			532.0				1949-10-24	24	10	1949	6185997	6185997	MATERIAL_CITATION	MZSP						CC0_1_0		F. P. Monteiro			2025-11-08T05:37:45.160Z		GEODETIC_DATUM_ASSUMED_WGS84;CONTINENT_DERIVED_FROM_COORDINATES;TAXON_ID_NOT_FOUND;OCCURRENCE_STATUS_INFERRED_FROM_INDIVIDUAL_COUNT;COLLECTION_MATCH_NONE;INSTITUTION_MATCH_FUZZY
4101310032	1d2570da-e150-4d75-94d8-bfc5813062bc	03F887BA1365B1394D74FA05FAEF5669.mc.3B393CF11364B1364BD2FE07FDCF5716	Animalia	Arthropoda	Diplopoda	Spirostreptida	Pseudonannolenidae	Pseudonannolene	Pseudonannolene strinatii		SPECIES	Pseudonannolene strinatii Mauriès, 1974	Pseudonannolene strinatii Mauries 1974	Mauries 1974	BR	Parque Estadual Turistico do Alto Ribeira	Sao Paulo	PRESENT	1	a064f300-1bc8-41ea-9364-b864ef4e8938	-24.485867	-48.646698			570.0				1992-07		7	1992	6186013	6186013	MATERIAL_CITATION	IBSP		IBSP 7635				CC0_1_0		A. Eterovic			2025-11-08T05:37:45.155Z		GEODETIC_DATUM_ASSUMED_WGS84;CONTINENT_DERIVED_FROM_COORDINATES;TAXON_ID_NOT_FOUND;OCCURRENCE_STATUS_INFERRED_FROM_INDIVIDUAL_COUNT;COLLECTION_MATCH_NONE;INSTITUTION_MATCH_FUZZY
4101310031	1d2570da-e150-4d75-94d8-bfc5813062bc	03F887BA1306B1564D40FB75FC835700.mc.3B393CF11305B1574E44FD88FAFE5740	Animalia	Arthropoda	Diplopoda	Spirostreptida	Pseudonannolenidae	Pseudonannolene	Pseudonannolene maritima		SPECIES	Pseudonannolene maritima Schubart, 1949	Pseudonannolene maritima Schubart 1949	Schubart 1949	BR	Ilha da Queimada Grande	Sao Paulo	PRESENT	1	a064f300-1bc8-41ea-9364-b864ef4e8938	-24.487923	-46.674156			103.0				2003-04-29	29	4	2003	6186005	6186005	MATERIAL_CITATION	R		IBSP 2829				CC0_1_0		R. P. Indicatti			2025-11-08T05:37:45.157Z		GEODETIC_DATUM_ASSUMED_WGS84;CONTINENT_DERIVED_FROM_COORDINATES;TAXON_ID_NOT_FOUND;OCCURRENCE_STATUS_INFERRED_FROM_INDIVIDUAL_COUNT;AMBIGUOUS_INSTITUTION
4101310030	1d2570da-e150-4d75-94d8-bfc5813062bc	03F887BA1309B15F4EA9FEE4FC055083.mc.3B393CF1130FB15D4D48FE7AFEA654EA	Animalia	Arthropoda	Diplopoda	Spirostreptida	Pseudonannolenidae	Pseudonannolene	Pseudonannolene microzoporus		SPECIES	Pseudonannolene microzoporus Mauriès, 1987	Pseudonannolene microzoporus Mauries 1987	Mauries 1987	BR		Bahia	PRESENT	2	a064f300-1bc8-41ea-9364-b864ef4e8938													1026408	1026408	MATERIAL_CITATION	IBSP		IBSP 5707				CC0_1_0					2025-11-08T05:37:45.154Z		CONTINENT_DERIVED_FROM_COUNTRY;TAXON_ID_NOT_FOUND;OCCURRENCE_STATUS_INFERRED_FROM_INDIVIDUAL_COUNT;COLLECTION_MATCH_NONE;INSTITUTION_MATCH_FUZZY
4101310029	1d2570da-e150-4d75-94d8-bfc5813062bc	03F887BA1369B13C4D45F916FC1A53ED.mc.3B393CF1136FB13D4A17FA7FFC2E50EE	Animalia	Arthropoda	Diplopoda	Spirostreptida	Pseudonannolenidae	Pseudonannolene	Pseudonannolene tricolor		SPECIES	Pseudonannolene tricolor Brölemann, 1902	Pseudonannolene tricolor Brolemann 1902	Brolemann 1902	BR	Jaguari-Mirim River	Sao Paulo	PRESENT	1	a064f300-1bc8-41ea-9364-b864ef4e8938									1945-03-16	16	3	1945	1026426	1026426	MATERIAL_CITATION	MZSP						CC0_1_0		A. Boggi			2025-11-08T05:37:45.152Z		CONTINENT_DERIVED_FROM_COUNTRY;TAXON_ID_NOT_FOUND;OCCURRENCE_STATUS_INFERRED_FROM_INDIVIDUAL_COUNT;COLLECTION_MATCH_NONE;INSTITUTION_MATCH_FUZZY
4101310028	1d2570da-e150-4d75-94d8-bfc5813062bc	03F887BA1361B1354D4FF9B8FAB4500B.mc.3B393CF11360B1324FEBFBB5FC5C514D	Animalia	Arthropoda	Diplopoda	Spirostreptida	Pseudonannolenidae	Pseudonannolene	Pseudonannolene silvestris		SPECIES	Pseudonannolene silvestris Schubart, 1944	Pseudonannolene silvestris Schubart 1944	Schubart 1944	BR	Parque Estadual Turistico do Alto Ribeira	Sao Paulo	PRESENT	1	a064f300-1bc8-41ea-9364-b864ef4e8938	-24.485867	-48.646698			570.0				2001-11-08	8	11	2001	1026418	1026418	MATERIAL_CITATION	IBSP		IBSP 2245				CC0_1_0		Equipe Biota			2025-11-08T05:37:45.151Z		GEODETIC_DATUM_ASSUMED_WGS84;CONTINENT_DERIVED_FROM_COORDINATES;TAXON_ID_NOT_FOUND;OCCURRENCE_STATUS_INFERRED_FROM_INDIVIDUAL_COUNT;COLLECTION_MATCH_NONE;INSTITUTION_MATCH_FUZZY
4101310025	1d2570da-e150-4d75-94d8-bfc5813062bc	03F887BA1329B17D4D53F927FEA0562F.mc.3B393CF11328B17A4B7EFC7CFE7C56F3	Animalia	Arthropoda	Diplopoda	Spirostreptida	Pseudonannolenidae	Pseudonannolene	Pseudonannolene buhrnheimi		SPECIES	Pseudonannolene buhrnheimi Schubart, 1960	Pseudonannolene buhrnheimi Schubart 1960	Schubart 1960	BR	Reserva Ecologica Guapiassu	Rio de Janeiro	PRESENT	1	a064f300-1bc8-41ea-9364-b864ef4e8938	-22.452806	-42.770294			34.0				2001-10-08	8	10	2001	9535141	9535141	MATERIAL_CITATION	IBSP		IBSP 2406				CC0_1_0		Equipe Biota			2025-11-08T05:37:45.149Z		GEODETIC_DATUM_ASSUMED_WGS84;CONTINENT_DERIVED_FROM_COORDINATES;TAXON_ID_NOT_FOUND;OCCURRENCE_STATUS_INFERRED_FROM_INDIVIDUAL_COUNT;COLLECTION_MATCH_NONE;INSTITUTION_MATCH_FUZZY
4101310023	1d2570da-e150-4d75-94d8-bfc5813062bc	03F887BA1309B15F4EA9FEE4FC055083.mc.3B393CF1130FB15D4B78FC25FC8C5139	Animalia	Arthropoda	Diplopoda	Spirostreptida	Pseudonannolenidae	Pseudonannolene	Pseudonannolene microzoporus		SPECIES	Pseudonannolene microzoporus Mauriès, 1987	Pseudonannolene microzoporus Mauries 1987	Mauries 1987	BR		Bahia	PRESENT	1	a064f300-1bc8-41ea-9364-b864ef4e8938									2011-02-08	8	2	2011	1026408	1026408	MATERIAL_CITATION	IBSP		IBSP 5679				CC0_1_0					2025-11-08T05:37:45.104Z		CONTINENT_DERIVED_FROM_COUNTRY;TAXON_ID_NOT_FOUND;OCCURRENCE_STATUS_INFERRED_FROM_INDIVIDUAL_COUNT;COLLECTION_MATCH_NONE;INSTITUTION_MATCH_FUZZY
4101310021	1d2570da-e150-4d75-94d8-bfc5813062bc	03F887BA136CB1014D70FB4DFD9352E0.mc.3B393CF11353B1014C1EFE9FFBB6548E	Animalia	Arthropoda	Diplopoda	Spirostreptida	Pseudonannolenidae	Pseudonannolene	Pseudonannolene urbica		SPECIES	Pseudonannolene urbica Schubart, 1945	Pseudonannolene urbica Schubart 1945	Schubart 1945	BR	Mata do Cuaso	Sao Paulo	PRESENT	1	a064f300-1bc8-41ea-9364-b864ef4e8938	-23.561075	-46.724396			730.0				1999-12-12	12	12	1999	6186006	6186006	MATERIAL_CITATION	USP		IBSP 1249				CC0_1_0		D. F. Candiani			2025-11-08T05:37:45.076Z		GEODETIC_DATUM_ASSUMED_WGS84;CONTINENT_DERIVED_FROM_COORDINATES;TAXON_ID_NOT_FOUND;OCCURRENCE_STATUS_INFERRED_FROM_INDIVIDUAL_COUNT;AMBIGUOUS_INSTITUTION
4101310019	1d2570da-e150-4d75-94d8-bfc5813062bc	03F887BA1352B1034EA6FEE4FCF257BA.mc.3B393CF11352B1004FEBFC1DFB0F5134	Animalia	Arthropoda	Diplopoda	Spirostreptida	Pseudonannolenidae	Pseudonannolene	Pseudonannolene xavieri		SPECIES	Pseudonannolene xavieri Iniesta & Ferreira, 2014	Pseudonannolene xavieri Iniesta & Ferreira 2014	Iniesta & Ferreira 2014	BR	Bahia	Bahia	PRESENT	2	a064f300-1bc8-41ea-9364-b864ef4e8938	-12.33169	-41.59664			723.0				2001-01-07	7	1	2001	8520398	8520398	MATERIAL_CITATION	R		ISLA 20618, MNRJ 30148				CC0_1_0		L. Ferreira			2025-11-08T05:37:45.070Z		GEODETIC_DATUM_ASSUMED_WGS84;CONTINENT_DERIVED_FROM_COORDINATES;TAXON_ID_NOT_FOUND;OCCURRENCE_STATUS_INFERRED_FROM_INDIVIDUAL_COUNT;AMBIGUOUS_INSTITUTION
4101310018	1d2570da-e150-4d75-94d8-bfc5813062bc	03F887BA1316B1474E87FEE4FAEF50E2.mc.3B393CF11316B1444B3AF923FC155232	Animalia	Arthropoda	Diplopoda	Spirostreptida	Pseudonannolenidae	Pseudonannolene	Pseudonannolene fontanettiae		SPECIES	Pseudonannolene fontanettiae Iniesta & Ferreira, 2014	Pseudonannolene fontanettiae Iniesta & Ferreira 2014	Iniesta & Ferreira 2014	BR	Sete Lagoas	Minas Gerais	PRESENT	2	a064f300-1bc8-41ea-9364-b864ef4e8938	-19.457188	-44.236374			775.0				2014-03-13	13	3	2014	8446495	8446495	MATERIAL_CITATION	ILCOM		IBSP 7080				CC0_1_0		Equipe Carste			2025-11-08T05:37:45.067Z		GEODETIC_DATUM_ASSUMED_WGS84;CONTINENT_DERIVED_FROM_COORDINATES;TAXON_ID_NOT_FOUND;OCCURRENCE_STATUS_INFERRED_FROM_INDIVIDUAL_COUNT;INSTITUTION_MATCH_NONE
4101310016	1d2570da-e150-4d75-94d8-bfc5813062bc	03F887BA1309B15F4EA9FEE4FC055083.mc.3B393CF11308B15A4C47F8DCFD9E5253	Animalia	Arthropoda	Diplopoda	Spirostreptida	Pseudonannolenidae	Pseudonannolene	Pseudonannolene microzoporus		SPECIES	Pseudonannolene microzoporus Mauriès, 1987	Pseudonannolene microzoporus Mauries 1987	Mauries 1987	BR	Mocambeiro	Bahia	PRESENT	1	a064f300-1bc8-41ea-9364-b864ef4e8938	-19.535425	-44.026974							2011-04-04	4	4	2011	1026408	1026408	MATERIAL_CITATION	IBSP		IBSP 5637				CC0_1_0		F. P. Franco			2025-11-08T05:37:45.047Z		GEODETIC_DATUM_ASSUMED_WGS84;CONTINENT_DERIVED_FROM_COORDINATES;TAXON_ID_NOT_FOUND;OCCURRENCE_STATUS_INFERRED_FROM_INDIVIDUAL_COUNT;COLLECTION_MATCH_NONE;INSTITUTION_MATCH_FUZZY
4101310015	1d2570da-e150-4d75-94d8-bfc5813062bc	03F887BA1367B1374EBAFAB0FAD650FC.mc.3B393CF11366B1344FBCFEDBFE1A54A6	Animalia	Arthropoda	Diplopoda	Spirostreptida	Pseudonannolenidae	Pseudonannolene	Pseudonannolene spelaea		SPECIES	Pseudonannolene spelaea Iniesta & Ferreira, 2013	Pseudonannolene spelaea Iniesta & Ferreira 2013	Iniesta & Ferreira 2013	BR	Para		PRESENT	1	a064f300-1bc8-41ea-9364-b864ef4e8938	-6.13239	-50.13645							2010-10-21	21	10	2010	9516060	9516060	MATERIAL_CITATION	ISLA		ISLA 3797				CC0_1_0		M. P. Oliveira	Holotype		2025-11-08T05:37:45.049Z		GEODETIC_DATUM_ASSUMED_WGS84;CONTINENT_DERIVED_FROM_COORDINATES;TAXON_ID_NOT_FOUND;OCCURRENCE_STATUS_INFERRED_FROM_INDIVIDUAL_COUNT;INSTITUTION_MATCH_NONE
4101310012	1d2570da-e150-4d75-94d8-bfc5813062bc	03F887BA1309B15F4EA9FEE4FC055083.mc.3B393CF1130EB15C4E04FDAAFB70575F	Animalia	Arthropoda	Diplopoda	Spirostreptida	Pseudonannolenidae	Pseudonannolene	Pseudonannolene microzoporus		SPECIES	Pseudonannolene microzoporus Mauriès, 1987	Pseudonannolene microzoporus Mauries 1987	Mauries 1987	BR		Bahia	PRESENT	1	a064f300-1bc8-41ea-9364-b864ef4e8938									2011-03-01	1	3	2011	1026408	1026408	MATERIAL_CITATION	IBSP		IBSP 5635				CC0_1_0					2025-11-08T05:37:45.030Z		CONTINENT_DERIVED_FROM_COUNTRY;TAXON_ID_NOT_FOUND;OCCURRENCE_STATUS_INFERRED_FROM_INDIVIDUAL_COUNT;COLLECTION_MATCH_NONE;INSTITUTION_MATCH_FUZZY
4101310011	1d2570da-e150-4d75-94d8-bfc5813062bc	03F887BA1369B13C4D45F916FC1A53ED.mc.3B393CF1136FB13D4CD3FCB3FD1056A3	Animalia	Arthropoda	Diplopoda	Spirostreptida	Pseudonannolenidae	Pseudonannolene	Pseudonannolene tricolor		SPECIES	Pseudonannolene tricolor Brölemann, 1902	Pseudonannolene tricolor Brolemann 1902	Brolemann 1902	BR	Fazenda Ponte Alta	Sao Paulo	PRESENT	1	a064f300-1bc8-41ea-9364-b864ef4e8938	-22.69015	-46.682655			767.0				1943-10-30	30	10	1943	1026426	1026426	MATERIAL_CITATION	MZSP						CC0_1_0		O. Schubart			2025-11-08T05:37:45.029Z		GEODETIC_DATUM_ASSUMED_WGS84;CONTINENT_DERIVED_FROM_COORDINATES;TAXON_ID_NOT_FOUND;OCCURRENCE_STATUS_INFERRED_FROM_INDIVIDUAL_COUNT;COLLECTION_MATCH_NONE;INSTITUTION_MATCH_FUZZY
4101310010	1d2570da-e150-4d75-94d8-bfc5813062bc	03F887BA1309B15F4EA9FEE4FC055083.mc.3B393CF11308B15A4FEBFDDBFD5F574B	Animalia	Arthropoda	Diplopoda	Spirostreptida	Pseudonannolenidae	Pseudonannolene	Pseudonannolene microzoporus		SPECIES	Pseudonannolene microzoporus Mauriès, 1987	Pseudonannolene microzoporus Mauries 1987	Mauries 1987	BR	Paranoa cave	Minas Gerais	PRESENT	1	a064f300-1bc8-41ea-9364-b864ef4e8938	-20.369646	-45.669437							2009-01-27	27	1	2009	1026408	1026408	MATERIAL_CITATION	R		ISLA 4094				CC0_1_0		R. Zampaulo	Holotype		2025-11-08T05:37:45.027Z		GEODETIC_DATUM_ASSUMED_WGS84;CONTINENT_DERIVED_FROM_COORDINATES;TAXON_ID_NOT_FOUND;OCCURRENCE_STATUS_INFERRED_FROM_INDIVIDUAL_COUNT;AMBIGUOUS_INSTITUTION
4101310009	1d2570da-e150-4d75-94d8-bfc5813062bc	03F887BA1367B1374EBAFAB0FAD650FC.mc.3B393CF11366B1344E03FA36FC7350CA	Animalia	Arthropoda	Diplopoda	Spirostreptida	Pseudonannolenidae	Pseudonannolene	Pseudonannolene spelaea		SPECIES	Pseudonannolene spelaea Iniesta & Ferreira, 2013	Pseudonannolene spelaea Iniesta & Ferreira 2013	Iniesta & Ferreira 2013	BR		Para	PRESENT	1	a064f300-1bc8-41ea-9364-b864ef4e8938	-6.041148	-50.218742											9516060	9516060	MATERIAL_CITATION	IBSP		IBSP 7363				CC0_1_0					2025-11-08T05:37:45.025Z		GEODETIC_DATUM_ASSUMED_WGS84;CONTINENT_DERIVED_FROM_COORDINATES;TAXON_ID_NOT_FOUND;OCCURRENCE_STATUS_INFERRED_FROM_INDIVIDUAL_COUNT;COLLECTION_MATCH_NONE;INSTITUTION_MATCH_FUZZY
4101310008	1d2570da-e150-4d75-94d8-bfc5813062bc	03F887BA1369B13C4D45F916FC1A53ED.mc.3B393CF1136FB13D4CC1FD85FC205798	Animalia	Arthropoda	Diplopoda	Spirostreptida	Pseudonannolenidae	Pseudonannolene	Pseudonannolene tricolor		SPECIES	Pseudonannolene tricolor Brölemann, 1902	Pseudonannolene tricolor Brolemann 1902	Brolemann 1902	BR	Mogi Guacu	Sao Paulo	PRESENT	1	a064f300-1bc8-41ea-9364-b864ef4e8938	-22.370451	-46.94351			602.0				1944-07-31	31	7	1944	1026426	1026426	MATERIAL_CITATION	MZSP						CC0_1_0		O. Schubart			2025-11-08T05:37:45.012Z		GEODETIC_DATUM_ASSUMED_WGS84;CONTINENT_DERIVED_FROM_COORDINATES;TAXON_ID_NOT_FOUND;OCCURRENCE_STATUS_INFERRED_FROM_INDIVIDUAL_COUNT;COLLECTION_MATCH_NONE;INSTITUTION_MATCH_FUZZY
4101310007	1d2570da-e150-4d75-94d8-bfc5813062bc	03F887BA1310B1454EA2FC15FC77528B.mc.3B393CF11310B1424B10F848FD8952DF	Animalia	Arthropoda	Diplopoda	Spirostreptida	Pseudonannolenidae	Pseudonannolene	Pseudonannolene erikae		SPECIES	Pseudonannolene erikae Iniesta & Ferreira, 2014	Pseudonannolene erikae Iniesta & Ferreira 2014	Iniesta & Ferreira 2014	BR	Sao Jose da Lapa	Minas Gerais	PRESENT	1	a064f300-1bc8-41ea-9364-b864ef4e8938	-19.69921	-43.95831			732.0				2012-12-17	17	12	2012	8568561	8568561	MATERIAL_CITATION	IBSP		IBSP 7602				CC0_1_0		Bueno			2025-11-08T05:37:45.010Z		GEODETIC_DATUM_ASSUMED_WGS84;CONTINENT_DERIVED_FROM_COORDINATES;TAXON_ID_NOT_FOUND;OCCURRENCE_STATUS_INFERRED_FROM_INDIVIDUAL_COUNT;COLLECTION_MATCH_NONE;INSTITUTION_MATCH_FUZZY
4101310006	1d2570da-e150-4d75-94d8-bfc5813062bc	03F887BA1302B1534D42FEE4FEAF50D7.mc.3B393CF11302B1504FEBFA2AFC02533F	Animalia	Arthropoda	Diplopoda	Spirostreptida	Pseudonannolenidae	Pseudonannolene	Pseudonannolene longicornis		SPECIES	Pseudonannolene longicornis (Porat, 1888)	Pseudonannolene longicornis (Porat 1888)	(Porat 1888)	BR	Corrego Verde cave	Bahia	PRESENT	1	a064f300-1bc8-41ea-9364-b864ef4e8938	-15.466728	-39.674896			183.0				2005-01-21	21	1	2005	1026402	1026402	MATERIAL_CITATION	R		ISLA 15678				CC0_1_0		R. L. Ferreira			2025-11-08T05:37:45.001Z		GEODETIC_DATUM_ASSUMED_WGS84;CONTINENT_DERIVED_FROM_COORDINATES;TAXON_ID_NOT_FOUND;OCCURRENCE_STATUS_INFERRED_FROM_INDIVIDUAL_COUNT;AMBIGUOUS_INSTITUTION
4101310005	1d2570da-e150-4d75-94d8-bfc5813062bc	03F887BA1369B13C4D45F916FC1A53ED.mc.3B393CF1136FB13D4BB8F91FFB43520E	Animalia	Arthropoda	Diplopoda	Spirostreptida	Pseudonannolenidae	Pseudonannolene	Pseudonannolene tricolor		SPECIES	Pseudonannolene tricolor Brölemann, 1902	Pseudonannolene tricolor Brolemann 1902	Brolemann 1902	BR	Pitangueiras	Sao Paulo	PRESENT	4	a064f300-1bc8-41ea-9364-b864ef4e8938	-21.011223	-48.217525			520.0				1943-10-24	24	10	1943	1026426	1026426	MATERIAL_CITATION	MZSP						CC0_1_0		F. Lane			2025-11-08T05:37:44.998Z		GEODETIC_DATUM_ASSUMED_WGS84;CONTINENT_DERIVED_FROM_COORDINATES;TAXON_ID_NOT_FOUND;OCCURRENCE_STATUS_INFERRED_FROM_INDIVIDUAL_COUNT;COLLECTION_MATCH_NONE;INSTITUTION_MATCH_FUZZY
4101310004	1d2570da-e150-4d75-94d8-bfc5813062bc	03F887BA1373B1234D42FCF9FB915768.mc.3B393CF11373B1214C39F941FC8653D4	Animalia	Arthropoda	Diplopoda	Spirostreptida	Pseudonannolenidae	Pseudonannolene	Pseudonannolene ophiiulus		SPECIES	Pseudonannolene ophiiulus Schubart, 1944	Pseudonannolene ophiiulus Schubart 1944	Schubart 1944	BR	Analandia	Sao Paulo	PRESENT	2	a064f300-1bc8-41ea-9364-b864ef4e8938	-22.131018	-47.663025			657.0				1944-03-07	7	3	1944	6185999	6185999	MATERIAL_CITATION	MZSP						CC0_1_0		O. Schubart			2025-11-08T05:37:44.988Z		GEODETIC_DATUM_ASSUMED_WGS84;CONTINENT_DERIVED_FROM_COORDINATES;TAXON_ID_NOT_FOUND;OCCURRENCE_STATUS_INFERRED_FROM_INDIVIDUAL_COUNT;COLLECTION_MATCH_NONE;INSTITUTION_MATCH_FUZZY
4101310003	1d2570da-e150-4d75-94d8-bfc5813062bc	03F887BA1316B1474E87FEE4FAEF50E2.mc.3B393CF11316B1444FEBFB53FD1551C3	Animalia	Arthropoda	Diplopoda	Spirostreptida	Pseudonannolenidae	Pseudonannolene	Pseudonannolene fontanettiae		SPECIES	Pseudonannolene fontanettiae Iniesta & Ferreira, 2014	Pseudonannolene fontanettiae Iniesta & Ferreira 2014	Iniesta & Ferreira 2014	BR	cave Casa de Pedra	Minas Gerais	PRESENT	1	a064f300-1bc8-41ea-9364-b864ef4e8938	-21.140467	-44.187565			992.0				2011-01-04	4	1	2011	8446495	8446495	MATERIAL_CITATION	IBSP		IBSP 5827				CC0_1_0		Pellegatti			2025-11-08T05:37:44.984Z		GEODETIC_DATUM_ASSUMED_WGS84;CONTINENT_DERIVED_FROM_COORDINATES;TAXON_ID_NOT_FOUND;OCCURRENCE_STATUS_INFERRED_FROM_INDIVIDUAL_COUNT;COLLECTION_MATCH_NONE;INSTITUTION_MATCH_FUZZY
4101310002	1d2570da-e150-4d75-94d8-bfc5813062bc	03F887BA131AB14A4D51FDA7FE6054B2.mc.3B393CF1131AB14B4BFBF844FDA4541A	Animalia	Arthropoda	Diplopoda	Spirostreptida	Pseudonannolenidae	Pseudonannolene	Pseudonannolene imbirensis		SPECIES	Pseudonannolene imbirensis Fontanetti, 1996	Pseudonannolene imbirensis Fontanetti 1996	Fontanetti 1996	BR	cave Termas de Sao Vicente	Goias	PRESENT	3	a064f300-1bc8-41ea-9364-b864ef4e8938	-13.583333	-46.35823			617.0				2000-07-29	29	7	2000	11693169	11693169	MATERIAL_CITATION	MNRJ		MNRJ 30155				CC0_1_0		M. E. Bichuette & A. Chagas Jr.			2025-11-08T05:37:44.982Z		GEODETIC_DATUM_ASSUMED_WGS84;CONTINENT_DERIVED_FROM_COORDINATES;TAXON_ID_NOT_FOUND;OCCURRENCE_STATUS_INFERRED_FROM_INDIVIDUAL_COUNT;COLLECTION_MATCH_NONE;INSTITUTION_MATCH_FUZZY
4101310001	1d2570da-e150-4d75-94d8-bfc5813062bc	03F887BA1310B1454EA2FC15FC77528B.mc.3B393CF11317B1454B2CFE5AFEE65728	Animalia	Arthropoda	Diplopoda	Spirostreptida	Pseudonannolenidae	Pseudonannolene	Pseudonannolene erikae		SPECIES	Pseudonannolene erikae Iniesta & Ferreira, 2014	Pseudonannolene erikae Iniesta & Ferreira 2014	Iniesta & Ferreira 2014	BR	Campinho	Minas Gerais	PRESENT	1	a064f300-1bc8-41ea-9364-b864ef4e8938	-19.57	-44.010292			826.0				2014-11-03	3	11	2014	8568561	8568561	MATERIAL_CITATION	CAMP, IBSP		IBSP 5984				CC0_1_0		Equipe Spelayon			2025-11-08T05:37:44.967Z		GEODETIC_DATUM_ASSUMED_WGS84;CONTINENT_DERIVED_FROM_COORDINATES;TAXON_ID_NOT_FOUND;OCCURRENCE_STATUS_INFERRED_FROM_INDIVIDUAL_COUNT;INSTITUTION_MATCH_NONE
4101310000	1d2570da-e150-4d75-94d8-bfc5813062bc	03F887BA1309B15F4EA9FEE4FC055083.mc.3B393CF11308B15A4C3DFA40FEA150D7	Animalia	Arthropoda	Diplopoda	Spirostreptida	Pseudonannolenidae	Pseudonannolene	Pseudonannolene microzoporus		SPECIES	Pseudonannolene microzoporus Mauriès, 1987	Pseudonannolene microzoporus Mauries 1987	Mauries 1987	BR	Gruta do Padre cave	Bahia	PRESENT	2	a064f300-1bc8-41ea-9364-b864ef4e8938	-12.980311	-44.051342			543.0				2014-07-11	11	7	2014	1026408	1026408	MATERIAL_CITATION	IBSP		IBSP 7636				CC0_1_0		L. S. Silva			2025-11-08T05:37:44.962Z		GEODETIC_DATUM_ASSUMED_WGS84;CONTINENT_DERIVED_FROM_COORDINATES;TAXON_ID_NOT_FOUND;OCCURRENCE_STATUS_INFERRED_FROM_INDIVIDUAL_COUNT;COLLECTION_MATCH_NONE;INSTITUTION_MATCH_FUZZY
4101309999	1d2570da-e150-4d75-94d8-bfc5813062bc	03F887BA1361B1354D4FF9B8FAB4500B.mc.3B393CF11360B1324B9EFB73FC0351E2	Animalia	Arthropoda	Diplopoda	Spirostreptida	Pseudonannolenidae	Pseudonannolene	Pseudonannolene silvestris		SPECIES	Pseudonannolene silvestris Schubart, 1944	Pseudonannolene silvestris Schubart 1944	Schubart 1944	BR	Parque Estadual Turistico do Alto Ribeira	Sao Paulo	PRESENT	2	a064f300-1bc8-41ea-9364-b864ef4e8938	-24.485867	-48.646698			570.0				2001-11-08	8	11	2001	1026418	1026418	MATERIAL_CITATION	IBSP		IBSP 2241				CC0_1_0		Equipe Biota			2025-11-08T05:37:44.964Z		GEODETIC_DATUM_ASSUMED_WGS84;CONTINENT_DERIVED_FROM_COORDINATES;TAXON_ID_NOT_FOUND;OCCURRENCE_STATUS_INFERRED_FROM_INDIVIDUAL_COUNT;COLLECTION_MATCH_NONE;INSTITUTION_MATCH_FUZZY
4101309998	1d2570da-e150-4d75-94d8-bfc5813062bc	03F887BA132FB17F4EB3FCD4FDA5561E.mc.3B393CF1132EB17C4BBDFD6BFB9457FB	Animalia	Arthropoda	Diplopoda	Spirostreptida	Pseudonannolenidae	Pseudonannolene	Pseudonannolene caatinga		SPECIES	Pseudonannolene caatinga Iniesta & Ferreira, 2014	Pseudonannolene caatinga Iniesta & Ferreira 2014	Iniesta & Ferreira 2014	BR	Caetite	Bahia	PRESENT	3	a064f300-1bc8-41ea-9364-b864ef4e8938	-14.066228	-42.486908							2008-12-08	8	12	2008	8682135	8682135	MATERIAL_CITATION	IBSP		IBSP 5769				CC0_1_0		Andrade			2025-11-08T05:37:44.960Z		GEODETIC_DATUM_ASSUMED_WGS84;CONTINENT_DERIVED_FROM_COORDINATES;TAXON_ID_NOT_FOUND;OCCURRENCE_STATUS_INFERRED_FROM_INDIVIDUAL_COUNT;COLLECTION_MATCH_NONE;INSTITUTION_MATCH_FUZZY
4101309997	1d2570da-e150-4d75-94d8-bfc5813062bc	03F887BA1371B1224D74FD91FED55297.mc.3B393CF11371B1234CD0F9FEFEA75371	Animalia	Arthropoda	Diplopoda	Spirostreptida	Pseudonannolenidae	Pseudonannolene	Pseudonannolene parvula		SPECIES	Pseudonannolene parvula Silvestri, 1902	Pseudonannolene parvula Silvestri 1902	Silvestri 1902	BR	Parque Nacional do Iguacu	Parana	PRESENT	1	a064f300-1bc8-41ea-9364-b864ef4e8938	-25.500435	-54.58335			195.0				2002-03-03	3	3	2002	1026412	1026412	MATERIAL_CITATION	IBSP		IBSP 1504				CC0_1_0		Equipe Biota			2025-11-08T05:37:44.958Z		GEODETIC_DATUM_ASSUMED_WGS84;CONTINENT_DERIVED_FROM_COORDINATES;TAXON_ID_NOT_FOUND;OCCURRENCE_STATUS_INFERRED_FROM_INDIVIDUAL_COUNT;COLLECTION_MATCH_NONE;INSTITUTION_MATCH_FUZZY
4101309996	1d2570da-e150-4d75-94d8-bfc5813062bc	03F887BA137CB1304EACFD5CFB445752.mc.3B393CF11363B1314E77FCF5FB3C560D	Animalia	Arthropoda	Diplopoda	Spirostreptida	Pseudonannolenidae	Pseudonannolene	Pseudonannolene sebastianus		SPECIES	Pseudonannolene sebastianus Brölemann, 1902	Pseudonannolene sebastianus Brolemann 1902	Brolemann 1902	BR	Belem	Sao Paulo	PRESENT	1	a064f300-1bc8-41ea-9364-b864ef4e8938	-23.54713	-46.591175			750.0								6186003	6186003	MATERIAL_CITATION	MZSP						CC0_1_0					2025-11-08T05:37:44.940Z		GEODETIC_DATUM_ASSUMED_WGS84;CONTINENT_DERIVED_FROM_COORDINATES;TAXON_ID_NOT_FOUND;OCCURRENCE_STATUS_INFERRED_FROM_INDIVIDUAL_COUNT;COLLECTION_MATCH_NONE;INSTITUTION_MATCH_FUZZY
4101309995	1d2570da-e150-4d75-94d8-bfc5813062bc	03F887BA1356B1074D60FEE4FB225095.mc.3B393CF11356B1044B4EF983FD715392	Animalia	Arthropoda	Diplopoda	Spirostreptida	Pseudonannolenidae	Pseudonannolene	Pseudonannolene bucculenta		SPECIES	Pseudonannolene bucculenta Iniesta, Bouzan & Brescovit, 2023	Pseudonannolene bucculenta Iniesta, Bouzan, and Brescovit 2023	Iniesta, Bouzan, and Brescovit 2023	BR	Samuel de Paula	Minas Gerais	PRESENT	2	a064f300-1bc8-41ea-9364-b864ef4e8938	-20.001055	-43.871086			975.0				2006-10		10	2006	12224748	12224748	MATERIAL_CITATION	IBSP		IBSP 3420				CC0_1_0		de Paula & J. P. P. Pena-Barbosa			2025-11-08T05:37:44.938Z		GEODETIC_DATUM_ASSUMED_WGS84;CONTINENT_DERIVED_FROM_COORDINATES;TAXON_ID_NOT_FOUND;OCCURRENCE_STATUS_INFERRED_FROM_INDIVIDUAL_COUNT;COLLECTION_MATCH_NONE;INSTITUTION_MATCH_FUZZY
4101309994	1d2570da-e150-4d75-94d8-bfc5813062bc	03F887BA1315B1484D45F9EEFC01571A.mc.3B393CF11314B1464E47F85CFAED52F4	Animalia	Arthropoda	Diplopoda	Spirostreptida	Pseudonannolenidae	Pseudonannolene	Pseudonannolene halophila		SPECIES	Pseudonannolene halophila Schubart, 1949	Pseudonannolene halophila Schubart 1949	Schubart 1949	BR	Ilha da Queimada Grande	Sao Paulo	PRESENT	2	a064f300-1bc8-41ea-9364-b864ef4e8938	-24.487923	-46.674156			53.0				1947-04-14	14	4	1947	6186012	6186012	MATERIAL_CITATION	MZSP						CC0_1_0		A. Hoge			2025-11-08T05:37:44.936Z		GEODETIC_DATUM_ASSUMED_WGS84;CONTINENT_DERIVED_FROM_COORDINATES;TAXON_ID_NOT_FOUND;OCCURRENCE_STATUS_INFERRED_FROM_INDIVIDUAL_COUNT;COLLECTION_MATCH_NONE;INSTITUTION_MATCH_FUZZY
4101309993	1d2570da-e150-4d75-94d8-bfc5813062bc	03F887BA132FB17F4EB3FCD4FDA5561E.mc.3B393CF1132EB17C4B89FC53FC635121	Animalia	Arthropoda	Diplopoda	Spirostreptida	Pseudonannolenidae	Pseudonannolene	Pseudonannolene caatinga		SPECIES	Pseudonannolene caatinga Iniesta & Ferreira, 2014	Pseudonannolene caatinga Iniesta & Ferreira 2014	Iniesta & Ferreira 2014	BR	cave Enfurnado	Distrito Federal	PRESENT	16	a064f300-1bc8-41ea-9364-b864ef4e8938	-13.645275	-44.209846			646.0				2007-07		7	2007	8682135	8682135	MATERIAL_CITATION	MNRJ		MNRJ 30154				CC0_1_0		A. Perez			2025-11-08T05:37:44.932Z		GEODETIC_DATUM_ASSUMED_WGS84;CONTINENT_DERIVED_FROM_COORDINATES;TAXON_ID_NOT_FOUND;OCCURRENCE_STATUS_INFERRED_FROM_INDIVIDUAL_COUNT;COLLECTION_MATCH_NONE;INSTITUTION_MATCH_FUZZY
4101309992	1d2570da-e150-4d75-94d8-bfc5813062bc	03F887BA1315B1484D45F9EEFC01571A.mc.3B393CF11314B1464FBCFCA3FB2256B2	Animalia	Arthropoda	Diplopoda	Spirostreptida	Pseudonannolenidae	Pseudonannolene	Pseudonannolene halophila		SPECIES	Pseudonannolene halophila Schubart, 1949	Pseudonannolene halophila Schubart 1949	Schubart 1949	BR	Sao Paulo	Sao Paulo	PRESENT	48	a064f300-1bc8-41ea-9364-b864ef4e8938	-24.099558	-45.692905			53.0				1948-02-19	19	2	1948	6186012	6186012	MATERIAL_CITATION	MZSP						CC0_1_0		Arquipelago dos Alcatrazes & A. Hoge	Paratype		2025-11-08T05:37:44.930Z		GEODETIC_DATUM_ASSUMED_WGS84;CONTINENT_DERIVED_FROM_COORDINATES;TAXON_ID_NOT_FOUND;OCCURRENCE_STATUS_INFERRED_FROM_INDIVIDUAL_COUNT;COLLECTION_MATCH_NONE;INSTITUTION_MATCH_FUZZY
4101309991	1d2570da-e150-4d75-94d8-bfc5813062bc	03F887BA130DB1214D53FA08FE5057D0.mc.3B393CF1130CB15E4FEBFD5BFA8257CA	Animalia	Arthropoda	Diplopoda	Spirostreptida	Pseudonannolenidae	Pseudonannolene	Pseudonannolene occidentalis		SPECIES	Pseudonannolene occidentalis Schubart, 1958	Pseudonannolene occidentalis Schubart 1958	Schubart 1958	BR	close to Aldeia Velha	Mato Grosso	PRESENT	2	a064f300-1bc8-41ea-9364-b864ef4e8938	-15.464565	-55.760227			823.0				2014-03-06	6	3	2014	6186007	6186007	MATERIAL_CITATION	CZUFMT		CZUFMT 808				CC0_1_0		Chapada dos Guimaraes & A. Chagas-Jr & M. Karam-Gemael			2025-11-08T05:37:44.908Z		GEODETIC_DATUM_ASSUMED_WGS84;CONTINENT_DERIVED_FROM_COORDINATES;TAXON_ID_NOT_FOUND;OCCURRENCE_STATUS_INFERRED_FROM_INDIVIDUAL_COUNT;INSTITUTION_MATCH_NONE
4101309990	1d2570da-e150-4d75-94d8-bfc5813062bc	03F887BA1369B13C4D45F916FC1A53ED.mc.3B393CF1136FB13D4BF2FD1AFCF6560D	Animalia	Arthropoda	Diplopoda	Spirostreptida	Pseudonannolenidae	Pseudonannolene	Pseudonannolene tricolor		SPECIES	Pseudonannolene tricolor Brölemann, 1902	Pseudonannolene tricolor Brolemann 1902	Brolemann 1902	BR	Fazenda Ponte Alta	Sao Paulo	PRESENT	1	a064f300-1bc8-41ea-9364-b864ef4e8938	-22.69015	-46.682655			767.0				1947-01-21	21	1	1947	1026426	1026426	MATERIAL_CITATION	MZSP						CC0_1_0		D. Gaspar			2025-11-08T05:37:44.907Z		GEODETIC_DATUM_ASSUMED_WGS84;CONTINENT_DERIVED_FROM_COORDINATES;TAXON_ID_NOT_FOUND;OCCURRENCE_STATUS_INFERRED_FROM_INDIVIDUAL_COUNT;COLLECTION_MATCH_NONE;INSTITUTION_MATCH_FUZZY
4101309989	1d2570da-e150-4d75-94d8-bfc5813062bc	03F887BA1310B1454EA2FC15FC77528B.mc.3B393CF11310B1424FBCF95AFC4853CD	Animalia	Arthropoda	Diplopoda	Spirostreptida	Pseudonannolenidae	Pseudonannolene	Pseudonannolene erikae		SPECIES	Pseudonannolene erikae Iniesta & Ferreira, 2014	Pseudonannolene erikae Iniesta & Ferreira 2014	Iniesta & Ferreira 2014	BR	BRAZIL	Minas Gerais	PRESENT	1	a064f300-1bc8-41ea-9364-b864ef4e8938	-19.495667	-44.282497							2011-11-04	4	11	2011	8568561	8568561	MATERIAL_CITATION	R		ISLA 4108				CC0_1_0		L. Ferreira & L. F. M. Iniesta & A. Vasconcelos & P. Ratton & M. Souza-Silva	Paratype		2025-11-08T05:37:44.905Z		GEODETIC_DATUM_ASSUMED_WGS84;CONTINENT_DERIVED_FROM_COORDINATES;TAXON_ID_NOT_FOUND;OCCURRENCE_STATUS_INFERRED_FROM_INDIVIDUAL_COUNT;AMBIGUOUS_INSTITUTION
4101309988	1d2570da-e150-4d75-94d8-bfc5813062bc	03F887BA1356B1074D60FEE4FB225095.mc.3B393CF11356B1044C14FB6EFEA751FE	Animalia	Arthropoda	Diplopoda	Spirostreptida	Pseudonannolenidae	Pseudonannolene	Pseudonannolene bucculenta		SPECIES	Pseudonannolene bucculenta Iniesta, Bouzan & Brescovit, 2023	Pseudonannolene bucculenta Iniesta, Bouzan, and Brescovit 2023	Iniesta, Bouzan, and Brescovit 2023	BR	Samuel de Paula	Minas Gerais	PRESENT	3	a064f300-1bc8-41ea-9364-b864ef4e8938	-20.001055	-43.871086			975.0				2006-10		10	2006	12224748	12224748	MATERIAL_CITATION	IBSP		IBSP 3350				CC0_1_0		de Paula & J. P. P. Pena-Barbosa			2025-11-08T05:37:44.903Z		GEODETIC_DATUM_ASSUMED_WGS84;CONTINENT_DERIVED_FROM_COORDINATES;TAXON_ID_NOT_FOUND;OCCURRENCE_STATUS_INFERRED_FROM_INDIVIDUAL_COUNT;COLLECTION_MATCH_NONE;INSTITUTION_MATCH_FUZZY
4101309987	1d2570da-e150-4d75-94d8-bfc5813062bc	03F887BA1315B1484D45F9EEFC01571A.mc.3B393CF11314B1464C62FB1CFDDF5010	Animalia	Arthropoda	Diplopoda	Spirostreptida	Pseudonannolenidae	Pseudonannolene	Pseudonannolene halophila		SPECIES	Pseudonannolene halophila Schubart, 1949	Pseudonannolene halophila Schubart 1949	Schubart 1949	BR	Ilha dos Alcatrazes	Sao Paulo	PRESENT	6	a064f300-1bc8-41ea-9364-b864ef4e8938	-24.099558	-45.692905			53.0				1984-10-03	3	10	1984	6186012	6186012	MATERIAL_CITATION	MZSP						CC0_1_0		Mello			2025-11-08T05:37:44.900Z		GEODETIC_DATUM_ASSUMED_WGS84;CONTINENT_DERIVED_FROM_COORDINATES;TAXON_ID_NOT_FOUND;OCCURRENCE_STATUS_INFERRED_FROM_INDIVIDUAL_COUNT;COLLECTION_MATCH_NONE;INSTITUTION_MATCH_FUZZY
4101309986	1d2570da-e150-4d75-94d8-bfc5813062bc	03F887BA1371B1224D74FD91FED55297.mc.3B393CF11371B1234B7CF952FE7C53C5	Animalia	Arthropoda	Diplopoda	Spirostreptida	Pseudonannolenidae	Pseudonannolene	Pseudonannolene parvula		SPECIES	Pseudonannolene parvula Silvestri, 1902	Pseudonannolene parvula Silvestri 1902	Silvestri 1902	BR	Parque Nacional do Iguacu	Parana	PRESENT	1	a064f300-1bc8-41ea-9364-b864ef4e8938	-25.500435	-54.58335			195.0				2002-03-03	3	3	2002	1026412	1026412	MATERIAL_CITATION	IBSP		IBSP 1962				CC0_1_0		Equipe Biota			2025-11-08T05:37:44.898Z		GEODETIC_DATUM_ASSUMED_WGS84;CONTINENT_DERIVED_FROM_COORDINATES;TAXON_ID_NOT_FOUND;OCCURRENCE_STATUS_INFERRED_FROM_INDIVIDUAL_COUNT;COLLECTION_MATCH_NONE;INSTITUTION_MATCH_FUZZY
4101309985	1d2570da-e150-4d75-94d8-bfc5813062bc	03F887BA1315B1484D45F9EEFC01571A.mc.3B393CF11314B1464F84FA91FD685084	Animalia	Arthropoda	Diplopoda	Spirostreptida	Pseudonannolenidae	Pseudonannolene	Pseudonannolene halophila		SPECIES	Pseudonannolene halophila Schubart, 1949	Pseudonannolene halophila Schubart 1949	Schubart 1949	BR	Ilha da Moela	Sao Paulo	PRESENT	9	a064f300-1bc8-41ea-9364-b864ef4e8938	-24.05	-46.26637			5.0				2009-07-17	17	7	2009	6186012	6186012	MATERIAL_CITATION	R		IBSP 3264				CC0_1_0		R. P. Indicatti & G. P. Perroni			2025-11-08T05:37:44.897Z		GEODETIC_DATUM_ASSUMED_WGS84;CONTINENT_DERIVED_FROM_COORDINATES;TAXON_ID_NOT_FOUND;OCCURRENCE_STATUS_INFERRED_FROM_INDIVIDUAL_COUNT;AMBIGUOUS_INSTITUTION
4101309984	1d2570da-e150-4d75-94d8-bfc5813062bc	03F887BA1316B1474E87FEE4FAEF50E2.mc.3B393CF11316B1444A66FB0EFCF1507C	Animalia	Arthropoda	Diplopoda	Spirostreptida	Pseudonannolenidae	Pseudonannolene	Pseudonannolene fontanettiae		SPECIES	Pseudonannolene fontanettiae Iniesta & Ferreira, 2014	Pseudonannolene fontanettiae Iniesta & Ferreira 2014	Iniesta & Ferreira 2014	BR	Reserva do Boqueirao	Minas Gerais	PRESENT	14	a064f300-1bc8-41ea-9364-b864ef4e8938	-21.34639	-44.990833			1066.0				2010-03-05	5	3	2010	8446495	8446495	MATERIAL_CITATION	IBSP						CC0_1_0		J. P. P. P. Barbosa			2025-11-08T05:37:44.895Z		GEODETIC_DATUM_ASSUMED_WGS84;CONTINENT_DERIVED_FROM_COORDINATES;TAXON_ID_NOT_FOUND;OCCURRENCE_STATUS_INFERRED_FROM_INDIVIDUAL_COUNT;COLLECTION_MATCH_NONE;INSTITUTION_MATCH_FUZZY
4101309983	1d2570da-e150-4d75-94d8-bfc5813062bc	03F887BA1309B15F4EA9FEE4FC055083.mc.3B393CF1130EB15C4D1FFDCFFEA1575F	Animalia	Arthropoda	Diplopoda	Spirostreptida	Pseudonannolenidae	Pseudonannolene	Pseudonannolene microzoporus		SPECIES	Pseudonannolene microzoporus Mauriès, 1987	Pseudonannolene microzoporus Mauries 1987	Mauries 1987	BR		Bahia	PRESENT	1	a064f300-1bc8-41ea-9364-b864ef4e8938									2011-03-01	1	3	2011	1026408	1026408	MATERIAL_CITATION	IBSP		IBSP 5632				CC0_1_0					2025-11-08T05:37:44.894Z		CONTINENT_DERIVED_FROM_COUNTRY;TAXON_ID_NOT_FOUND;OCCURRENCE_STATUS_INFERRED_FROM_INDIVIDUAL_COUNT;COLLECTION_MATCH_NONE;INSTITUTION_MATCH_FUZZY
4101309982	1d2570da-e150-4d75-94d8-bfc5813062bc	03F887BA1361B1354D4FF9B8FAB4500B.mc.3B393CF11360B1324D09FBFEFB795112	Animalia	Arthropoda	Diplopoda	Spirostreptida	Pseudonannolenidae	Pseudonannolene	Pseudonannolene silvestris		SPECIES	Pseudonannolene silvestris Schubart, 1944	Pseudonannolene silvestris Schubart 1944	Schubart 1944	BR	Parque Estadual Turistico do Alto Ribeira	Sao Paulo	PRESENT	1	a064f300-1bc8-41ea-9364-b864ef4e8938	-24.485867	-48.646698			570.0				2001-11-08	8	11	2001	1026418	1026418	MATERIAL_CITATION	IBSP		IBSP 2282				CC0_1_0		Equipe Biota			2025-11-08T05:37:44.892Z		GEODETIC_DATUM_ASSUMED_WGS84;CONTINENT_DERIVED_FROM_COORDINATES;TAXON_ID_NOT_FOUND;OCCURRENCE_STATUS_INFERRED_FROM_INDIVIDUAL_COUNT;COLLECTION_MATCH_NONE;INSTITUTION_MATCH_FUZZY
4101309981	1d2570da-e150-4d75-94d8-bfc5813062bc	03F887BA1373B1234D42FCF9FB915768.mc.3B393CF11373B1214D12F86CFCA45283	Animalia	Arthropoda	Diplopoda	Spirostreptida	Pseudonannolenidae	Pseudonannolene	Pseudonannolene ophiiulus		SPECIES	Pseudonannolene ophiiulus Schubart, 1944	Pseudonannolene ophiiulus Schubart 1944	Schubart 1944	BR	Emas	Sao Paulo	PRESENT	9	a064f300-1bc8-41ea-9364-b864ef4e8938	-22.001669	-47.427853			631.0				1945-07-07	7	7	1945	6185999	6185999	MATERIAL_CITATION	MZSP						CC0_1_0		O. Schubart			2025-11-08T05:37:44.889Z		GEODETIC_DATUM_ASSUMED_WGS84;CONTINENT_DERIVED_FROM_COORDINATES;TAXON_ID_NOT_FOUND;OCCURRENCE_STATUS_INFERRED_FROM_INDIVIDUAL_COUNT;COLLECTION_MATCH_NONE;INSTITUTION_MATCH_FUZZY
4101309979	1d2570da-e150-4d75-94d8-bfc5813062bc	03F887BA1352B1034EA6FEE4FCF257BA.mc.3B393CF11352B1004BE6FC1DFC015110	Animalia	Arthropoda	Diplopoda	Spirostreptida	Pseudonannolenidae	Pseudonannolene	Pseudonannolene xavieri		SPECIES	Pseudonannolene xavieri Iniesta & Ferreira, 2014	Pseudonannolene xavieri Iniesta & Ferreira 2014	Iniesta & Ferreira 2014	BR	Bahia	Bahia	PRESENT	2	a064f300-1bc8-41ea-9364-b864ef4e8938	-12.33169	-41.59664			723.0				2001-01-07	7	1	2001	8520398	8520398	MATERIAL_CITATION	R		ISLA 20618, MNRJ 30148				CC0_1_0		L. Ferreira			2025-11-08T05:37:44.887Z		GEODETIC_DATUM_ASSUMED_WGS84;CONTINENT_DERIVED_FROM_COORDINATES;TAXON_ID_NOT_FOUND;OCCURRENCE_STATUS_INFERRED_FROM_INDIVIDUAL_COUNT;AMBIGUOUS_INSTITUTION
4101309978	1d2570da-e150-4d75-94d8-bfc5813062bc	03F887BA1306B1564D40FB75FC835700.mc.3B393CF11305B1574E0AFCF8FAF95610	Animalia	Arthropoda	Diplopoda	Spirostreptida	Pseudonannolenidae	Pseudonannolene	Pseudonannolene maritima		SPECIES	Pseudonannolene maritima Schubart, 1949	Pseudonannolene maritima Schubart 1949	Schubart 1949	BR	Ilha dos Alcatrazes	Sao Paulo	PRESENT	11	a064f300-1bc8-41ea-9364-b864ef4e8938	-24.098785	-45.69324			60.0				1948-02-16	16	2	1948	6186005	6186005	MATERIAL_CITATION	MZSP						CC0_1_0		A. Hoge			2025-11-08T05:37:44.886Z		GEODETIC_DATUM_ASSUMED_WGS84;CONTINENT_DERIVED_FROM_COORDINATES;TAXON_ID_NOT_FOUND;OCCURRENCE_STATUS_INFERRED_FROM_INDIVIDUAL_COUNT;COLLECTION_MATCH_NONE;INSTITUTION_MATCH_FUZZY
4101309976	1d2570da-e150-4d75-94d8-bfc5813062bc	03F887BA1359B10D4D1CF979FCBE518D.mc.3B393CF11358B10A4D5BFC8BFBEB56BF	Animalia	Arthropoda	Diplopoda	Spirostreptida	Pseudonannolenidae	Pseudonannolene	Pseudonannolene morettii		SPECIES	Pseudonannolene morettii Iniesta, Bouzan & Brescovit, 2023	Pseudonannolene morettii Iniesta, Bouzan, and Brescovit 2023	Iniesta, Bouzan, and Brescovit 2023	BR	Parque Municipal da Serra do Itapety	Sao Paulo	PRESENT	1	a064f300-1bc8-41ea-9364-b864ef4e8938	-23.493336	-46.19638			881.0				2003-10-13	13	10	2003	12190204	12190204	MATERIAL_CITATION	IBSP		IBSP 2485				CC0_1_0		Mogi das Cruzes & Equipe Biota			2025-11-08T05:37:44.874Z		GEODETIC_DATUM_ASSUMED_WGS84;CONTINENT_DERIVED_FROM_COORDINATES;TAXON_ID_NOT_FOUND;OCCURRENCE_STATUS_INFERRED_FROM_INDIVIDUAL_COUNT;COLLECTION_MATCH_NONE;INSTITUTION_MATCH_FUZZY
4101309975	1d2570da-e150-4d75-94d8-bfc5813062bc	03F887BA1350B1054D00FAAAFAAC52DE.mc.3B393CF11357B1054C2BFE18FD01570F	Animalia	Arthropoda	Diplopoda	Spirostreptida	Pseudonannolenidae	Pseudonannolene	Pseudonannolene aurea		SPECIES	Pseudonannolene aurea Iniesta, Bouzan & Brescovit, 2023	Pseudonannolene aurea Iniesta, Bouzan, and Brescovit 2023	Iniesta, Bouzan, and Brescovit 2023	BR	Onca cave	Tocantins	PRESENT	12	a064f300-1bc8-41ea-9364-b864ef4e8938									2008-03-04	4	3	2008	12242100	12242100	MATERIAL_CITATION	IBSP		IBSP 5840				CC0_1_0		F. Pellegatti			2025-11-08T05:37:44.872Z		CONTINENT_DERIVED_FROM_COUNTRY;TAXON_ID_NOT_FOUND;OCCURRENCE_STATUS_INFERRED_FROM_INDIVIDUAL_COUNT;COLLECTION_MATCH_NONE;INSTITUTION_MATCH_FUZZY
4101309974	1d2570da-e150-4d75-94d8-bfc5813062bc	03F887BA1356B1074D60FEE4FB225095.mc.3B393CF11356B1044E93FB00FEA75017	Animalia	Arthropoda	Diplopoda	Spirostreptida	Pseudonannolenidae	Pseudonannolene	Pseudonannolene bucculenta		SPECIES	Pseudonannolene bucculenta Iniesta, Bouzan & Brescovit, 2023	Pseudonannolene bucculenta Iniesta, Bouzan, and Brescovit 2023	Iniesta, Bouzan, and Brescovit 2023	BR	Samuel de Paula	Minas Gerais	PRESENT	14	a064f300-1bc8-41ea-9364-b864ef4e8938	-20.001055	-43.871086			975.0				2006-10		10	2006	12224748	12224748	MATERIAL_CITATION	IBSP		IBSP 3348				CC0_1_0		de Paula & J. P. P. Pena-Barbosa			2025-11-08T05:37:44.870Z		GEODETIC_DATUM_ASSUMED_WGS84;CONTINENT_DERIVED_FROM_COORDINATES;TAXON_ID_NOT_FOUND;OCCURRENCE_STATUS_INFERRED_FROM_INDIVIDUAL_COUNT;COLLECTION_MATCH_NONE;INSTITUTION_MATCH_FUZZY
4101309973	1d2570da-e150-4d75-94d8-bfc5813062bc	03F887BA1316B1474E87FEE4FAEF50E2.mc.3B393CF11316B1444C67FA7EFC8150F1	Animalia	Arthropoda	Diplopoda	Spirostreptida	Pseudonannolenidae	Pseudonannolene	Pseudonannolene fontanettiae		SPECIES	Pseudonannolene fontanettiae Iniesta & Ferreira, 2014	Pseudonannolene fontanettiae Iniesta & Ferreira 2014	Iniesta & Ferreira 2014	BR	Sete Lagoas	Minas Gerais	PRESENT	1	a064f300-1bc8-41ea-9364-b864ef4e8938	-19.457188	-44.236374			775.0				2014-03-13	13	3	2014	8446495	8446495	MATERIAL_CITATION	ILCOM		IBSP 7092				CC0_1_0		Equipe Carste			2025-11-08T05:37:44.868Z		GEODETIC_DATUM_ASSUMED_WGS84;CONTINENT_DERIVED_FROM_COORDINATES;TAXON_ID_NOT_FOUND;OCCURRENCE_STATUS_INFERRED_FROM_INDIVIDUAL_COUNT;INSTITUTION_MATCH_NONE
4101309971	1d2570da-e150-4d75-94d8-bfc5813062bc	03F887BA1311B1424D4BFEE4FBEC56ED.mc.3B393CF11311B1434A56FB7CFD5751F3	Animalia	Arthropoda	Diplopoda	Spirostreptida	Pseudonannolenidae	Pseudonannolene	Pseudonannolene curtipes		SPECIES	Pseudonannolene curtipes Schubart, 1960	Pseudonannolene curtipes Schubart 1960	Schubart 1960	BR	Fazenda Forquilha Grande	Goias	PRESENT	1	a064f300-1bc8-41ea-9364-b864ef4e8938	-14.732396	-46.15362							1960-02		2	1960	6185993	6185993	MATERIAL_CITATION	MZSP		MZSP 1025				CC0_1_0		J. Evangelista			2025-11-08T05:37:44.863Z		GEODETIC_DATUM_ASSUMED_WGS84;CONTINENT_DERIVED_FROM_COORDINATES;TAXON_ID_NOT_FOUND;OCCURRENCE_STATUS_INFERRED_FROM_INDIVIDUAL_COUNT;COLLECTION_MATCH_NONE;INSTITUTION_MATCH_FUZZY
4101309970	1d2570da-e150-4d75-94d8-bfc5813062bc	03F887BA1371B1224D74FD91FED55297.mc.3B393CF11371B1234E00F952FB8B53E6	Animalia	Arthropoda	Diplopoda	Spirostreptida	Pseudonannolenidae	Pseudonannolene	Pseudonannolene parvula		SPECIES	Pseudonannolene parvula Silvestri, 1902	Pseudonannolene parvula Silvestri 1902	Silvestri 1902	BR	Parque Nacional do Iguacu	Parana	PRESENT	2	a064f300-1bc8-41ea-9364-b864ef4e8938	-25.500435	-54.58335			195.0				2002-03-03	3	3	2002	1026412	1026412	MATERIAL_CITATION	IBSP		IBSP 1486				CC0_1_0		Equipe Biota			2025-11-08T05:37:44.861Z		GEODETIC_DATUM_ASSUMED_WGS84;CONTINENT_DERIVED_FROM_COORDINATES;TAXON_ID_NOT_FOUND;OCCURRENCE_STATUS_INFERRED_FROM_INDIVIDUAL_COUNT;COLLECTION_MATCH_NONE;INSTITUTION_MATCH_FUZZY
4101309969	1d2570da-e150-4d75-94d8-bfc5813062bc	03F887BA131FB14C4EB4FB9AFCE85203.mc.3B393CF1131FB14D4FBCF8B2FBE852A2	Animalia	Arthropoda	Diplopoda	Spirostreptida	Pseudonannolenidae	Pseudonannolene	Pseudonannolene leopoldoi		SPECIES	Pseudonannolene leopoldoi Iniesta & Ferreira, 2014	Pseudonannolene leopoldoi Iniesta & Ferreira 2014	Iniesta & Ferreira 2014	BR	Minas Gerais	Minas Gerais	PRESENT	5	a064f300-1bc8-41ea-9364-b864ef4e8938													8502029	8502029	MATERIAL_CITATION	ISLA		ISLA 4124				CC0_1_0			Paratype		2025-11-08T05:37:44.860Z		CONTINENT_DERIVED_FROM_COUNTRY;TAXON_ID_NOT_FOUND;OCCURRENCE_STATUS_INFERRED_FROM_INDIVIDUAL_COUNT;INSTITUTION_MATCH_NONE
4101309968	1d2570da-e150-4d75-94d8-bfc5813062bc	03F887BA137CB1304EACFD5CFB445752.mc.3B393CF11363B1314C8CFE7AFDDD54ED	Animalia	Arthropoda	Diplopoda	Spirostreptida	Pseudonannolenidae	Pseudonannolene	Pseudonannolene sebastianus		SPECIES	Pseudonannolene sebastianus Brölemann, 1902	Pseudonannolene sebastianus Brolemann 1902	Brolemann 1902	BR	Ilha Anchieta	Sao Paulo	PRESENT	2	a064f300-1bc8-41ea-9364-b864ef4e8938	-23.550426	-45.066635			162.0				2001-07-23	23	7	2001	6186003	6186003	MATERIAL_CITATION	IBSP		IBSP 1420				CC0_1_0		Equipe Biota			2025-11-08T05:37:44.859Z		GEODETIC_DATUM_ASSUMED_WGS84;CONTINENT_DERIVED_FROM_COORDINATES;TAXON_ID_NOT_FOUND;OCCURRENCE_STATUS_INFERRED_FROM_INDIVIDUAL_COUNT;COLLECTION_MATCH_NONE;INSTITUTION_MATCH_FUZZY
4101309967	1d2570da-e150-4d75-94d8-bfc5813062bc	03F887BA1309B15F4EA9FEE4FC055083.mc.3B393CF11308B15D4B53F850FD62541A	Animalia	Arthropoda	Diplopoda	Spirostreptida	Pseudonannolenidae	Pseudonannolene	Pseudonannolene microzoporus		SPECIES	Pseudonannolene microzoporus Mauriès, 1987	Pseudonannolene microzoporus Mauries 1987	Mauries 1987	BR	Mocambeiro	Bahia	PRESENT	1	a064f300-1bc8-41ea-9364-b864ef4e8938	-19.535425	-44.026974							2011-04-04	4	4	2011	1026408	1026408	MATERIAL_CITATION	IBSP		IBSP 5730				CC0_1_0		F. P. Franco			2025-11-08T05:37:44.857Z		GEODETIC_DATUM_ASSUMED_WGS84;CONTINENT_DERIVED_FROM_COORDINATES;TAXON_ID_NOT_FOUND;OCCURRENCE_STATUS_INFERRED_FROM_INDIVIDUAL_COUNT;COLLECTION_MATCH_NONE;INSTITUTION_MATCH_FUZZY
4101309966	1d2570da-e150-4d75-94d8-bfc5813062bc	03F887BA1367B1374EBAFAB0FAD650FC.mc.3B393CF11366B1344E8EFA11FBE65326	Animalia	Arthropoda	Diplopoda	Spirostreptida	Pseudonannolenidae	Pseudonannolene	Pseudonannolene spelaea		SPECIES	Pseudonannolene spelaea Iniesta & Ferreira, 2013	Pseudonannolene spelaea Iniesta & Ferreira 2013	Iniesta & Ferreira 2013	BR		Para	PRESENT	1	a064f300-1bc8-41ea-9364-b864ef4e8938	-6.081198	-50.1344											9516060	9516060	MATERIAL_CITATION	IBSP		IBSP 7356				CC0_1_0					2025-11-08T05:37:44.855Z		GEODETIC_DATUM_ASSUMED_WGS84;CONTINENT_DERIVED_FROM_COORDINATES;TAXON_ID_NOT_FOUND;OCCURRENCE_STATUS_INFERRED_FROM_INDIVIDUAL_COUNT;COLLECTION_MATCH_NONE;INSTITUTION_MATCH_FUZZY
4101309965	1d2570da-e150-4d75-94d8-bfc5813062bc	03F887BA1324B1794EADFDD1FBC951E8.mc.3B393CF11324B1764CC5FA1BFC1F530D	Animalia	Arthropoda	Diplopoda	Spirostreptida	Pseudonannolenidae	Pseudonannolene	Pseudonannolene anapophysis		SPECIES	Pseudonannolene anapophysis Fontanetti, 1996	Pseudonannolene anapophysis Fontanetti 1996	Fontanetti 1996	BR	cave Lapao	Bahia	PRESENT	1	a064f300-1bc8-41ea-9364-b864ef4e8938	-12.561843	-41.38981			397.0				2012-01-16	16	1	2012	12228983	12228983	MATERIAL_CITATION	R		IBSP 5209				CC0_1_0		I. L. F. Magalhaes			2025-11-08T05:37:44.853Z		GEODETIC_DATUM_ASSUMED_WGS84;CONTINENT_DERIVED_FROM_COORDINATES;TAXON_ID_NOT_FOUND;OCCURRENCE_STATUS_INFERRED_FROM_INDIVIDUAL_COUNT;AMBIGUOUS_INSTITUTION
4101309963	1d2570da-e150-4d75-94d8-bfc5813062bc	03F887BA1367B1374EBAFAB0FAD650FC.mc.3B393CF11366B1344B17FAC6FB965056	Animalia	Arthropoda	Diplopoda	Spirostreptida	Pseudonannolenidae	Pseudonannolene	Pseudonannolene spelaea		SPECIES	Pseudonannolene spelaea Iniesta & Ferreira, 2013	Pseudonannolene spelaea Iniesta & Ferreira 2013	Iniesta & Ferreira 2013	BR		Para	PRESENT	4	a064f300-1bc8-41ea-9364-b864ef4e8938	-6.038547	-50.160736							2008-10-07	7	10	2008	9516060	9516060	MATERIAL_CITATION	R		IBSP 7335				CC0_1_0		R. Andrade			2025-11-08T05:37:44.847Z		GEODETIC_DATUM_ASSUMED_WGS84;CONTINENT_DERIVED_FROM_COORDINATES;TAXON_ID_NOT_FOUND;OCCURRENCE_STATUS_INFERRED_FROM_INDIVIDUAL_COUNT;AMBIGUOUS_INSTITUTION
4101309962	1d2570da-e150-4d75-94d8-bfc5813062bc	03F887BA137CB1304EACFD5CFB445752.mc.3B393CF11363B1314D8FFEA3FD9354B3	Animalia	Arthropoda	Diplopoda	Spirostreptida	Pseudonannolenidae	Pseudonannolene	Pseudonannolene sebastianus		SPECIES	Pseudonannolene sebastianus Brölemann, 1902	Pseudonannolene sebastianus Brolemann 1902	Brolemann 1902	BR	Ilha Anchieta	Sao Paulo	PRESENT	7	a064f300-1bc8-41ea-9364-b864ef4e8938	-23.550426	-45.066635			162.0				2001-07-23	23	7	2001	6186003	6186003	MATERIAL_CITATION	IBSP		IBSP 7904				CC0_1_0		Equipe Biota			2025-11-08T05:37:44.845Z		GEODETIC_DATUM_ASSUMED_WGS84;CONTINENT_DERIVED_FROM_COORDINATES;TAXON_ID_NOT_FOUND;OCCURRENCE_STATUS_INFERRED_FROM_INDIVIDUAL_COUNT;COLLECTION_MATCH_NONE;INSTITUTION_MATCH_FUZZY
4101309960	1d2570da-e150-4d75-94d8-bfc5813062bc	03F887BA1309B15F4EA9FEE4FC055083.mc.3B393CF11308B15A4D76F8BFFEA652AF	Animalia	Arthropoda	Diplopoda	Spirostreptida	Pseudonannolenidae	Pseudonannolene	Pseudonannolene microzoporus		SPECIES	Pseudonannolene microzoporus Mauriès, 1987	Pseudonannolene microzoporus Mauries 1987	Mauries 1987	BR	Mocambeiro	Bahia	PRESENT	2	a064f300-1bc8-41ea-9364-b864ef4e8938	-19.535425	-44.026974							2011-04-04	4	4	2011	1026408	1026408	MATERIAL_CITATION	IBSP		IBSP 5706				CC0_1_0		F. P. Franco			2025-11-08T05:37:44.841Z		GEODETIC_DATUM_ASSUMED_WGS84;CONTINENT_DERIVED_FROM_COORDINATES;TAXON_ID_NOT_FOUND;OCCURRENCE_STATUS_INFERRED_FROM_INDIVIDUAL_COUNT;COLLECTION_MATCH_NONE;INSTITUTION_MATCH_FUZZY
4101309959	1d2570da-e150-4d75-94d8-bfc5813062bc	03F887BA1361B1354D4FF9B8FAB4500B.mc.3B393CF11360B1324E0DFAC0FB1E5079	Animalia	Arthropoda	Diplopoda	Spirostreptida	Pseudonannolenidae	Pseudonannolene	Pseudonannolene silvestris		SPECIES	Pseudonannolene silvestris Schubart, 1944	Pseudonannolene silvestris Schubart 1944	Schubart 1944	BR	Parque Estadual Turistico do Alto Ribeira	Sao Paulo	PRESENT	2	a064f300-1bc8-41ea-9364-b864ef4e8938	-24.485867	-48.646698			570.0				2001-11-08	8	11	2001	1026418	1026418	MATERIAL_CITATION	IBSP		IBSP 2265				CC0_1_0		Equipe Biota			2025-11-08T05:37:44.839Z		GEODETIC_DATUM_ASSUMED_WGS84;CONTINENT_DERIVED_FROM_COORDINATES;TAXON_ID_NOT_FOUND;OCCURRENCE_STATUS_INFERRED_FROM_INDIVIDUAL_COUNT;COLLECTION_MATCH_NONE;INSTITUTION_MATCH_FUZZY
4101309958	1d2570da-e150-4d75-94d8-bfc5813062bc	03F887BA1315B1484D45F9EEFC01571A.mc.3B393CF11314B1464DA3F8ECFB535203	Animalia	Arthropoda	Diplopoda	Spirostreptida	Pseudonannolenidae	Pseudonannolene	Pseudonannolene halophila		SPECIES	Pseudonannolene halophila Schubart, 1949	Pseudonannolene halophila Schubart 1949	Schubart 1949	BR	Ilha da Queimada Grande	Sao Paulo	PRESENT	3	a064f300-1bc8-41ea-9364-b864ef4e8938	-24.487923	-46.674156			53.0				2001-03-13	13	3	2001	6186012	6186012	MATERIAL_CITATION	IBSP		IBSP 776				CC0_1_0		C. Bertim & J. P. Guadanucci			2025-11-08T05:37:44.838Z		GEODETIC_DATUM_ASSUMED_WGS84;CONTINENT_DERIVED_FROM_COORDINATES;TAXON_ID_NOT_FOUND;OCCURRENCE_STATUS_INFERRED_FROM_INDIVIDUAL_COUNT;COLLECTION_MATCH_NONE;INSTITUTION_MATCH_FUZZY
4101309957	1d2570da-e150-4d75-94d8-bfc5813062bc	03F887BA1367B1374EBAFAB0FAD650FC.mc.3B393CF11366B1344C14FD5CFC8557D3	Animalia	Arthropoda	Diplopoda	Spirostreptida	Pseudonannolenidae	Pseudonannolene	Pseudonannolene spelaea		SPECIES	Pseudonannolene spelaea Iniesta & Ferreira, 2013	Pseudonannolene spelaea Iniesta & Ferreira 2013	Iniesta & Ferreira 2013	BR		Para	PRESENT	1	a064f300-1bc8-41ea-9364-b864ef4e8938	-6.398743	-50.357216							2016-10-28	28	10	2016	9516060	9516060	MATERIAL_CITATION	IBSP		IBSP 7631				CC0_1_0		M. P. Oliveira			2025-11-08T05:37:44.836Z		GEODETIC_DATUM_ASSUMED_WGS84;CONTINENT_DERIVED_FROM_COORDINATES;TAXON_ID_NOT_FOUND;OCCURRENCE_STATUS_INFERRED_FROM_INDIVIDUAL_COUNT;COLLECTION_MATCH_NONE;INSTITUTION_MATCH_FUZZY
4101309956	1d2570da-e150-4d75-94d8-bfc5813062bc	03F887BA1315B1484D45F9EEFC01571A.mc.3B393CF11314B1464C47FA4CFCCD50E3	Animalia	Arthropoda	Diplopoda	Spirostreptida	Pseudonannolenidae	Pseudonannolene	Pseudonannolene halophila		SPECIES	Pseudonannolene halophila Schubart, 1949	Pseudonannolene halophila Schubart 1949	Schubart 1949	BR	Vale do Rio Jurubatuba	Sao Paulo	PRESENT	1	a064f300-1bc8-41ea-9364-b864ef4e8938	-23.876179	-46.305065			201.0				2007-03		3	2007	6186012	6186012	MATERIAL_CITATION	IBSP		IBSP 3163				CC0_1_0					2025-11-08T05:37:44.835Z		GEODETIC_DATUM_ASSUMED_WGS84;CONTINENT_DERIVED_FROM_COORDINATES;TAXON_ID_NOT_FOUND;OCCURRENCE_STATUS_INFERRED_FROM_INDIVIDUAL_COUNT;COLLECTION_MATCH_NONE;INSTITUTION_MATCH_FUZZY
4101309955	1d2570da-e150-4d75-94d8-bfc5813062bc	03F887BA1356B1074D60FEE4FB225095.mc.3B393CF11356B1044E00FAE3FC505014	Animalia	Arthropoda	Diplopoda	Spirostreptida	Pseudonannolenidae	Pseudonannolene	Pseudonannolene bucculenta		SPECIES	Pseudonannolene bucculenta Iniesta, Bouzan & Brescovit, 2023	Pseudonannolene bucculenta Iniesta, Bouzan, and Brescovit 2023	Iniesta, Bouzan, and Brescovit 2023	BR	Samuel de Paula	Minas Gerais	PRESENT	1	a064f300-1bc8-41ea-9364-b864ef4e8938	-20.001055	-43.871086			975.0				2006-10		10	2006	12224748	12224748	MATERIAL_CITATION	IBSP		IBSP 3353				CC0_1_0		de Paula & J. P. P. Pena-Barbosa			2025-11-08T05:37:44.833Z		GEODETIC_DATUM_ASSUMED_WGS84;CONTINENT_DERIVED_FROM_COORDINATES;TAXON_ID_NOT_FOUND;OCCURRENCE_STATUS_INFERRED_FROM_INDIVIDUAL_COUNT;COLLECTION_MATCH_NONE;INSTITUTION_MATCH_FUZZY
4101309954	1d2570da-e150-4d75-94d8-bfc5813062bc	03F887BA1376B1274D46FE33FE985351.mc.3B393CF11376B1244E09F9E9FB37537C	Animalia	Arthropoda	Diplopoda	Spirostreptida	Pseudonannolenidae	Pseudonannolene	Pseudonannolene paulista		SPECIES	Pseudonannolene paulista Brölemann, 1902	Pseudonannolene paulista Brolemann 1902	Brolemann 1902	BR	Escola Superior de Agricultura Luiz de Queiroz	Sao Paulo	PRESENT	2	a064f300-1bc8-41ea-9364-b864ef4e8938	-22.711636	-47.627785			548.0				1994-03-11	11	3	1994	1026416	1026416	MATERIAL_CITATION	ESALQ-USP		IBSP 1261				CC0_1_0		A. Eterovic			2025-11-08T05:37:44.830Z		GEODETIC_DATUM_ASSUMED_WGS84;CONTINENT_DERIVED_FROM_COORDINATES;TAXON_ID_NOT_FOUND;OCCURRENCE_STATUS_INFERRED_FROM_INDIVIDUAL_COUNT;INSTITUTION_MATCH_NONE
4101309948	1d2570da-e150-4d75-94d8-bfc5813062bc	03F887BA132FB17F4EB3FCD4FDA5561E.mc.3B393CF1132EB17C4FEBFCD9FC845671	Animalia	Arthropoda	Diplopoda	Spirostreptida	Pseudonannolenidae	Pseudonannolene	Pseudonannolene caatinga		SPECIES	Pseudonannolene caatinga Iniesta & Ferreira, 2014	Pseudonannolene caatinga Iniesta & Ferreira 2014	Iniesta & Ferreira 2014	BR	Caetite	Bahia	PRESENT	2	a064f300-1bc8-41ea-9364-b864ef4e8938	-14.066228	-42.486908							2008-12-08	8	12	2008	8682135	8682135	MATERIAL_CITATION	IBSP						CC0_1_0		Andrade			2025-11-08T05:37:44.764Z		GEODETIC_DATUM_ASSUMED_WGS84;CONTINENT_DERIVED_FROM_COORDINATES;TAXON_ID_NOT_FOUND;OCCURRENCE_STATUS_INFERRED_FROM_INDIVIDUAL_COUNT;COLLECTION_MATCH_NONE;INSTITUTION_MATCH_FUZZY
4101309947	1d2570da-e150-4d75-94d8-bfc5813062bc	03F887BA132FB17F4EB3FCD4FDA5561E.mc.3B393CF1132EB17C4D92FE36FAAA54CA	Animalia	Arthropoda	Diplopoda	Spirostreptida	Pseudonannolenidae	Pseudonannolene	Pseudonannolene caatinga		SPECIES	Pseudonannolene caatinga Iniesta & Ferreira, 2014	Pseudonannolene caatinga Iniesta & Ferreira 2014	Iniesta & Ferreira 2014	BR	Estacao Ecologica Murici	Alagoas	PRESENT	1	a064f300-1bc8-41ea-9364-b864ef4e8938	-9.232525	-35.858162			408.0				2003-09-13	13	9	2003	8682135	8682135	MATERIAL_CITATION	IBSP		IBSP 2178				CC0_1_0		Equipe Biota			2025-11-08T05:37:44.762Z		GEODETIC_DATUM_ASSUMED_WGS84;CONTINENT_DERIVED_FROM_COORDINATES;TAXON_ID_NOT_FOUND;OCCURRENCE_STATUS_INFERRED_FROM_INDIVIDUAL_COUNT;COLLECTION_MATCH_NONE;INSTITUTION_MATCH_FUZZY
4101309946	1d2570da-e150-4d75-94d8-bfc5813062bc	03F887BA1356B1074D60FEE4FB225095.mc.3B393CF11356B1044D96F9C4FAED537D	Animalia	Arthropoda	Diplopoda	Spirostreptida	Pseudonannolenidae	Pseudonannolene	Pseudonannolene bucculenta		SPECIES	Pseudonannolene bucculenta Iniesta, Bouzan & Brescovit, 2023	Pseudonannolene bucculenta Iniesta, Bouzan, and Brescovit 2023	Iniesta, Bouzan, and Brescovit 2023	BR	Samuel de Paula	Minas Gerais	PRESENT	7	a064f300-1bc8-41ea-9364-b864ef4e8938	-20.001055	-43.871086			975.0				2006-10		10	2006	12224748	12224748	MATERIAL_CITATION	IBSP		IBSP 3417				CC0_1_0		de Paula & J. P. P. Pena-Barbosa			2025-11-08T05:37:44.760Z		GEODETIC_DATUM_ASSUMED_WGS84;CONTINENT_DERIVED_FROM_COORDINATES;TAXON_ID_NOT_FOUND;OCCURRENCE_STATUS_INFERRED_FROM_INDIVIDUAL_COUNT;COLLECTION_MATCH_NONE;INSTITUTION_MATCH_FUZZY
4101309945	1d2570da-e150-4d75-94d8-bfc5813062bc	03F887BA1316B1474E87FEE4FAEF50E2.mc.3B393CF11316B1444D71F9F3FEA65362	Animalia	Arthropoda	Diplopoda	Spirostreptida	Pseudonannolenidae	Pseudonannolene	Pseudonannolene fontanettiae		SPECIES	Pseudonannolene fontanettiae Iniesta & Ferreira, 2014	Pseudonannolene fontanettiae Iniesta & Ferreira 2014	Iniesta & Ferreira 2014	BR	Sete Lagoas	Minas Gerais	PRESENT	1	a064f300-1bc8-41ea-9364-b864ef4e8938	-19.457188	-44.236374			775.0				2014-03-13	13	3	2014	8446495	8446495	MATERIAL_CITATION	ILCOM		IBSP 7077				CC0_1_0		Equipe Carste			2025-11-08T05:37:44.759Z		GEODETIC_DATUM_ASSUMED_WGS84;CONTINENT_DERIVED_FROM_COORDINATES;TAXON_ID_NOT_FOUND;OCCURRENCE_STATUS_INFERRED_FROM_INDIVIDUAL_COUNT;INSTITUTION_MATCH_NONE
4101309944	1d2570da-e150-4d75-94d8-bfc5813062bc	03F887BA1373B1234D42FCF9FB915768.mc.3B393CF11373B1214C6EF93CFD125233	Animalia	Arthropoda	Diplopoda	Spirostreptida	Pseudonannolenidae	Pseudonannolene	Pseudonannolene ophiiulus		SPECIES	Pseudonannolene ophiiulus Schubart, 1944	Pseudonannolene ophiiulus Schubart 1944	Schubart 1944	BR	Fazenda Landgraf	Sao Paulo	PRESENT	9	a064f300-1bc8-41ea-9364-b864ef4e8938									1944-03-07	7	3	1944	6185999	6185999	MATERIAL_CITATION	MZSP						CC0_1_0		O. Schubart			2025-11-08T05:37:44.757Z		CONTINENT_DERIVED_FROM_COUNTRY;TAXON_ID_NOT_FOUND;OCCURRENCE_STATUS_INFERRED_FROM_INDIVIDUAL_COUNT;COLLECTION_MATCH_NONE;INSTITUTION_MATCH_FUZZY
4101309943	1d2570da-e150-4d75-94d8-bfc5813062bc	03F887BA1321B1724D58FEE4FBC35029.mc.3B393CF11321B1734FBCFC43FED0510C	Animalia	Arthropoda	Diplopoda	Spirostreptida	Pseudonannolenidae	Pseudonannolene	Pseudonannolene albiventris		SPECIES	Pseudonannolene albiventris Schubart, 1952	Pseudonannolene albiventris Schubart 1952	Schubart 1952	BR	Fazenda Nova America	Sao Paulo	PRESENT	1	a064f300-1bc8-41ea-9364-b864ef4e8938	-22.129297	-47.662636			665.0				1944-03-07	7	3	1944	6185997	6185997	MATERIAL_CITATION	MZSP						CC0_1_0		O. Schubart	Holotype		2025-11-08T05:37:44.755Z		GEODETIC_DATUM_ASSUMED_WGS84;CONTINENT_DERIVED_FROM_COORDINATES;TAXON_ID_NOT_FOUND;OCCURRENCE_STATUS_INFERRED_FROM_INDIVIDUAL_COUNT;COLLECTION_MATCH_NONE;INSTITUTION_MATCH_FUZZY
4101309942	1d2570da-e150-4d75-94d8-bfc5813062bc	03F887BA135BB1084D6BFE1AFB0356E5.mc.3B393CF1135BB1094CC2FB7CFD9D51F3	Animalia	Arthropoda	Diplopoda	Spirostreptida	Pseudonannolenidae	Pseudonannolene	Pseudonannolene granulata		SPECIES	Pseudonannolene granulata Iniesta, Bouzan & Brescovit, 2023	Pseudonannolene granulata Iniesta, Bouzan, and Brescovit 2023	Iniesta, Bouzan, and Brescovit 2023	BR	Balneario Santa Ines	Rio de Janeiro	PRESENT	8	a064f300-1bc8-41ea-9364-b864ef4e8938	-21.541445	-41.931763							2017-12-29	29	12	2017	12218244	12218244	MATERIAL_CITATION	MNRJ						CC0_1_0		L. Azara & M. Medrano & A. B. Kury			2025-11-08T05:37:44.753Z		GEODETIC_DATUM_ASSUMED_WGS84;CONTINENT_DERIVED_FROM_COORDINATES;TAXON_ID_NOT_FOUND;OCCURRENCE_STATUS_INFERRED_FROM_INDIVIDUAL_COUNT;COLLECTION_MATCH_NONE;INSTITUTION_MATCH_FUZZY
4101309941	1d2570da-e150-4d75-94d8-bfc5813062bc	03F887BA132FB17F4EB3FCD4FDA5561E.mc.3B393CF1132EB17C4D23FCBBFDC256AB	Animalia	Arthropoda	Diplopoda	Spirostreptida	Pseudonannolenidae	Pseudonannolene	Pseudonannolene caatinga		SPECIES	Pseudonannolene caatinga Iniesta & Ferreira, 2014	Pseudonannolene caatinga Iniesta & Ferreira 2014	Iniesta & Ferreira 2014	BR	Caetite	Bahia	PRESENT	6	a064f300-1bc8-41ea-9364-b864ef4e8938	-14.066228	-42.486908							2008-12-08	8	12	2008	8682135	8682135	MATERIAL_CITATION	IBSP		IBSP 5791				CC0_1_0		Andrade			2025-11-08T05:37:44.751Z		GEODETIC_DATUM_ASSUMED_WGS84;CONTINENT_DERIVED_FROM_COORDINATES;TAXON_ID_NOT_FOUND;OCCURRENCE_STATUS_INFERRED_FROM_INDIVIDUAL_COUNT;COLLECTION_MATCH_NONE;INSTITUTION_MATCH_FUZZY
4101309940	1d2570da-e150-4d75-94d8-bfc5813062bc	03F887BA1369B13C4D45F916FC1A53ED.mc.3B393CF1136FB13D4FEBF8B0FE9352A7	Animalia	Arthropoda	Diplopoda	Spirostreptida	Pseudonannolenidae	Pseudonannolene	Pseudonannolene tricolor		SPECIES	Pseudonannolene tricolor Brölemann, 1902	Pseudonannolene tricolor Brolemann 1902	Brolemann 1902	BR	Fazenda Sao Bento	Sao Paulo	PRESENT	1	a064f300-1bc8-41ea-9364-b864ef4e8938	-22.707855	-46.77411			760.0				1942-12-18	18	12	1942	1026426	1026426	MATERIAL_CITATION	MZSP						CC0_1_0		B. Soares			2025-11-08T05:37:44.734Z		GEODETIC_DATUM_ASSUMED_WGS84;CONTINENT_DERIVED_FROM_COORDINATES;TAXON_ID_NOT_FOUND;OCCURRENCE_STATUS_INFERRED_FROM_INDIVIDUAL_COUNT;COLLECTION_MATCH_NONE;INSTITUTION_MATCH_FUZZY
4101309939	1d2570da-e150-4d75-94d8-bfc5813062bc	03F887BA1359B10D4D1CF979FCBE518D.mc.3B393CF11358B10A4C03FCCCFEA05663	Animalia	Arthropoda	Diplopoda	Spirostreptida	Pseudonannolenidae	Pseudonannolene	Pseudonannolene morettii		SPECIES	Pseudonannolene morettii Iniesta, Bouzan & Brescovit, 2023	Pseudonannolene morettii Iniesta, Bouzan, and Brescovit 2023	Iniesta, Bouzan, and Brescovit 2023	BR	Parque Municipal da Serra do Itapety	Sao Paulo	PRESENT	2	a064f300-1bc8-41ea-9364-b864ef4e8938	-23.493336	-46.19638			881.0				2003-10-13	13	10	2003	12190204	12190204	MATERIAL_CITATION	IBSP		IBSP 2461				CC0_1_0		Mogi das Cruzes & Equipe Biota			2025-11-08T05:37:44.731Z		GEODETIC_DATUM_ASSUMED_WGS84;CONTINENT_DERIVED_FROM_COORDINATES;TAXON_ID_NOT_FOUND;OCCURRENCE_STATUS_INFERRED_FROM_INDIVIDUAL_COUNT;COLLECTION_MATCH_NONE;INSTITUTION_MATCH_FUZZY
4101309938	1d2570da-e150-4d75-94d8-bfc5813062bc	03F887BA1311B1424D4BFEE4FBEC56ED.mc.3B393CF11311B1434C2DFB39FED1502F	Animalia	Arthropoda	Diplopoda	Spirostreptida	Pseudonannolenidae	Pseudonannolene	Pseudonannolene curtipes		SPECIES	Pseudonannolene curtipes Schubart, 1960	Pseudonannolene curtipes Schubart 1960	Schubart 1960	BR	Fazenda Forquilha Grande	Goias	PRESENT	1	a064f300-1bc8-41ea-9364-b864ef4e8938	-14.732396	-46.15362							1960-02		2	1960	6185993	6185993	MATERIAL_CITATION	MZSP		MZSP 1030				CC0_1_0		J. Evangelista			2025-11-08T05:37:44.730Z		GEODETIC_DATUM_ASSUMED_WGS84;CONTINENT_DERIVED_FROM_COORDINATES;TAXON_ID_NOT_FOUND;OCCURRENCE_STATUS_INFERRED_FROM_INDIVIDUAL_COUNT;COLLECTION_MATCH_NONE;INSTITUTION_MATCH_FUZZY
4101309937	1d2570da-e150-4d75-94d8-bfc5813062bc	03F887BA1309B15F4EA9FEE4FC055083.mc.3B393CF1130FB15D4FEBFB53FBF351E4	Animalia	Arthropoda	Diplopoda	Spirostreptida	Pseudonannolenidae	Pseudonannolene	Pseudonannolene microzoporus		SPECIES	Pseudonannolene microzoporus Mauriès, 1987	Pseudonannolene microzoporus Mauries 1987	Mauries 1987	BR		Bahia	PRESENT	1	a064f300-1bc8-41ea-9364-b864ef4e8938									2011-02-08	8	2	2011	1026408	1026408	MATERIAL_CITATION	IBSP		IBSP 5653				CC0_1_0					2025-11-08T05:37:44.728Z		CONTINENT_DERIVED_FROM_COUNTRY;TAXON_ID_NOT_FOUND;OCCURRENCE_STATUS_INFERRED_FROM_INDIVIDUAL_COUNT;COLLECTION_MATCH_NONE;INSTITUTION_MATCH_FUZZY
4101309936	1d2570da-e150-4d75-94d8-bfc5813062bc	03F887BA1310B1454EA2FC15FC77528B.mc.3B393CF11317B1454CBAFEC0FE595456	Animalia	Arthropoda	Diplopoda	Spirostreptida	Pseudonannolenidae	Pseudonannolene	Pseudonannolene erikae		SPECIES	Pseudonannolene erikae Iniesta & Ferreira, 2014	Pseudonannolene erikae Iniesta & Ferreira 2014	Iniesta & Ferreira 2014	BR	Sao Jose da Lapa	Minas Gerais	PRESENT	1	a064f300-1bc8-41ea-9364-b864ef4e8938	-19.69921	-43.95831			732.0				2012-12-17	17	12	2012	8568561	8568561	MATERIAL_CITATION	IBSP		IBSP 7607				CC0_1_0		Bueno			2025-11-08T05:37:44.726Z		GEODETIC_DATUM_ASSUMED_WGS84;CONTINENT_DERIVED_FROM_COORDINATES;TAXON_ID_NOT_FOUND;OCCURRENCE_STATUS_INFERRED_FROM_INDIVIDUAL_COUNT;COLLECTION_MATCH_NONE;INSTITUTION_MATCH_FUZZY
4101309934	1d2570da-e150-4d75-94d8-bfc5813062bc	03F887BA1369B13C4D45F916FC1A53ED.mc.3B393CF1136FB13D4B40FC4AFDFC56DD	Animalia	Arthropoda	Diplopoda	Spirostreptida	Pseudonannolenidae	Pseudonannolene	Pseudonannolene tricolor		SPECIES	Pseudonannolene tricolor Brölemann, 1902	Pseudonannolene tricolor Brolemann 1902	Brolemann 1902	BR	Fazenda Ponte Alta	Sao Paulo	PRESENT	2	a064f300-1bc8-41ea-9364-b864ef4e8938	-22.69015	-46.682655			767.0				1948-10-25	25	10	1948	1026426	1026426	MATERIAL_CITATION	MZSP						CC0_1_0		O. Schubart			2025-11-08T05:37:44.722Z		GEODETIC_DATUM_ASSUMED_WGS84;CONTINENT_DERIVED_FROM_COORDINATES;TAXON_ID_NOT_FOUND;OCCURRENCE_STATUS_INFERRED_FROM_INDIVIDUAL_COUNT;COLLECTION_MATCH_NONE;INSTITUTION_MATCH_FUZZY
4101309932	1d2570da-e150-4d75-94d8-bfc5813062bc	03F887BA1365B1394D74FA05FAEF5669.mc.3B393CF11364B1364FEBFE4AFC4954DD	Animalia	Arthropoda	Diplopoda	Spirostreptida	Pseudonannolenidae	Pseudonannolene	Pseudonannolene strinatii		SPECIES	Pseudonannolene strinatii Mauriès, 1974	Pseudonannolene strinatii Mauries 1974	Mauries 1974	BR	Parque Estadual Turistico do Alto Ribeira (PETAR)	Sao Paulo	PRESENT	1	a064f300-1bc8-41ea-9364-b864ef4e8938	-24.485867	-48.646698			570.0				1992-07		7	1992	6186013	6186013	MATERIAL_CITATION	PETAR		IBSP 1257				CC0_1_0		A. Eterovic			2025-11-08T05:37:44.717Z		GEODETIC_DATUM_ASSUMED_WGS84;CONTINENT_DERIVED_FROM_COORDINATES;TAXON_ID_NOT_FOUND;OCCURRENCE_STATUS_INFERRED_FROM_INDIVIDUAL_COUNT;INSTITUTION_MATCH_NONE
4101309931	1d2570da-e150-4d75-94d8-bfc5813062bc	03F887BA137CB1304EACFD5CFB445752.mc.3B393CF1137CB12E4D41F939FB1D53D1	Animalia	Arthropoda	Diplopoda	Spirostreptida	Pseudonannolenidae	Pseudonannolene	Pseudonannolene sebastianus		SPECIES	Pseudonannolene sebastianus Brölemann, 1902	Pseudonannolene sebastianus Brolemann 1902	Brolemann 1902	BR	Ilhabela	Sao Paulo	PRESENT	1	a064f300-1bc8-41ea-9364-b864ef4e8938	-23.818665	-45.36816			1.0				2001-10-09	9	10	2001	6186003	6186003	MATERIAL_CITATION	IBSP		IBSP 1393				CC0_1_0		Equipe Biota			2025-11-08T05:37:44.719Z		GEODETIC_DATUM_ASSUMED_WGS84;CONTINENT_DERIVED_FROM_COORDINATES;TAXON_ID_NOT_FOUND;OCCURRENCE_STATUS_INFERRED_FROM_INDIVIDUAL_COUNT;COLLECTION_MATCH_NONE;INSTITUTION_MATCH_FUZZY
4101309926	1d2570da-e150-4d75-94d8-bfc5813062bc	03F887BA135BB1084D6BFE1AFB0356E5.mc.3B393CF1135BB1094FBCFB81FCE65194	Animalia	Arthropoda	Diplopoda	Spirostreptida	Pseudonannolenidae	Pseudonannolene	Pseudonannolene granulata		SPECIES	Pseudonannolene granulata Iniesta, Bouzan & Brescovit, 2023	Pseudonannolene granulata Iniesta, Bouzan, and Brescovit 2023	Iniesta, Bouzan, and Brescovit 2023	BR	BRAZIL	Rio de Janeiro	PRESENT	1	a064f300-1bc8-41ea-9364-b864ef4e8938	-21.541445	-41.931763							2017-12-29	29	12	2017	12218244	12218244	MATERIAL_CITATION	MNRJ						CC0_1_0		L. Azara & M. Medrano & A. B. Kury	Paratype		2025-11-08T05:37:44.691Z		GEODETIC_DATUM_ASSUMED_WGS84;CONTINENT_DERIVED_FROM_COORDINATES;TAXON_ID_NOT_FOUND;OCCURRENCE_STATUS_INFERRED_FROM_INDIVIDUAL_COUNT;COLLECTION_MATCH_NONE;INSTITUTION_MATCH_FUZZY
4101309925	1d2570da-e150-4d75-94d8-bfc5813062bc	03F887BA136AB13B4D5CFBE1FAA853ED.mc.3B393CF1136AB1384FBCF93BFED95265	Animalia	Arthropoda	Diplopoda	Spirostreptida	Pseudonannolenidae	Pseudonannolene	Pseudonannolene tocaiensis		SPECIES	Pseudonannolene tocaiensis Fontanetti, 1996	Pseudonannolene tocaiensis Fontanetti 1996	Fontanetti 1996	BR	Toca cave	Sao Paulo	PRESENT	1	a064f300-1bc8-41ea-9364-b864ef4e8938	-22.272463	-47.776047			776.0				1985-08-27	27	8	1985	11585214	11585214	MATERIAL_CITATION	MZSP		MZSP 942				CC0_1_0		C. S. Fontanetti & A. Mesa & F. A. G. Mello	Holotype		2025-11-08T05:37:44.687Z		GEODETIC_DATUM_ASSUMED_WGS84;CONTINENT_DERIVED_FROM_COORDINATES;TAXON_ID_NOT_FOUND;OCCURRENCE_STATUS_INFERRED_FROM_INDIVIDUAL_COUNT;COLLECTION_MATCH_NONE;INSTITUTION_MATCH_FUZZY
4101309924	1d2570da-e150-4d75-94d8-bfc5813062bc	03F887BA130DB1214D53FA08FE5057D0.mc.3B393CF1130CB15E4DD1FC8AFBD1569A	Animalia	Arthropoda	Diplopoda	Spirostreptida	Pseudonannolenidae	Pseudonannolene	Pseudonannolene occidentalis		SPECIES	Pseudonannolene occidentalis Schubart, 1958	Pseudonannolene occidentalis Schubart 1958	Schubart 1958	BR	Serra do Japi	Sao Paulo	PRESENT	4	a064f300-1bc8-41ea-9364-b864ef4e8938	-23.22663	-46.92475			871.0				2001-08-06	6	8	2001	6186007	6186007	MATERIAL_CITATION	IBSP		IBSP 1998				CC0_1_0		Equipe Biota			2025-11-08T05:37:44.683Z		GEODETIC_DATUM_ASSUMED_WGS84;CONTINENT_DERIVED_FROM_COORDINATES;TAXON_ID_NOT_FOUND;OCCURRENCE_STATUS_INFERRED_FROM_INDIVIDUAL_COUNT;COLLECTION_MATCH_NONE;INSTITUTION_MATCH_FUZZY
4101309923	1d2570da-e150-4d75-94d8-bfc5813062bc	03F887BA1369B13C4D45F916FC1A53ED.mc.3B393CF11368B13A4DE6F88EFAB15242	Animalia	Arthropoda	Diplopoda	Spirostreptida	Pseudonannolenidae	Pseudonannolene	Pseudonannolene tricolor		SPECIES	Pseudonannolene tricolor Brölemann, 1902	Pseudonannolene tricolor Brolemann 1902	Brolemann 1902	BR	Hotel Estancia Barra Bonita	Sao Paulo	PRESENT	1	a064f300-1bc8-41ea-9364-b864ef4e8938	-22.515266	-48.532787			485.0				2001-11-21	21	11	2001	1026426	1026426	MATERIAL_CITATION	IBSP		IBSP 7882				CC0_1_0		M. E. Calleffo			2025-11-08T05:37:44.681Z		GEODETIC_DATUM_ASSUMED_WGS84;CONTINENT_DERIVED_FROM_COORDINATES;TAXON_ID_NOT_FOUND;OCCURRENCE_STATUS_INFERRED_FROM_INDIVIDUAL_COUNT;COLLECTION_MATCH_NONE;INSTITUTION_MATCH_FUZZY
4101309922	1d2570da-e150-4d75-94d8-bfc5813062bc	03F887BA132DB17E4D5CFCA9FC3D53AC.mc.3B393CF1132DB17F4E0DF88EFAF95245	Animalia	Arthropoda	Diplopoda	Spirostreptida	Pseudonannolenidae	Pseudonannolene	Pseudonannolene callipyge		SPECIES	Pseudonannolene callipyge Brölemann, 1902	Pseudonannolene callipyge Brolemann 1902	Brolemann 1902	BR	cave Passaro Preto	Parana	PRESENT	3	a064f300-1bc8-41ea-9364-b864ef4e8938					362.0				2017-12-10	10	12	2017	1026425	1026425	MATERIAL_CITATION	IBSP		IBSP 7623				CC0_1_0		L. F. M. Iniesta			2025-11-08T05:37:44.680Z		CONTINENT_DERIVED_FROM_COUNTRY;TAXON_ID_NOT_FOUND;OCCURRENCE_STATUS_INFERRED_FROM_INDIVIDUAL_COUNT;COLLECTION_MATCH_NONE;INSTITUTION_MATCH_FUZZY
4101309921	1d2570da-e150-4d75-94d8-bfc5813062bc	03F887BA1316B1474E87FEE4FAEF50E2.mc.3B393CF11316B1444C49FA83FC825092	Animalia	Arthropoda	Diplopoda	Spirostreptida	Pseudonannolenidae	Pseudonannolene	Pseudonannolene fontanettiae		SPECIES	Pseudonannolene fontanettiae Iniesta & Ferreira, 2014	Pseudonannolene fontanettiae Iniesta & Ferreira 2014	Iniesta & Ferreira 2014	BR	Sete Lagoas	Minas Gerais	PRESENT	1	a064f300-1bc8-41ea-9364-b864ef4e8938	-19.457188	-44.236374			775.0				2014-03-13	13	3	2014	8446495	8446495	MATERIAL_CITATION	ILCOM		IBSP 7073				CC0_1_0		Equipe Carste			2025-11-08T05:37:44.678Z		GEODETIC_DATUM_ASSUMED_WGS84;CONTINENT_DERIVED_FROM_COORDINATES;TAXON_ID_NOT_FOUND;OCCURRENCE_STATUS_INFERRED_FROM_INDIVIDUAL_COUNT;INSTITUTION_MATCH_NONE
4101309919	1d2570da-e150-4d75-94d8-bfc5813062bc	03F887BA1309B15F4EA9FEE4FC055083.mc.3B393CF1130FB15D4E80FCF5FAED560A	Animalia	Arthropoda	Diplopoda	Spirostreptida	Pseudonannolenidae	Pseudonannolene	Pseudonannolene microzoporus		SPECIES	Pseudonannolene microzoporus Mauriès, 1987	Pseudonannolene microzoporus Mauries 1987	Mauries 1987	BR		Bahia	PRESENT	1	a064f300-1bc8-41ea-9364-b864ef4e8938													1026408	1026408	MATERIAL_CITATION	IBSP		IBSP 5705				CC0_1_0					2025-11-08T05:37:44.672Z		CONTINENT_DERIVED_FROM_COUNTRY;TAXON_ID_NOT_FOUND;OCCURRENCE_STATUS_INFERRED_FROM_INDIVIDUAL_COUNT;COLLECTION_MATCH_NONE;INSTITUTION_MATCH_FUZZY
4101309918	1d2570da-e150-4d75-94d8-bfc5813062bc	03F887BA1371B1224D74FD91FED55297.mc.3B393CF11370B1224E01FEC7FF625456	Animalia	Arthropoda	Diplopoda	Spirostreptida	Pseudonannolenidae	Pseudonannolene	Pseudonannolene parvula		SPECIES	Pseudonannolene parvula Silvestri, 1902	Pseudonannolene parvula Silvestri 1902	Silvestri 1902	BR		Parana	PRESENT	3	a064f300-1bc8-41ea-9364-b864ef4e8938	-25.500435	-54.58335			195.0				2016-07-28	28	7	2016	1026412	1026412	MATERIAL_CITATION	V		IBSP 7629				CC0_1_0		V. Calvanese			2025-11-08T05:37:44.675Z		GEODETIC_DATUM_ASSUMED_WGS84;CONTINENT_DERIVED_FROM_COORDINATES;TAXON_ID_NOT_FOUND;OCCURRENCE_STATUS_INFERRED_FROM_INDIVIDUAL_COUNT;COLLECTION_MATCH_NONE;INSTITUTION_MATCH_FUZZY
4101309916	1d2570da-e150-4d75-94d8-bfc5813062bc	03F887BA136CB1014D70FB4DFD9352E0.mc.3B393CF11353B1014B38FE13FBC65703	Animalia	Arthropoda	Diplopoda	Spirostreptida	Pseudonannolenidae	Pseudonannolene	Pseudonannolene urbica		SPECIES	Pseudonannolene urbica Schubart, 1945	Pseudonannolene urbica Schubart 1945	Schubart 1945	BR	Eldorado	Sao Paulo	PRESENT	4	a064f300-1bc8-41ea-9364-b864ef4e8938	-23.709806	-46.627224			785.0				1947-11-01	1	11	1947	6186006	6186006	MATERIAL_CITATION	MZSP						CC0_1_0		E. Marcus			2025-11-08T05:37:44.645Z		GEODETIC_DATUM_ASSUMED_WGS84;CONTINENT_DERIVED_FROM_COORDINATES;TAXON_ID_NOT_FOUND;OCCURRENCE_STATUS_INFERRED_FROM_INDIVIDUAL_COUNT;COLLECTION_MATCH_NONE;INSTITUTION_MATCH_FUZZY
4101309915	1d2570da-e150-4d75-94d8-bfc5813062bc	03F887BA136CB1014D70FB4DFD9352E0.mc.3B393CF11353B1014D51FEA3FAB25457	Animalia	Arthropoda	Diplopoda	Spirostreptida	Pseudonannolenidae	Pseudonannolene	Pseudonannolene urbica		SPECIES	Pseudonannolene urbica Schubart, 1945	Pseudonannolene urbica Schubart 1945	Schubart 1945	BR	Sao Paulo	Sao Paulo	PRESENT	1	a064f300-1bc8-41ea-9364-b864ef4e8938	-23.55044	-46.633316			769.0								6186006	6186006	MATERIAL_CITATION	IBSP		IBSP 2007				CC0_1_0					2025-11-08T05:37:44.643Z		GEODETIC_DATUM_ASSUMED_WGS84;CONTINENT_DERIVED_FROM_COORDINATES;TAXON_ID_NOT_FOUND;OCCURRENCE_STATUS_INFERRED_FROM_INDIVIDUAL_COUNT;COLLECTION_MATCH_NONE;INSTITUTION_MATCH_FUZZY
4101309914	1d2570da-e150-4d75-94d8-bfc5813062bc	03F887BA1369B13C4D45F916FC1A53ED.mc.3B393CF1136FB13D4A65FC6FFC6456FE	Animalia	Arthropoda	Diplopoda	Spirostreptida	Pseudonannolenidae	Pseudonannolene	Pseudonannolene tricolor		SPECIES	Pseudonannolene tricolor Brölemann, 1902	Pseudonannolene tricolor Brolemann 1902	Brolemann 1902	BR	Fazenda Ponte Alta	Sao Paulo	PRESENT	3	a064f300-1bc8-41ea-9364-b864ef4e8938	-22.69015	-46.682655			767.0				1943-10-31	31	10	1943	1026426	1026426	MATERIAL_CITATION	MZSP						CC0_1_0		O. Schubart			2025-11-08T05:37:44.669Z		GEODETIC_DATUM_ASSUMED_WGS84;CONTINENT_DERIVED_FROM_COORDINATES;TAXON_ID_NOT_FOUND;OCCURRENCE_STATUS_INFERRED_FROM_INDIVIDUAL_COUNT;COLLECTION_MATCH_NONE;INSTITUTION_MATCH_FUZZY
4101309913	1d2570da-e150-4d75-94d8-bfc5813062bc	03F887BA1373B1234D42FCF9FB915768.mc.3B393CF11373B1214DC5F8FBFDF65249	Animalia	Arthropoda	Diplopoda	Spirostreptida	Pseudonannolenidae	Pseudonannolene	Pseudonannolene ophiiulus		SPECIES	Pseudonannolene ophiiulus Schubart, 1944	Pseudonannolene ophiiulus Schubart 1944	Schubart 1944	BR	Emas	Sao Paulo	PRESENT	3	a064f300-1bc8-41ea-9364-b864ef4e8938	-22.001669	-47.427853			631.0				1948-03-10	10	3	1948	6185999	6185999	MATERIAL_CITATION	MZSP						CC0_1_0		O. Schubart			2025-11-08T05:37:44.642Z		GEODETIC_DATUM_ASSUMED_WGS84;CONTINENT_DERIVED_FROM_COORDINATES;TAXON_ID_NOT_FOUND;OCCURRENCE_STATUS_INFERRED_FROM_INDIVIDUAL_COUNT;COLLECTION_MATCH_NONE;INSTITUTION_MATCH_FUZZY
4101309912	1d2570da-e150-4d75-94d8-bfc5813062bc	03F887BA1369B13C4D45F916FC1A53ED.mc.3B393CF11368B13A4CD7F844FC7252D8	Animalia	Arthropoda	Diplopoda	Spirostreptida	Pseudonannolenidae	Pseudonannolene	Pseudonannolene tricolor		SPECIES	Pseudonannolene tricolor Brölemann, 1902	Pseudonannolene tricolor Brolemann 1902	Brolemann 1902	BR	Franco da Rocha	Sao Paulo	PRESENT	2	a064f300-1bc8-41ea-9364-b864ef4e8938	-23.323671	-46.729424			785.0				2002-01-30	30	1	2002	1026426	1026426	MATERIAL_CITATION	IBSP		IBSP 954				CC0_1_0		A. Cazdorroa			2025-11-08T05:37:44.640Z		GEODETIC_DATUM_ASSUMED_WGS84;CONTINENT_DERIVED_FROM_COORDINATES;TAXON_ID_NOT_FOUND;OCCURRENCE_STATUS_INFERRED_FROM_INDIVIDUAL_COUNT;COLLECTION_MATCH_NONE;INSTITUTION_MATCH_FUZZY
4101309911	1d2570da-e150-4d75-94d8-bfc5813062bc	03F887BA1316B1474E87FEE4FAEF50E2.mc.3B393CF11316B1444EB5FAA0FC9B50B7	Animalia	Arthropoda	Diplopoda	Spirostreptida	Pseudonannolenidae	Pseudonannolene	Pseudonannolene fontanettiae		SPECIES	Pseudonannolene fontanettiae Iniesta & Ferreira, 2014	Pseudonannolene fontanettiae Iniesta & Ferreira 2014	Iniesta & Ferreira 2014	BR	Sete Lagoas	Minas Gerais	PRESENT	2	a064f300-1bc8-41ea-9364-b864ef4e8938	-19.457188	-44.236374			775.0				2013-08-05	5	8	2013	8446495	8446495	MATERIAL_CITATION	ILCOM		IBSP 7090				CC0_1_0		Equipe Carste			2025-11-08T05:37:44.638Z		GEODETIC_DATUM_ASSUMED_WGS84;CONTINENT_DERIVED_FROM_COORDINATES;TAXON_ID_NOT_FOUND;OCCURRENCE_STATUS_INFERRED_FROM_INDIVIDUAL_COUNT;INSTITUTION_MATCH_NONE
4101309910	1d2570da-e150-4d75-94d8-bfc5813062bc	03F887BA132FB17F4EB3FCD4FDA5561E.mc.3B393CF1132EB17C4C6DFCD9FDC2564C	Animalia	Arthropoda	Diplopoda	Spirostreptida	Pseudonannolenidae	Pseudonannolene	Pseudonannolene caatinga		SPECIES	Pseudonannolene caatinga Iniesta & Ferreira, 2014	Pseudonannolene caatinga Iniesta & Ferreira 2014	Iniesta & Ferreira 2014	BR	Caetite	Bahia	PRESENT	2	a064f300-1bc8-41ea-9364-b864ef4e8938	-14.066228	-42.486908							2008-12-08	8	12	2008	8682135	8682135	MATERIAL_CITATION	IBSP		IBSP 5790				CC0_1_0		Andrade			2025-11-08T05:37:44.636Z		GEODETIC_DATUM_ASSUMED_WGS84;CONTINENT_DERIVED_FROM_COORDINATES;TAXON_ID_NOT_FOUND;OCCURRENCE_STATUS_INFERRED_FROM_INDIVIDUAL_COUNT;COLLECTION_MATCH_NONE;INSTITUTION_MATCH_FUZZY
4101309909	1d2570da-e150-4d75-94d8-bfc5813062bc	03F887BA1329B17D4D53F927FEA0562F.mc.3B393CF11328B17A4E40FC16FC58512B	Animalia	Arthropoda	Diplopoda	Spirostreptida	Pseudonannolenidae	Pseudonannolene	Pseudonannolene buhrnheimi		SPECIES	Pseudonannolene buhrnheimi Schubart, 1960	Pseudonannolene buhrnheimi Schubart 1960	Schubart 1960	BR	Reserva Ecologica Guapiassu	Rio de Janeiro	PRESENT	2	a064f300-1bc8-41ea-9364-b864ef4e8938	-22.452806	-42.770294			34.0				2001-10-08	8	10	2001	9535141	9535141	MATERIAL_CITATION	IBSP		IBSP 2385				CC0_1_0		Equipe Biota			2025-11-08T05:37:44.634Z		GEODETIC_DATUM_ASSUMED_WGS84;CONTINENT_DERIVED_FROM_COORDINATES;TAXON_ID_NOT_FOUND;OCCURRENCE_STATUS_INFERRED_FROM_INDIVIDUAL_COUNT;COLLECTION_MATCH_NONE;INSTITUTION_MATCH_FUZZY
4101309908	1d2570da-e150-4d75-94d8-bfc5813062bc	03F887BA1369B13C4D45F916FC1A53ED.mc.3B393CF1136FB13D4C68FDCFFC4E575E	Animalia	Arthropoda	Diplopoda	Spirostreptida	Pseudonannolenidae	Pseudonannolene	Pseudonannolene tricolor		SPECIES	Pseudonannolene tricolor Brölemann, 1902	Pseudonannolene tricolor Brolemann 1902	Brolemann 1902	BR	Fazenda Graminha	Sao Paulo	PRESENT	2	a064f300-1bc8-41ea-9364-b864ef4e8938	-22.182037	-47.384895			621.0				1948-12-10	10	12	1948	1026426	1026426	MATERIAL_CITATION	MZSP						CC0_1_0		O. Schubart			2025-11-08T05:37:44.623Z		GEODETIC_DATUM_ASSUMED_WGS84;CONTINENT_DERIVED_FROM_COORDINATES;TAXON_ID_NOT_FOUND;OCCURRENCE_STATUS_INFERRED_FROM_INDIVIDUAL_COUNT;COLLECTION_MATCH_NONE;INSTITUTION_MATCH_FUZZY
4101309907	1d2570da-e150-4d75-94d8-bfc5813062bc	03F887BA1371B1224D74FD91FED55297.mc.3B393CF11371B1234D09F8EFFB795220	Animalia	Arthropoda	Diplopoda	Spirostreptida	Pseudonannolenidae	Pseudonannolene	Pseudonannolene parvula		SPECIES	Pseudonannolene parvula Silvestri, 1902	Pseudonannolene parvula Silvestri 1902	Silvestri 1902	BR	Parque Nacional do Iguacu	Parana	PRESENT	1	a064f300-1bc8-41ea-9364-b864ef4e8938	-25.500435	-54.58335			195.0				2002-03-03	3	3	2002	1026412	1026412	MATERIAL_CITATION	IBSP		IBSP 1954				CC0_1_0		Equipe Biota			2025-11-08T05:37:44.619Z		GEODETIC_DATUM_ASSUMED_WGS84;CONTINENT_DERIVED_FROM_COORDINATES;TAXON_ID_NOT_FOUND;OCCURRENCE_STATUS_INFERRED_FROM_INDIVIDUAL_COUNT;COLLECTION_MATCH_NONE;INSTITUTION_MATCH_FUZZY
4101309906	1d2570da-e150-4d75-94d8-bfc5813062bc	03F887BA1320B1744D45FAD1FB2E548B.mc.3B393CF11327B1754FEBFD43FF7357D5	Animalia	Arthropoda	Diplopoda	Spirostreptida	Pseudonannolenidae	Pseudonannolene	Pseudonannolene alegrensis		SPECIES	Pseudonannolene alegrensis Silvestri, 1897	Pseudonannolene alegrensis Silvestri 1897	Silvestri 1897	BR	Rio Grande do Sul	Rio Grande do Sul	PRESENT	11	a064f300-1bc8-41ea-9364-b864ef4e8938	-30.11695	-51.101997			124.0				2010-07-17	17	7	2010	6186000	6186000	MATERIAL_CITATION	MCN		MCN 626				CC0_1_0		M. Poiret	Neotype		2025-11-08T05:37:44.617Z		GEODETIC_DATUM_ASSUMED_WGS84;CONTINENT_DERIVED_FROM_COORDINATES;TAXON_ID_NOT_FOUND;OCCURRENCE_STATUS_INFERRED_FROM_INDIVIDUAL_COUNT;COLLECTION_MATCH_NONE;INSTITUTION_MATCH_FUZZY
4101309904	1d2570da-e150-4d75-94d8-bfc5813062bc	03F887BA1369B13C4D45F916FC1A53ED.mc.3B393CF11368B13A4A15F88EFD6752A1	Animalia	Arthropoda	Diplopoda	Spirostreptida	Pseudonannolenidae	Pseudonannolene	Pseudonannolene tricolor		SPECIES	Pseudonannolene tricolor Brölemann, 1902	Pseudonannolene tricolor Brolemann 1902	Brolemann 1902	BR	Hotel Estancia Barra Bonita	Sao Paulo	PRESENT	1	a064f300-1bc8-41ea-9364-b864ef4e8938	-22.515266	-48.532787			485.0				2001-11-21	21	11	2001	1026426	1026426	MATERIAL_CITATION	IBSP		IBSP 7883				CC0_1_0		M. E. Calleffo			2025-11-08T05:37:44.579Z		GEODETIC_DATUM_ASSUMED_WGS84;CONTINENT_DERIVED_FROM_COORDINATES;TAXON_ID_NOT_FOUND;OCCURRENCE_STATUS_INFERRED_FROM_INDIVIDUAL_COUNT;COLLECTION_MATCH_NONE;INSTITUTION_MATCH_FUZZY
4101309903	1d2570da-e150-4d75-94d8-bfc5813062bc	03F887BA1309B15F4EA9FEE4FC055083.mc.3B393CF11308B15A4E03F89AFAFF52AF	Animalia	Arthropoda	Diplopoda	Spirostreptida	Pseudonannolenidae	Pseudonannolene	Pseudonannolene microzoporus		SPECIES	Pseudonannolene microzoporus Mauriès, 1987	Pseudonannolene microzoporus Mauries 1987	Mauries 1987	BR	Mocambeiro	Bahia	PRESENT	1	a064f300-1bc8-41ea-9364-b864ef4e8938	-19.535425	-44.026974							2011-04-04	4	4	2011	1026408	1026408	MATERIAL_CITATION	IBSP		IBSP 5741				CC0_1_0		F. P. Franco			2025-11-08T05:37:44.577Z		GEODETIC_DATUM_ASSUMED_WGS84;CONTINENT_DERIVED_FROM_COORDINATES;TAXON_ID_NOT_FOUND;OCCURRENCE_STATUS_INFERRED_FROM_INDIVIDUAL_COUNT;COLLECTION_MATCH_NONE;INSTITUTION_MATCH_FUZZY
4101309902	1d2570da-e150-4d75-94d8-bfc5813062bc	03F887BA137CB1304EACFD5CFB445752.mc.3B393CF1137CB12E4C23F88EFEA452A1	Animalia	Arthropoda	Diplopoda	Spirostreptida	Pseudonannolenidae	Pseudonannolene	Pseudonannolene sebastianus		SPECIES	Pseudonannolene sebastianus Brölemann, 1902	Pseudonannolene sebastianus Brolemann 1902	Brolemann 1902	BR	Ilhabela	Sao Paulo	PRESENT	1	a064f300-1bc8-41ea-9364-b864ef4e8938	-23.818665	-45.36816			1.0				2001-10-09	9	10	2001	6186003	6186003	MATERIAL_CITATION	IBSP		IBSP 7891				CC0_1_0		Equipe Biota			2025-11-08T05:37:44.575Z		GEODETIC_DATUM_ASSUMED_WGS84;CONTINENT_DERIVED_FROM_COORDINATES;TAXON_ID_NOT_FOUND;OCCURRENCE_STATUS_INFERRED_FROM_INDIVIDUAL_COUNT;COLLECTION_MATCH_NONE;INSTITUTION_MATCH_FUZZY
4101309901	1d2570da-e150-4d75-94d8-bfc5813062bc	03F887BA1309B15F4EA9FEE4FC055083.mc.3B393CF1130EB15C4F86FE30FCC454C9	Animalia	Arthropoda	Diplopoda	Spirostreptida	Pseudonannolenidae	Pseudonannolene	Pseudonannolene microzoporus		SPECIES	Pseudonannolene microzoporus Mauriès, 1987	Pseudonannolene microzoporus Mauries 1987	Mauries 1987	BR		Bahia	PRESENT	1	a064f300-1bc8-41ea-9364-b864ef4e8938									2011-06-28	28	6	2011	1026408	1026408	MATERIAL_CITATION	IBSP		IBSP 5658				CC0_1_0					2025-11-08T05:37:44.573Z		CONTINENT_DERIVED_FROM_COUNTRY;TAXON_ID_NOT_FOUND;OCCURRENCE_STATUS_INFERRED_FROM_INDIVIDUAL_COUNT;COLLECTION_MATCH_NONE;INSTITUTION_MATCH_FUZZY
4101309900	1d2570da-e150-4d75-94d8-bfc5813062bc	03F887BA137CB1304EACFD5CFB445752.mc.3B393CF1137CB12E4E42F844FF6F52D8	Animalia	Arthropoda	Diplopoda	Spirostreptida	Pseudonannolenidae	Pseudonannolene	Pseudonannolene sebastianus		SPECIES	Pseudonannolene sebastianus Brölemann, 1902	Pseudonannolene sebastianus Brolemann 1902	Brolemann 1902	BR	Ilha de Dentro	Sao Paulo	PRESENT	11	a064f300-1bc8-41ea-9364-b864ef4e8938									1994-06-19	19	6	1994	6186003	6186003	MATERIAL_CITATION	IBSP		IBSP 1110				CC0_1_0		C. F. Vieira & A. Eterovic			2025-11-08T05:37:44.572Z		CONTINENT_DERIVED_FROM_COUNTRY;TAXON_ID_NOT_FOUND;OCCURRENCE_STATUS_INFERRED_FROM_INDIVIDUAL_COUNT;COLLECTION_MATCH_NONE;INSTITUTION_MATCH_FUZZY
4101309898	1d2570da-e150-4d75-94d8-bfc5813062bc	03F887BA136CB1014D70FB4DFD9352E0.mc.3B393CF11353B1014FEBFEC0FE775457	Animalia	Arthropoda	Diplopoda	Spirostreptida	Pseudonannolenidae	Pseudonannolene	Pseudonannolene urbica		SPECIES	Pseudonannolene urbica Schubart, 1945	Pseudonannolene urbica Schubart 1945	Schubart 1945	BR	Sao Paulo	Sao Paulo	PRESENT	1	a064f300-1bc8-41ea-9364-b864ef4e8938	-23.57295	-46.772285			794.0				2003-03-14	14	3	2003	6186006	6186006	MATERIAL_CITATION	IBSP		IBSP 7887				CC0_1_0		Parque dos Principes			2025-11-08T05:37:44.549Z		GEODETIC_DATUM_ASSUMED_WGS84;CONTINENT_DERIVED_FROM_COORDINATES;TAXON_ID_NOT_FOUND;OCCURRENCE_STATUS_INFERRED_FROM_INDIVIDUAL_COUNT;COLLECTION_MATCH_NONE;INSTITUTION_MATCH_FUZZY
4101309897	1d2570da-e150-4d75-94d8-bfc5813062bc	03F887BA1355B1094D1DFA3DFEA154EA.mc.3B393CF11354B1064FEBFD86FB8D5799	Animalia	Arthropoda	Diplopoda	Spirostreptida	Pseudonannolenidae	Pseudonannolene	Pseudonannolene curvata		SPECIES	Pseudonannolene curvata Iniesta, Bouzan & Brescovit, 2023	Pseudonannolene curvata Iniesta, Bouzan, and Brescovit 2023	Iniesta, Bouzan, and Brescovit 2023	BR	APA Cerrito	Rio Grande do Sul	PRESENT	11	a064f300-1bc8-41ea-9364-b864ef4e8938	-30.87725	-55.538788			208.0				2012-12-10	10	12	2012	12235657	12235657	MATERIAL_CITATION	MCN						CC0_1_0		R. Ott			2025-11-08T05:37:44.547Z		GEODETIC_DATUM_ASSUMED_WGS84;CONTINENT_DERIVED_FROM_COORDINATES;TAXON_ID_NOT_FOUND;OCCURRENCE_STATUS_INFERRED_FROM_INDIVIDUAL_COUNT;COLLECTION_MATCH_NONE;INSTITUTION_MATCH_FUZZY
4101309894	1d2570da-e150-4d75-94d8-bfc5813062bc	03F887BA1355B1094D1DFA3DFEA154EA.mc.3B393CF11354B1064C82FE0EFEE05721	Animalia	Arthropoda	Diplopoda	Spirostreptida	Pseudonannolenidae	Pseudonannolene	Pseudonannolene curvata		SPECIES	Pseudonannolene curvata Iniesta, Bouzan & Brescovit, 2023	Pseudonannolene curvata Iniesta, Bouzan, and Brescovit 2023	Iniesta, Bouzan, and Brescovit 2023	BR	Cerrito	Rio Grande do Sul	PRESENT	2	a064f300-1bc8-41ea-9364-b864ef4e8938	-30.87725	-55.538788							2012-12-10	10	12	2012	12235657	12235657	MATERIAL_CITATION	MCN						CC0_1_0		Ott			2025-11-08T05:37:44.542Z		GEODETIC_DATUM_ASSUMED_WGS84;CONTINENT_DERIVED_FROM_COORDINATES;TAXON_ID_NOT_FOUND;OCCURRENCE_STATUS_INFERRED_FROM_INDIVIDUAL_COUNT;COLLECTION_MATCH_NONE;INSTITUTION_MATCH_FUZZY
4101309893	1d2570da-e150-4d75-94d8-bfc5813062bc	03F887BA1321B1724D58FEE4FBC35029.mc.3B393CF11321B1734D3AFAC4FE93505B	Animalia	Arthropoda	Diplopoda	Spirostreptida	Pseudonannolenidae	Pseudonannolene	Pseudonannolene albiventris		SPECIES	Pseudonannolene albiventris Schubart, 1952	Pseudonannolene albiventris Schubart 1952	Schubart 1952	BR	Fazenda Nova America	Sao Paulo	PRESENT	4	a064f300-1bc8-41ea-9364-b864ef4e8938	-22.129297	-47.662636			665.0				1944-03-07	7	3	1944	6185997	6185997	MATERIAL_CITATION	MZSP						CC0_1_0		O. Schubart			2025-11-08T05:37:44.540Z		GEODETIC_DATUM_ASSUMED_WGS84;CONTINENT_DERIVED_FROM_COORDINATES;TAXON_ID_NOT_FOUND;OCCURRENCE_STATUS_INFERRED_FROM_INDIVIDUAL_COUNT;COLLECTION_MATCH_NONE;INSTITUTION_MATCH_FUZZY
4101309892	1d2570da-e150-4d75-94d8-bfc5813062bc	03F887BA1351B1024D0DFD47FEA05021.mc.3B393CF11351B1034FBCFAFCFC295070	Animalia	Arthropoda	Diplopoda	Spirostreptida	Pseudonannolenidae	Pseudonannolene	Pseudonannolene alata		SPECIES	Pseudonannolene alata Iniesta, Bouzan & Brescovit, 2023	Pseudonannolene alata Iniesta, Bouzan, and Brescovit 2023	Iniesta, Bouzan, and Brescovit 2023	BR	BRAZIL	Santa Catarina	PRESENT	2	a064f300-1bc8-41ea-9364-b864ef4e8938	-27.281906	-48.366245			130.0				2018-05-15	15	5	2018	12252733	12252733	MATERIAL_CITATION	IBSP		IBSP 7875				CC0_1_0		S. Bouzan	Paratype		2025-11-08T05:37:44.538Z		GEODETIC_DATUM_ASSUMED_WGS84;CONTINENT_DERIVED_FROM_COORDINATES;TAXON_ID_NOT_FOUND;OCCURRENCE_STATUS_INFERRED_FROM_INDIVIDUAL_COUNT;COLLECTION_MATCH_NONE;INSTITUTION_MATCH_FUZZY
4101309891	1d2570da-e150-4d75-94d8-bfc5813062bc	03F887BA1369B13C4D45F916FC1A53ED.mc.3B393CF1136FB13D4FEBFEA3FEDE54B3	Animalia	Arthropoda	Diplopoda	Spirostreptida	Pseudonannolenidae	Pseudonannolene	Pseudonannolene tricolor		SPECIES	Pseudonannolene tricolor Brölemann, 1902	Pseudonannolene tricolor Brolemann 1902	Brolemann 1902	BR	Monte Alegre do Sul	Sao Paulo	PRESENT	1	a064f300-1bc8-41ea-9364-b864ef4e8938	-22.690557	-46.68253			779.0				1943-11-01	1	11	1943	1026426	1026426	MATERIAL_CITATION	MZSP						CC0_1_0		O. Schubart			2025-11-08T05:37:44.532Z		GEODETIC_DATUM_ASSUMED_WGS84;CONTINENT_DERIVED_FROM_COORDINATES;TAXON_ID_NOT_FOUND;OCCURRENCE_STATUS_INFERRED_FROM_INDIVIDUAL_COUNT;COLLECTION_MATCH_NONE;INSTITUTION_MATCH_FUZZY
4101309889	1d2570da-e150-4d75-94d8-bfc5813062bc	03F887BA131EB14E4EA1F88FFBC05194.mc.3B393CF1131DB14F4E86FAEBFD2B507D	Animalia	Arthropoda	Diplopoda	Spirostreptida	Pseudonannolenidae	Pseudonannolene	Pseudonannolene leucocephalus		SPECIES	Pseudonannolene leucocephalus Schubart, 1944	Pseudonannolene leucocephalus Schubart 1944	Schubart 1944	BR	Escaramuca	Sao Paulo	PRESENT	22	a064f300-1bc8-41ea-9364-b864ef4e8938	-21.916758	-47.620296			685.0				1940-01-06	6	1	1940	6186009	6186009	MATERIAL_CITATION	MZSP						CC0_1_0		O. Schubart			2025-11-08T05:37:44.528Z		GEODETIC_DATUM_ASSUMED_WGS84;CONTINENT_DERIVED_FROM_COORDINATES;TAXON_ID_NOT_FOUND;OCCURRENCE_STATUS_INFERRED_FROM_INDIVIDUAL_COUNT;COLLECTION_MATCH_NONE;INSTITUTION_MATCH_FUZZY
4101309888	1d2570da-e150-4d75-94d8-bfc5813062bc	03F887BA1362B1334D5AFD7FFEE75313.mc.3B393CF11362B1304EB2F99BFDE4538A	Animalia	Arthropoda	Diplopoda	Spirostreptida	Pseudonannolenidae	Pseudonannolene	Pseudonannolene segmentata		SPECIES	Pseudonannolene segmentata Silvestri, 1895	Pseudonannolene segmentata Silvestri 1895	Silvestri 1895	BR	Bonito	Mato Grosso do Sul	PRESENT	3	a064f300-1bc8-41ea-9364-b864ef4e8938	-21.128975	-56.48172			294.0				1992-07-16	16	7	1992	1026417	1026417	MATERIAL_CITATION	MZSP						CC0_1_0		E. Trajano & P. Gnaspini			2025-11-08T05:37:44.526Z		GEODETIC_DATUM_ASSUMED_WGS84;CONTINENT_DERIVED_FROM_COORDINATES;TAXON_ID_NOT_FOUND;OCCURRENCE_STATUS_INFERRED_FROM_INDIVIDUAL_COUNT;COLLECTION_MATCH_NONE;INSTITUTION_MATCH_FUZZY
4101309885	1d2570da-e150-4d75-94d8-bfc5813062bc	03F887BA1309B15F4EA9FEE4FC055083.mc.3B393CF1130FB15D4E93FD43FBD557F4	Animalia	Arthropoda	Diplopoda	Spirostreptida	Pseudonannolenidae	Pseudonannolene	Pseudonannolene microzoporus		SPECIES	Pseudonannolene microzoporus Mauriès, 1987	Pseudonannolene microzoporus Mauries 1987	Mauries 1987	BR		Bahia	PRESENT	1	a064f300-1bc8-41ea-9364-b864ef4e8938													1026408	1026408	MATERIAL_CITATION	IBSP		IBSP 5724				CC0_1_0					2025-11-08T05:37:44.464Z		CONTINENT_DERIVED_FROM_COUNTRY;TAXON_ID_NOT_FOUND;OCCURRENCE_STATUS_INFERRED_FROM_INDIVIDUAL_COUNT;COLLECTION_MATCH_NONE;INSTITUTION_MATCH_FUZZY
4101309883	1d2570da-e150-4d75-94d8-bfc5813062bc	03F887BA1369B13C4D45F916FC1A53ED.mc.3B393CF1136FB13D4C27FB53FD6451C3	Animalia	Arthropoda	Diplopoda	Spirostreptida	Pseudonannolenidae	Pseudonannolene	Pseudonannolene tricolor		SPECIES	Pseudonannolene tricolor Brölemann, 1902	Pseudonannolene tricolor Brolemann 1902	Brolemann 1902	BR	Cachoeira	Sao Paulo	PRESENT	2	a064f300-1bc8-41ea-9364-b864ef4e8938									1938-12-25	25	12	1938	1026426	1026426	MATERIAL_CITATION	MZSP						CC0_1_0		O. Schubart			2025-11-08T05:37:44.461Z		CONTINENT_DERIVED_FROM_COUNTRY;TAXON_ID_NOT_FOUND;OCCURRENCE_STATUS_INFERRED_FROM_INDIVIDUAL_COUNT;COLLECTION_MATCH_NONE;INSTITUTION_MATCH_FUZZY
4101309882	1d2570da-e150-4d75-94d8-bfc5813062bc	03F887BA1318B14D4EB1FE5FFB395171.mc.3B393CF11318B14A4A7CFBB6FC9A51A6	Animalia	Arthropoda	Diplopoda	Spirostreptida	Pseudonannolenidae	Pseudonannolene	Pseudonannolene inops		SPECIES	Pseudonannolene inops Brölemann, 1929	Pseudonannolene inops (Brolemann 1929) Brolemann 1929	(Brolemann 1929) Brolemann 1929	BR	Fepagro	Rio Grande do Sul	PRESENT	3	a064f300-1bc8-41ea-9364-b864ef4e8938					22.0				2002-01		1	2002	12190076	12190076	MATERIAL_CITATION	IBSP		IBSP 2550				CC0_1_0		Equipe Biota			2025-11-08T05:37:44.460Z		CONTINENT_DERIVED_FROM_COUNTRY;TAXON_ID_NOT_FOUND;OCCURRENCE_STATUS_INFERRED_FROM_INDIVIDUAL_COUNT;COLLECTION_MATCH_NONE;INSTITUTION_MATCH_FUZZY
4101309880	1d2570da-e150-4d75-94d8-bfc5813062bc	03F887BA1309B15F4EA9FEE4FC055083.mc.3B393CF11308B15A4FEBFBFCFB385114	Animalia	Arthropoda	Diplopoda	Spirostreptida	Pseudonannolenidae	Pseudonannolene	Pseudonannolene microzoporus		SPECIES	Pseudonannolene microzoporus Mauriès, 1987	Pseudonannolene microzoporus Mauries 1987	Mauries 1987	BR	BRAZIL	Minas Gerais	PRESENT	1	a064f300-1bc8-41ea-9364-b864ef4e8938	-20.369646	-45.669437							2009-01-27	27	1	2009	1026408	1026408	MATERIAL_CITATION	R		ISLA 4130				CC0_1_0		Zampaulo	Paratype		2025-11-08T05:37:44.457Z		GEODETIC_DATUM_ASSUMED_WGS84;CONTINENT_DERIVED_FROM_COORDINATES;TAXON_ID_NOT_FOUND;OCCURRENCE_STATUS_INFERRED_FROM_INDIVIDUAL_COUNT;AMBIGUOUS_INSTITUTION
4101309879	1d2570da-e150-4d75-94d8-bfc5813062bc	03F887BA135AB10B4D12FBEDFA895350.mc.3B393CF1135AB1084C75F897FEA65286	Animalia	Arthropoda	Diplopoda	Spirostreptida	Pseudonannolenidae	Pseudonannolene	Pseudonannolene insularis		SPECIES	Pseudonannolene insularis Iniesta, Bouzan & Brescovit, 2023	Pseudonannolene insularis Iniesta, Bouzan, and Brescovit 2023	Iniesta, Bouzan, and Brescovit 2023	BR	Ilha Prumirim	Sao Paulo	PRESENT	4	a064f300-1bc8-41ea-9364-b864ef4e8938	-23.385075	-44.944206			75.0				1994-09-02	2	9	1994	12196671	12196671	MATERIAL_CITATION	IBSP		IBSP 1233				CC0_1_0		C. F. Viera & A. Eterovic			2025-11-08T05:37:44.456Z		GEODETIC_DATUM_ASSUMED_WGS84;CONTINENT_DERIVED_FROM_COORDINATES;TAXON_ID_NOT_FOUND;OCCURRENCE_STATUS_INFERRED_FROM_INDIVIDUAL_COUNT;COLLECTION_MATCH_NONE;INSTITUTION_MATCH_FUZZY
4101309878	1d2570da-e150-4d75-94d8-bfc5813062bc	03F887BA1321B1724D58FEE4FBC35029.mc.3B393CF11321B1734BDFFAE9FDD5507C	Animalia	Arthropoda	Diplopoda	Spirostreptida	Pseudonannolenidae	Pseudonannolene	Pseudonannolene albiventris		SPECIES	Pseudonannolene albiventris Schubart, 1952	Pseudonannolene albiventris Schubart 1952	Schubart 1952	BR	Fazenda Nova America	Sao Paulo	PRESENT	1	a064f300-1bc8-41ea-9364-b864ef4e8938	-22.129297	-47.662636			665.0				1944-03-07	7	3	1944	6185997	6185997	MATERIAL_CITATION	MZSP		MZSP 1008				CC0_1_0		O. Schubart			2025-11-08T05:37:44.454Z		GEODETIC_DATUM_ASSUMED_WGS84;CONTINENT_DERIVED_FROM_COORDINATES;TAXON_ID_NOT_FOUND;OCCURRENCE_STATUS_INFERRED_FROM_INDIVIDUAL_COUNT;COLLECTION_MATCH_NONE;INSTITUTION_MATCH_FUZZY
4101309877	1d2570da-e150-4d75-94d8-bfc5813062bc	03F887BA1309B15F4EA9FEE4FC055083.mc.3B393CF1130EB15C4D9DFEE5FE3C5479	Animalia	Arthropoda	Diplopoda	Spirostreptida	Pseudonannolenidae	Pseudonannolene	Pseudonannolene microzoporus		SPECIES	Pseudonannolene microzoporus Mauriès, 1987	Pseudonannolene microzoporus Mauries 1987	Mauries 1987	BR		Bahia	PRESENT	1	a064f300-1bc8-41ea-9364-b864ef4e8938									2011-06-28	28	6	2011	1026408	1026408	MATERIAL_CITATION	IBSP		IBSP 5673				CC0_1_0					2025-11-08T05:37:44.453Z		CONTINENT_DERIVED_FROM_COUNTRY;TAXON_ID_NOT_FOUND;OCCURRENCE_STATUS_INFERRED_FROM_INDIVIDUAL_COUNT;COLLECTION_MATCH_NONE;INSTITUTION_MATCH_FUZZY
4101309876	1d2570da-e150-4d75-94d8-bfc5813062bc	03F887BA1309B15F4EA9FEE4FC055083.mc.3B393CF1130FB15D4E43F923FB4753D4	Animalia	Arthropoda	Diplopoda	Spirostreptida	Pseudonannolenidae	Pseudonannolene	Pseudonannolene microzoporus		SPECIES	Pseudonannolene microzoporus Mauriès, 1987	Pseudonannolene microzoporus Mauries 1987	Mauries 1987	BR		Bahia	PRESENT	1	a064f300-1bc8-41ea-9364-b864ef4e8938									2011-02-08	8	2	2011	1026408	1026408	MATERIAL_CITATION	IBSP		IBSP 5689				CC0_1_0					2025-11-08T05:37:44.452Z		CONTINENT_DERIVED_FROM_COUNTRY;TAXON_ID_NOT_FOUND;OCCURRENCE_STATUS_INFERRED_FROM_INDIVIDUAL_COUNT;COLLECTION_MATCH_NONE;INSTITUTION_MATCH_FUZZY
4101309873	1d2570da-e150-4d75-94d8-bfc5813062bc	03F887BA1356B1074D60FEE4FB225095.mc.3B393CF11356B1044D59FADEFAFC5072	Animalia	Arthropoda	Diplopoda	Spirostreptida	Pseudonannolenidae	Pseudonannolene	Pseudonannolene bucculenta		SPECIES	Pseudonannolene bucculenta Iniesta, Bouzan & Brescovit, 2023	Pseudonannolene bucculenta Iniesta, Bouzan, and Brescovit 2023	Iniesta, Bouzan, and Brescovit 2023	BR	Samuel de Paula	Minas Gerais	PRESENT	5	a064f300-1bc8-41ea-9364-b864ef4e8938	-20.001055	-43.871086			975.0				2006-10		10	2006	12224748	12224748	MATERIAL_CITATION	IBSP		IBSP 3407				CC0_1_0		de Paula & J. P. P. Pena-Barbosa			2025-11-08T05:37:44.446Z		GEODETIC_DATUM_ASSUMED_WGS84;CONTINENT_DERIVED_FROM_COORDINATES;TAXON_ID_NOT_FOUND;OCCURRENCE_STATUS_INFERRED_FROM_INDIVIDUAL_COUNT;COLLECTION_MATCH_NONE;INSTITUTION_MATCH_FUZZY
4101309872	1d2570da-e150-4d75-94d8-bfc5813062bc	03F887BA1309B15F4EA9FEE4FC055083.mc.3B393CF1130FB15D4F99FCD0FCC95669	Animalia	Arthropoda	Diplopoda	Spirostreptida	Pseudonannolenidae	Pseudonannolene	Pseudonannolene microzoporus		SPECIES	Pseudonannolene microzoporus Mauriès, 1987	Pseudonannolene microzoporus Mauries 1987	Mauries 1987	BR		Bahia	PRESENT	1	a064f300-1bc8-41ea-9364-b864ef4e8938													1026408	1026408	MATERIAL_CITATION	IBSP		IBSP 5744				CC0_1_0					2025-11-08T05:37:44.444Z		CONTINENT_DERIVED_FROM_COUNTRY;TAXON_ID_NOT_FOUND;OCCURRENCE_STATUS_INFERRED_FROM_INDIVIDUAL_COUNT;COLLECTION_MATCH_NONE;INSTITUTION_MATCH_FUZZY
4101309870	1d2570da-e150-4d75-94d8-bfc5813062bc	03F887BA1369B13C4D45F916FC1A53ED.mc.3B393CF1136FB13D4CC0FA35FDD45328	Animalia	Arthropoda	Diplopoda	Spirostreptida	Pseudonannolenidae	Pseudonannolene	Pseudonannolene tricolor		SPECIES	Pseudonannolene tricolor Brölemann, 1902	Pseudonannolene tricolor Brolemann 1902	Brolemann 1902	BR	Jaguari-Mirim River	Sao Paulo	PRESENT	1	a064f300-1bc8-41ea-9364-b864ef4e8938									1941-10-04	4	10	1941	1026426	1026426	MATERIAL_CITATION	MZSP						CC0_1_0		H. Rosa			2025-11-08T05:37:44.443Z		CONTINENT_DERIVED_FROM_COUNTRY;TAXON_ID_NOT_FOUND;OCCURRENCE_STATUS_INFERRED_FROM_INDIVIDUAL_COUNT;COLLECTION_MATCH_NONE;INSTITUTION_MATCH_FUZZY
4101309869	1d2570da-e150-4d75-94d8-bfc5813062bc	03F887BA1369B13C4D45F916FC1A53ED.mc.3B393CF1136FB13D4BEAFC00FBD65117	Animalia	Arthropoda	Diplopoda	Spirostreptida	Pseudonannolenidae	Pseudonannolene	Pseudonannolene tricolor		SPECIES	Pseudonannolene tricolor Brölemann, 1902	Pseudonannolene tricolor Brolemann 1902	Brolemann 1902	BR	Piracicaba	Sao Paulo	PRESENT	1	a064f300-1bc8-41ea-9364-b864ef4e8938	-22.734558	-47.647964			533.0				1985-11-07	7	11	1985	1026426	1026426	MATERIAL_CITATION	MZSP						CC0_1_0		L. Gignoretti			2025-11-08T05:37:44.440Z		GEODETIC_DATUM_ASSUMED_WGS84;CONTINENT_DERIVED_FROM_COORDINATES;TAXON_ID_NOT_FOUND;OCCURRENCE_STATUS_INFERRED_FROM_INDIVIDUAL_COUNT;COLLECTION_MATCH_NONE;INSTITUTION_MATCH_FUZZY
4101309868	1d2570da-e150-4d75-94d8-bfc5813062bc	03F887BA1371B1224D74FD91FED55297.mc.3B393CF11371B1234DB0F8CAFAED527E	Animalia	Arthropoda	Diplopoda	Spirostreptida	Pseudonannolenidae	Pseudonannolene	Pseudonannolene parvula		SPECIES	Pseudonannolene parvula Silvestri, 1902	Pseudonannolene parvula Silvestri 1902	Silvestri 1902	BR	Parque Nacional do Iguacu	Parana	PRESENT	1	a064f300-1bc8-41ea-9364-b864ef4e8938	-25.500435	-54.58335			195.0				2002-03-03	3	3	2002	1026412	1026412	MATERIAL_CITATION	IBSP		IBSP 1956				CC0_1_0		Equipe Biota			2025-11-08T05:37:44.438Z		GEODETIC_DATUM_ASSUMED_WGS84;CONTINENT_DERIVED_FROM_COORDINATES;TAXON_ID_NOT_FOUND;OCCURRENCE_STATUS_INFERRED_FROM_INDIVIDUAL_COUNT;COLLECTION_MATCH_NONE;INSTITUTION_MATCH_FUZZY
4101309867	1d2570da-e150-4d75-94d8-bfc5813062bc	03F887BA1362B1334D5AFD7FFEE75313.mc.3B393CF11362B1304D93FA6CFE585080	Animalia	Arthropoda	Diplopoda	Spirostreptida	Pseudonannolenidae	Pseudonannolene	Pseudonannolene segmentata		SPECIES	Pseudonannolene segmentata Silvestri, 1895	Pseudonannolene segmentata Silvestri 1895	Silvestri 1895	BR	Pitangueira	Mato Grosso do Sul	PRESENT	4	a064f300-1bc8-41ea-9364-b864ef4e8938	-21.136211	-56.48572			297.0				2002-10		10	2002	1026417	1026417	MATERIAL_CITATION	IBSP		IBSP 1931				CC0_1_0		C. Onofre			2025-11-08T05:37:44.435Z		GEODETIC_DATUM_ASSUMED_WGS84;CONTINENT_DERIVED_FROM_COORDINATES;TAXON_ID_NOT_FOUND;OCCURRENCE_STATUS_INFERRED_FROM_INDIVIDUAL_COUNT;COLLECTION_MATCH_NONE;INSTITUTION_MATCH_FUZZY
4101309865	1d2570da-e150-4d75-94d8-bfc5813062bc	03F887BA1309B15F4EA9FEE4FC055083.mc.3B393CF1130FB15D4E59FE13FB355724	Animalia	Arthropoda	Diplopoda	Spirostreptida	Pseudonannolenidae	Pseudonannolene	Pseudonannolene microzoporus		SPECIES	Pseudonannolene microzoporus Mauriès, 1987	Pseudonannolene microzoporus Mauries 1987	Mauries 1987	BR		Bahia	PRESENT	1	a064f300-1bc8-41ea-9364-b864ef4e8938													1026408	1026408	MATERIAL_CITATION	IBSP		IBSP 5745				CC0_1_0					2025-11-08T05:37:44.433Z		CONTINENT_DERIVED_FROM_COUNTRY;TAXON_ID_NOT_FOUND;OCCURRENCE_STATUS_INFERRED_FROM_INDIVIDUAL_COUNT;COLLECTION_MATCH_NONE;INSTITUTION_MATCH_FUZZY
4101309864	1d2570da-e150-4d75-94d8-bfc5813062bc	03F887BA1376B1274D46FE33FE985351.mc.3B393CF11376B1244FEBFA0DFCC650C2	Animalia	Arthropoda	Diplopoda	Spirostreptida	Pseudonannolenidae	Pseudonannolene	Pseudonannolene paulista		SPECIES	Pseudonannolene paulista Brölemann, 1902	Pseudonannolene paulista Brolemann 1902	Brolemann 1902	BR	Estacao Ecologica de Angatuba	Sao Paulo	PRESENT	2	a064f300-1bc8-41ea-9364-b864ef4e8938	-23.415855	-48.360832			761.0				2002-11-11	11	11	2002	1026416	1026416	MATERIAL_CITATION	IBSP		IBSP 1915				CC0_1_0		Equipe Biota			2025-11-08T05:37:44.432Z		GEODETIC_DATUM_ASSUMED_WGS84;CONTINENT_DERIVED_FROM_COORDINATES;TAXON_ID_NOT_FOUND;OCCURRENCE_STATUS_INFERRED_FROM_INDIVIDUAL_COUNT;COLLECTION_MATCH_NONE;INSTITUTION_MATCH_FUZZY
4101309863	1d2570da-e150-4d75-94d8-bfc5813062bc	03F887BA1373B1234D42FCF9FB915768.mc.3B393CF11373B1214FBCFA33FAF55301	Animalia	Arthropoda	Diplopoda	Spirostreptida	Pseudonannolenidae	Pseudonannolene	Pseudonannolene ophiiulus		SPECIES	Pseudonannolene ophiiulus Schubart, 1944	Pseudonannolene ophiiulus Schubart 1944	Schubart 1944	BR	Cachoeira	Sao Paulo	PRESENT	1	a064f300-1bc8-41ea-9364-b864ef4e8938	-22.002342	-47.429794			630.0				1942-02-17	17	2	1942	6185999	6185999	MATERIAL_CITATION	MZSP						CC0_1_0		J. Gaspar	Holotype		2025-11-08T05:37:44.408Z		GEODETIC_DATUM_ASSUMED_WGS84;CONTINENT_DERIVED_FROM_COORDINATES;TAXON_ID_NOT_FOUND;OCCURRENCE_STATUS_INFERRED_FROM_INDIVIDUAL_COUNT;COLLECTION_MATCH_NONE;INSTITUTION_MATCH_FUZZY
4101309862	1d2570da-e150-4d75-94d8-bfc5813062bc	03F887BA1356B1074D60FEE4FB225095.mc.3B393CF11356B1044FBCFC58FC4056CC	Animalia	Arthropoda	Diplopoda	Spirostreptida	Pseudonannolenidae	Pseudonannolene	Pseudonannolene bucculenta		SPECIES	Pseudonannolene bucculenta Iniesta, Bouzan & Brescovit, 2023	Pseudonannolene bucculenta Iniesta, Bouzan, and Brescovit 2023	Iniesta, Bouzan, and Brescovit 2023	BR	BRAZIL	Minas Gerais	PRESENT	3	a064f300-1bc8-41ea-9364-b864ef4e8938	-20.001055	-43.871086			975.0				2006-10		10	2006	12224748	12224748	MATERIAL_CITATION	IBSP		IBSP 3358				CC0_1_0		de Paula & J. P. P. Pena-Barbosa	Paratype		2025-11-08T05:37:44.406Z		GEODETIC_DATUM_ASSUMED_WGS84;CONTINENT_DERIVED_FROM_COORDINATES;TAXON_ID_NOT_FOUND;OCCURRENCE_STATUS_INFERRED_FROM_INDIVIDUAL_COUNT;COLLECTION_MATCH_NONE;INSTITUTION_MATCH_FUZZY
4101309861	1d2570da-e150-4d75-94d8-bfc5813062bc	03F887BA1359B10D4D1CF979FCBE518D.mc.3B393CF11358B10A4FEBFD11FAED5629	Animalia	Arthropoda	Diplopoda	Spirostreptida	Pseudonannolenidae	Pseudonannolene	Pseudonannolene morettii		SPECIES	Pseudonannolene morettii Iniesta, Bouzan & Brescovit, 2023	Pseudonannolene morettii Iniesta, Bouzan, and Brescovit 2023	Iniesta, Bouzan, and Brescovit 2023	BR	Sao Paulo	Sao Paulo	PRESENT	3	a064f300-1bc8-41ea-9364-b864ef4e8938	-23.493336	-46.19638			881.0				2003-10-13	13	10	2003	12190204	12190204	MATERIAL_CITATION	IBSP		IBSP 2471				CC0_1_0		Mogi das Cruzes & Equipe Biota			2025-11-08T05:37:44.401Z		GEODETIC_DATUM_ASSUMED_WGS84;CONTINENT_DERIVED_FROM_COORDINATES;TAXON_ID_NOT_FOUND;OCCURRENCE_STATUS_INFERRED_FROM_INDIVIDUAL_COUNT;COLLECTION_MATCH_NONE;INSTITUTION_MATCH_FUZZY
4101309860	1d2570da-e150-4d75-94d8-bfc5813062bc	03F887BA1315B1484D45F9EEFC01571A.mc.3B393CF11314B1464E96FC55FBDD56C8	Animalia	Arthropoda	Diplopoda	Spirostreptida	Pseudonannolenidae	Pseudonannolene	Pseudonannolene halophila		SPECIES	Pseudonannolene halophila Schubart, 1949	Pseudonannolene halophila Schubart 1949	Schubart 1949	BR	Ilha do Paredao	Sao Paulo	PRESENT	22	a064f300-1bc8-41ea-9364-b864ef4e8938	-24.099558	-45.692905			48.0				1948-02-22	22	2	1948	6186012	6186012	MATERIAL_CITATION	MZSP						CC0_1_0		Arquipelago dos Alcatrazes & A. Hoge			2025-11-08T05:37:44.399Z		GEODETIC_DATUM_ASSUMED_WGS84;CONTINENT_DERIVED_FROM_COORDINATES;TAXON_ID_NOT_FOUND;OCCURRENCE_STATUS_INFERRED_FROM_INDIVIDUAL_COUNT;COLLECTION_MATCH_NONE;INSTITUTION_MATCH_FUZZY
4101309858	1d2570da-e150-4d75-94d8-bfc5813062bc	03F887BA1371B1224D74FD91FED55297.mc.3B393CF11371B1234D34F886FAFE52BB	Animalia	Arthropoda	Diplopoda	Spirostreptida	Pseudonannolenidae	Pseudonannolene	Pseudonannolene parvula		SPECIES	Pseudonannolene parvula Silvestri, 1902	Pseudonannolene parvula Silvestri 1902	Silvestri 1902	BR	Parque Nacional do Iguacu	Parana	PRESENT	1	a064f300-1bc8-41ea-9364-b864ef4e8938	-25.500435	-54.58335			195.0				2002-03-03	3	3	2002	1026412	1026412	MATERIAL_CITATION	IBSP		IBSP 1958				CC0_1_0		Equipe Biota			2025-11-08T05:37:44.371Z		GEODETIC_DATUM_ASSUMED_WGS84;CONTINENT_DERIVED_FROM_COORDINATES;TAXON_ID_NOT_FOUND;OCCURRENCE_STATUS_INFERRED_FROM_INDIVIDUAL_COUNT;COLLECTION_MATCH_NONE;INSTITUTION_MATCH_FUZZY
4101309857	1d2570da-e150-4d75-94d8-bfc5813062bc	03F887BA1361B1354D4FF9B8FAB4500B.mc.3B393CF11360B1324D8BFBD9FAFE5171	Animalia	Arthropoda	Diplopoda	Spirostreptida	Pseudonannolenidae	Pseudonannolene	Pseudonannolene silvestris		SPECIES	Pseudonannolene silvestris Schubart, 1944	Pseudonannolene silvestris Schubart 1944	Schubart 1944	BR	Parque Estadual Turistico do Alto Ribeira	Sao Paulo	PRESENT	1	a064f300-1bc8-41ea-9364-b864ef4e8938	-24.485867	-48.646698			570.0				2001-11-08	8	11	2001	1026418	1026418	MATERIAL_CITATION	IBSP		IBSP 2283				CC0_1_0		Equipe Biota			2025-11-08T05:37:44.366Z		GEODETIC_DATUM_ASSUMED_WGS84;CONTINENT_DERIVED_FROM_COORDINATES;TAXON_ID_NOT_FOUND;OCCURRENCE_STATUS_INFERRED_FROM_INDIVIDUAL_COUNT;COLLECTION_MATCH_NONE;INSTITUTION_MATCH_FUZZY
4101309856	1d2570da-e150-4d75-94d8-bfc5813062bc	03F887BA132FB17F4EB3FCD4FDA5561E.mc.3B393CF1132FB17D4FEBF897FCE45286	Animalia	Arthropoda	Diplopoda	Spirostreptida	Pseudonannolenidae	Pseudonannolene	Pseudonannolene caatinga		SPECIES	Pseudonannolene caatinga Iniesta & Ferreira, 2014	Pseudonannolene caatinga Iniesta & Ferreira 2014	Iniesta & Ferreira 2014	BR	Floresta Nacional Chapada do Araripe-Apodi	Ceara	PRESENT	1	a064f300-1bc8-41ea-9364-b864ef4e8938	-7.336788	-39.432648			941.0				2014-01-20	20	1	2014	8682135	8682135	MATERIAL_CITATION	UFPB		UFPB 0086				CC0_1_0		C. Sampaio			2025-11-08T05:37:44.345Z		GEODETIC_DATUM_ASSUMED_WGS84;CONTINENT_DERIVED_FROM_COORDINATES;TAXON_ID_NOT_FOUND;OCCURRENCE_STATUS_INFERRED_FROM_INDIVIDUAL_COUNT;COLLECTION_MATCH_NONE;INSTITUTION_MATCH_FUZZY
4101309855	1d2570da-e150-4d75-94d8-bfc5813062bc	03F887BA1376B1274D46FE33FE985351.mc.3B393CF11376B1244E47F934FC0B53CC	Animalia	Arthropoda	Diplopoda	Spirostreptida	Pseudonannolenidae	Pseudonannolene	Pseudonannolene paulista		SPECIES	Pseudonannolene paulista Brölemann, 1902	Pseudonannolene paulista Brolemann 1902	Brolemann 1902	BR	Parque Estadual Morro do Diabo	Sao Paulo	PRESENT	1	a064f300-1bc8-41ea-9364-b864ef4e8938	-22.524723	-52.298447			367.0				2003-03-24	24	3	2003	1026416	1026416	MATERIAL_CITATION	IBSP		IBSP 2424				CC0_1_0		Equipe Biota			2025-11-08T05:37:44.368Z		GEODETIC_DATUM_ASSUMED_WGS84;CONTINENT_DERIVED_FROM_COORDINATES;TAXON_ID_NOT_FOUND;OCCURRENCE_STATUS_INFERRED_FROM_INDIVIDUAL_COUNT;COLLECTION_MATCH_NONE;INSTITUTION_MATCH_FUZZY
4101309853	1d2570da-e150-4d75-94d8-bfc5813062bc	03F887BA1367B1374EBAFAB0FAD650FC.mc.3B393CF11366B1344B54FA36FE255329	Animalia	Arthropoda	Diplopoda	Spirostreptida	Pseudonannolenidae	Pseudonannolene	Pseudonannolene spelaea		SPECIES	Pseudonannolene spelaea Iniesta & Ferreira, 2013	Pseudonannolene spelaea Iniesta & Ferreira 2013	Iniesta & Ferreira 2013	BR		Para	PRESENT	1	a064f300-1bc8-41ea-9364-b864ef4e8938	-6.041148	-50.218742											9516060	9516060	MATERIAL_CITATION	IBSP		IBSP 7362				CC0_1_0					2025-11-08T05:37:44.300Z		GEODETIC_DATUM_ASSUMED_WGS84;CONTINENT_DERIVED_FROM_COORDINATES;TAXON_ID_NOT_FOUND;OCCURRENCE_STATUS_INFERRED_FROM_INDIVIDUAL_COUNT;COLLECTION_MATCH_NONE;INSTITUTION_MATCH_FUZZY
4101309852	1d2570da-e150-4d75-94d8-bfc5813062bc	03F887BA137BB12A4EBDFD74FC6E54C3.mc.3B393CF1137BB1294FBCFA6CFDEB50DE	Animalia	Arthropoda	Diplopoda	Spirostreptida	Pseudonannolenidae	Pseudonannolene	Pseudonannolene robsoni		SPECIES	Pseudonannolene robsoni Iniesta & Ferreira, 2014	Pseudonannolene robsoni Iniesta & Ferreira 2014	Iniesta & Ferreira 2014	BR	Minas Gerais	Minas Gerais	PRESENT	3	a064f300-1bc8-41ea-9364-b864ef4e8938	-20.405565	-45.590195							2009-04-04	4	4	2009	12204948	12204948	MATERIAL_CITATION	R		ISLA 4083				CC0_1_0		R. Zampaulo	Paratype		2025-11-08T05:37:44.295Z		GEODETIC_DATUM_ASSUMED_WGS84;CONTINENT_DERIVED_FROM_COORDINATES;TAXON_ID_NOT_FOUND;OCCURRENCE_STATUS_INFERRED_FROM_INDIVIDUAL_COUNT;AMBIGUOUS_INSTITUTION
4101309851	1d2570da-e150-4d75-94d8-bfc5813062bc	03F887BA1315B1484D45F9EEFC01571A.mc.3B393CF11314B1464CA1FB21FC875034	Animalia	Arthropoda	Diplopoda	Spirostreptida	Pseudonannolenidae	Pseudonannolene	Pseudonannolene halophila		SPECIES	Pseudonannolene halophila Schubart, 1949	Pseudonannolene halophila Schubart 1949	Schubart 1949	BR	Ilha dos Alcatrazes	Sao Paulo	PRESENT	4	a064f300-1bc8-41ea-9364-b864ef4e8938	-24.099558	-45.692905			53.0				1948-02-16	16	2	1948	6186012	6186012	MATERIAL_CITATION	MZSP						CC0_1_0		A. Hoge			2025-11-08T05:37:44.293Z		GEODETIC_DATUM_ASSUMED_WGS84;CONTINENT_DERIVED_FROM_COORDINATES;TAXON_ID_NOT_FOUND;OCCURRENCE_STATUS_INFERRED_FROM_INDIVIDUAL_COUNT;COLLECTION_MATCH_NONE;INSTITUTION_MATCH_FUZZY
4101309850	1d2570da-e150-4d75-94d8-bfc5813062bc	03F887BA1375B1294D7EF97AFA8A574F.mc.3B393CF11374B1264FEBFD6DFC975780	Animalia	Arthropoda	Diplopoda	Spirostreptida	Pseudonannolenidae	Pseudonannolene	Pseudonannolene pusilla		SPECIES	Pseudonannolene pusilla Silvestri, 1895	Pseudonannolene pusilla Silvestri 1895	Silvestri 1895	BR	Pindaiba	Mato Grosso	PRESENT	2	a064f300-1bc8-41ea-9364-b864ef4e8938	-15.881182	-52.23874			337.0				1998-01-19	19	1	1998	1026419	1026419	MATERIAL_CITATION	V		IBSP 13390				CC0_1_0		Barra das Garcas & M. E. V. Callefo			2025-11-08T05:37:44.292Z		GEODETIC_DATUM_ASSUMED_WGS84;CONTINENT_DERIVED_FROM_COORDINATES;TAXON_ID_NOT_FOUND;OCCURRENCE_STATUS_INFERRED_FROM_INDIVIDUAL_COUNT;COLLECTION_MATCH_NONE;INSTITUTION_MATCH_FUZZY
4101309849	1d2570da-e150-4d75-94d8-bfc5813062bc	03F887BA1359B10D4D1CF979FCBE518D.mc.3B393CF11358B10A4C56FA0CFAFD50C5	Animalia	Arthropoda	Diplopoda	Spirostreptida	Pseudonannolenidae	Pseudonannolene	Pseudonannolene morettii		SPECIES	Pseudonannolene morettii Iniesta, Bouzan & Brescovit, 2023	Pseudonannolene morettii Iniesta, Bouzan, and Brescovit 2023	Iniesta, Bouzan, and Brescovit 2023	BR	Parque Estadual do Jaragua	Sao Paulo	PRESENT	1	a064f300-1bc8-41ea-9364-b864ef4e8938	-23.459536	-46.75538			783.0				2002-10-14	14	10	2002	12190204	12190204	MATERIAL_CITATION	IBSP		IBSP 2358				CC0_1_0		Equipe Biota			2025-11-08T05:37:44.290Z		GEODETIC_DATUM_ASSUMED_WGS84;CONTINENT_DERIVED_FROM_COORDINATES;TAXON_ID_NOT_FOUND;OCCURRENCE_STATUS_INFERRED_FROM_INDIVIDUAL_COUNT;COLLECTION_MATCH_NONE;INSTITUTION_MATCH_FUZZY
4101309848	1d2570da-e150-4d75-94d8-bfc5813062bc	03F887BA1315B1484D45F9EEFC01571A.mc.3B393CF11314B1464ED8FB46FB7D51FA	Animalia	Arthropoda	Diplopoda	Spirostreptida	Pseudonannolenidae	Pseudonannolene	Pseudonannolene halophila		SPECIES	Pseudonannolene halophila Schubart, 1949	Pseudonannolene halophila Schubart 1949	Schubart 1949	BR	Ilha dos Alcatrazes	Sao Paulo	PRESENT	2	a064f300-1bc8-41ea-9364-b864ef4e8938	-24.099558	-45.692905			53.0				1994-04-15	15	4	1994	6186012	6186012	MATERIAL_CITATION	MZSP						CC0_1_0		H. Luederwaldt			2025-11-08T05:37:44.288Z		GEODETIC_DATUM_ASSUMED_WGS84;CONTINENT_DERIVED_FROM_COORDINATES;TAXON_ID_NOT_FOUND;OCCURRENCE_STATUS_INFERRED_FROM_INDIVIDUAL_COUNT;COLLECTION_MATCH_NONE;INSTITUTION_MATCH_FUZZY
4101309846	1d2570da-e150-4d75-94d8-bfc5813062bc	03F887BA135AB10B4D12FBEDFA895350.mc.3B393CF1135AB1084FBCF941FC5E53D4	Animalia	Arthropoda	Diplopoda	Spirostreptida	Pseudonannolenidae	Pseudonannolene	Pseudonannolene insularis		SPECIES	Pseudonannolene insularis Iniesta, Bouzan & Brescovit, 2023	Pseudonannolene insularis Iniesta, Bouzan, and Brescovit 2023	Iniesta, Bouzan, and Brescovit 2023	BR	BRAZIL	Sao Paulo	PRESENT	1	a064f300-1bc8-41ea-9364-b864ef4e8938	-23.385244	-44.944145			75.0				1994-09-02	2	9	1994	12196671	12196671	MATERIAL_CITATION	IBSP		IBSP 7889				CC0_1_0		C. F. Vieira & A. Eterovic	Paratype		2025-11-08T05:37:44.284Z		GEODETIC_DATUM_ASSUMED_WGS84;CONTINENT_DERIVED_FROM_COORDINATES;TAXON_ID_NOT_FOUND;OCCURRENCE_STATUS_INFERRED_FROM_INDIVIDUAL_COUNT;COLLECTION_MATCH_NONE;INSTITUTION_MATCH_FUZZY
4101309844	1d2570da-e150-4d75-94d8-bfc5813062bc	03F887BA1329B17D4D53F927FEA0562F.mc.3B393CF11328B17A4D3AFBF1FF625164	Animalia	Arthropoda	Diplopoda	Spirostreptida	Pseudonannolenidae	Pseudonannolene	Pseudonannolene buhrnheimi		SPECIES	Pseudonannolene buhrnheimi Schubart, 1960	Pseudonannolene buhrnheimi Schubart 1960	Schubart 1960	BR	Reserva Ecologica Guapiassu	Rio de Janeiro	PRESENT	2	a064f300-1bc8-41ea-9364-b864ef4e8938	-22.452806	-42.770294			34.0				2001-10-08	8	10	2001	9535141	9535141	MATERIAL_CITATION	IBSP		IBSP 2384				CC0_1_0		Equipe Biota			2025-11-08T05:37:44.283Z		GEODETIC_DATUM_ASSUMED_WGS84;CONTINENT_DERIVED_FROM_COORDINATES;TAXON_ID_NOT_FOUND;OCCURRENCE_STATUS_INFERRED_FROM_INDIVIDUAL_COUNT;COLLECTION_MATCH_NONE;INSTITUTION_MATCH_FUZZY
4101309843	1d2570da-e150-4d75-94d8-bfc5813062bc	03F887BA1309B15F4EA9FEE4FC055083.mc.3B393CF1130FB15D4B57FA7FFD7F50EF	Animalia	Arthropoda	Diplopoda	Spirostreptida	Pseudonannolenidae	Pseudonannolene	Pseudonannolene microzoporus		SPECIES	Pseudonannolene microzoporus Mauriès, 1987	Pseudonannolene microzoporus Mauries 1987	Mauries 1987	BR		Bahia	PRESENT	1	a064f300-1bc8-41ea-9364-b864ef4e8938									2011-02-08	8	2	2011	1026408	1026408	MATERIAL_CITATION	IBSP		IBSP 5648				CC0_1_0					2025-11-08T05:37:44.276Z		CONTINENT_DERIVED_FROM_COUNTRY;TAXON_ID_NOT_FOUND;OCCURRENCE_STATUS_INFERRED_FROM_INDIVIDUAL_COUNT;COLLECTION_MATCH_NONE;INSTITUTION_MATCH_FUZZY
4101309842	1d2570da-e150-4d75-94d8-bfc5813062bc	03F887BA1356B1074D60FEE4FB225095.mc.3B393CF11356B1044C4EFA0EFEA75321	Animalia	Arthropoda	Diplopoda	Spirostreptida	Pseudonannolenidae	Pseudonannolene	Pseudonannolene bucculenta		SPECIES	Pseudonannolene bucculenta Iniesta, Bouzan & Brescovit, 2023	Pseudonannolene bucculenta Iniesta, Bouzan, and Brescovit 2023	Iniesta, Bouzan, and Brescovit 2023	BR	Samuel de Paula	Minas Gerais	PRESENT	7	a064f300-1bc8-41ea-9364-b864ef4e8938	-20.001055	-43.871086			975.0				2006-10		10	2006	12224748	12224748	MATERIAL_CITATION	IBSP		IBSP 3416				CC0_1_0		de Paula & J. P. P. Pena-Barbosa			2025-11-08T05:37:44.274Z		GEODETIC_DATUM_ASSUMED_WGS84;CONTINENT_DERIVED_FROM_COORDINATES;TAXON_ID_NOT_FOUND;OCCURRENCE_STATUS_INFERRED_FROM_INDIVIDUAL_COUNT;COLLECTION_MATCH_NONE;INSTITUTION_MATCH_FUZZY
4101309841	1d2570da-e150-4d75-94d8-bfc5813062bc	03F887BA1309B15F4EA9FEE4FC055083.mc.3B393CF11308B15A4E5BF905FCE2523A	Animalia	Arthropoda	Diplopoda	Spirostreptida	Pseudonannolenidae	Pseudonannolene	Pseudonannolene microzoporus		SPECIES	Pseudonannolene microzoporus Mauriès, 1987	Pseudonannolene microzoporus Mauries 1987	Mauries 1987	BR	Mocambeiro	Bahia	PRESENT	1	a064f300-1bc8-41ea-9364-b864ef4e8938	-19.535425	-44.026974							2011-04-04	4	4	2011	1026408	1026408	MATERIAL_CITATION	IBSP		IBSP 5702				CC0_1_0		F. P. Franco			2025-11-08T05:37:44.272Z		GEODETIC_DATUM_ASSUMED_WGS84;CONTINENT_DERIVED_FROM_COORDINATES;TAXON_ID_NOT_FOUND;OCCURRENCE_STATUS_INFERRED_FROM_INDIVIDUAL_COUNT;COLLECTION_MATCH_NONE;INSTITUTION_MATCH_FUZZY
4101309840	1d2570da-e150-4d75-94d8-bfc5813062bc	03F887BA136AB13B4D5CFBE1FAA853ED.mc.3B393CF1136AB1384FBCF86EFB575281	Animalia	Arthropoda	Diplopoda	Spirostreptida	Pseudonannolenidae	Pseudonannolene	Pseudonannolene tocaiensis		SPECIES	Pseudonannolene tocaiensis Fontanetti, 1996	Pseudonannolene tocaiensis Fontanetti 1996	Fontanetti 1996	BR	BRAZIL	Sao Paulo	PRESENT	14	a064f300-1bc8-41ea-9364-b864ef4e8938	-22.272463	-47.776047			776.0				1985-08-27	27	8	1985	11585214	11585214	MATERIAL_CITATION	MZSP		MZSP 942				CC0_1_0		C. S. Fontanetti & A. Mesa & F. A. G. Mello	Paratype		2025-11-08T05:37:44.266Z		GEODETIC_DATUM_ASSUMED_WGS84;CONTINENT_DERIVED_FROM_COORDINATES;TAXON_ID_NOT_FOUND;OCCURRENCE_STATUS_INFERRED_FROM_INDIVIDUAL_COUNT;COLLECTION_MATCH_NONE;INSTITUTION_MATCH_FUZZY
4101309839	1d2570da-e150-4d75-94d8-bfc5813062bc	03F887BA1309B15F4EA9FEE4FC055083.mc.3B393CF1130EB15C4E0EFE7AFC7A548F	Animalia	Arthropoda	Diplopoda	Spirostreptida	Pseudonannolenidae	Pseudonannolene	Pseudonannolene microzoporus		SPECIES	Pseudonannolene microzoporus Mauriès, 1987	Pseudonannolene microzoporus Mauries 1987	Mauries 1987	BR		Bahia	PRESENT	1	a064f300-1bc8-41ea-9364-b864ef4e8938									2011-06-28	28	6	2011	1026408	1026408	MATERIAL_CITATION	IBSP		IBSP 5652				CC0_1_0					2025-11-08T05:37:44.271Z		CONTINENT_DERIVED_FROM_COUNTRY;TAXON_ID_NOT_FOUND;OCCURRENCE_STATUS_INFERRED_FROM_INDIVIDUAL_COUNT;COLLECTION_MATCH_NONE;INSTITUTION_MATCH_FUZZY
4101309838	1d2570da-e150-4d75-94d8-bfc5813062bc	03F887BA1310B1454EA2FC15FC77528B.mc.3B393CF11317B1454E89FEA2FABE5456	Animalia	Arthropoda	Diplopoda	Spirostreptida	Pseudonannolenidae	Pseudonannolene	Pseudonannolene erikae		SPECIES	Pseudonannolene erikae Iniesta & Ferreira, 2014	Pseudonannolene erikae Iniesta & Ferreira 2014	Iniesta & Ferreira 2014	BR	Sao Jose da Lapa	Minas Gerais	PRESENT	2	a064f300-1bc8-41ea-9364-b864ef4e8938	-19.69921	-43.95831			732.0				2012-12-17	17	12	2012	8568561	8568561	MATERIAL_CITATION	IBSP		IBSP 7608				CC0_1_0		Bueno			2025-11-08T05:37:44.264Z		GEODETIC_DATUM_ASSUMED_WGS84;CONTINENT_DERIVED_FROM_COORDINATES;TAXON_ID_NOT_FOUND;OCCURRENCE_STATUS_INFERRED_FROM_INDIVIDUAL_COUNT;COLLECTION_MATCH_NONE;INSTITUTION_MATCH_FUZZY
4101309837	1d2570da-e150-4d75-94d8-bfc5813062bc	03F887BA131AB14A4D51FDA7FE6054B2.mc.3B393CF1131AB1484D1BF95DFE6553D1	Animalia	Arthropoda	Diplopoda	Spirostreptida	Pseudonannolenidae	Pseudonannolene	Pseudonannolene imbirensis		SPECIES	Pseudonannolene imbirensis Fontanetti, 1996	Pseudonannolene imbirensis Fontanetti 1996	Fontanetti 1996	BR	cave Passa Tres	Goias	PRESENT	5	a064f300-1bc8-41ea-9364-b864ef4e8938	-13.612953	-46.368477			711.0				2000-07-25	25	7	2000	11693169	11693169	MATERIAL_CITATION	MNRJ						CC0_1_0		M. E. Bichuette			2025-11-08T05:37:44.262Z		GEODETIC_DATUM_ASSUMED_WGS84;CONTINENT_DERIVED_FROM_COORDINATES;TAXON_ID_NOT_FOUND;OCCURRENCE_STATUS_INFERRED_FROM_INDIVIDUAL_COUNT;COLLECTION_MATCH_NONE;INSTITUTION_MATCH_FUZZY
4101309836	1d2570da-e150-4d75-94d8-bfc5813062bc	03F887BA1369B13C4D45F916FC1A53ED.mc.3B393CF1136FB13D4CD2FCF5FD1A5668	Animalia	Arthropoda	Diplopoda	Spirostreptida	Pseudonannolenidae	Pseudonannolene	Pseudonannolene tricolor		SPECIES	Pseudonannolene tricolor Brölemann, 1902	Pseudonannolene tricolor Brolemann 1902	Brolemann 1902	BR	Fazenda Ponte Alta	Sao Paulo	PRESENT	2	a064f300-1bc8-41ea-9364-b864ef4e8938	-22.69015	-46.682655			767.0				1948-10-25	25	10	1948	1026426	1026426	MATERIAL_CITATION	MZSP						CC0_1_0		O. Schubart			2025-11-08T05:37:44.260Z		GEODETIC_DATUM_ASSUMED_WGS84;CONTINENT_DERIVED_FROM_COORDINATES;TAXON_ID_NOT_FOUND;OCCURRENCE_STATUS_INFERRED_FROM_INDIVIDUAL_COUNT;COLLECTION_MATCH_NONE;INSTITUTION_MATCH_FUZZY
4101309835	1d2570da-e150-4d75-94d8-bfc5813062bc	03F887BA1315B1484D45F9EEFC01571A.mc.3B393CF11314B1464C7CF9E6FC605379	Animalia	Arthropoda	Diplopoda	Spirostreptida	Pseudonannolenidae	Pseudonannolene	Pseudonannolene halophila		SPECIES	Pseudonannolene halophila Schubart, 1949	Pseudonannolene halophila Schubart 1949	Schubart 1949	BR	Vale do Rio Jurubatuba	Sao Paulo	PRESENT	2	a064f300-1bc8-41ea-9364-b864ef4e8938	-23.876179	-46.305065			201.0				2007-03		3	2007	6186012	6186012	MATERIAL_CITATION	IBSP		IBSP 3157, IBSP 3160				CC0_1_0					2025-11-08T05:37:44.257Z		GEODETIC_DATUM_ASSUMED_WGS84;CONTINENT_DERIVED_FROM_COORDINATES;TAXON_ID_NOT_FOUND;OCCURRENCE_STATUS_INFERRED_FROM_INDIVIDUAL_COUNT;COLLECTION_MATCH_NONE;INSTITUTION_MATCH_FUZZY
4101309834	1d2570da-e150-4d75-94d8-bfc5813062bc	03F887BA135AB10B4D12FBEDFA895350.mc.3B393CF1135AB1084FEBF8B4FC9252AB	Animalia	Arthropoda	Diplopoda	Spirostreptida	Pseudonannolenidae	Pseudonannolene	Pseudonannolene insularis		SPECIES	Pseudonannolene insularis Iniesta, Bouzan & Brescovit, 2023	Pseudonannolene insularis Iniesta, Bouzan, and Brescovit 2023	Iniesta, Bouzan, and Brescovit 2023	BR	Ilha Prumirim	Sao Paulo	PRESENT	2	a064f300-1bc8-41ea-9364-b864ef4e8938	-23.385075	-44.944206			75.0				1994-09-02	2	9	1994	12196671	12196671	MATERIAL_CITATION	IBSP		IBSP 1231				CC0_1_0		C. F. Viera & A. Eterovic			2025-11-08T05:37:44.259Z		GEODETIC_DATUM_ASSUMED_WGS84;CONTINENT_DERIVED_FROM_COORDINATES;TAXON_ID_NOT_FOUND;OCCURRENCE_STATUS_INFERRED_FROM_INDIVIDUAL_COUNT;COLLECTION_MATCH_NONE;INSTITUTION_MATCH_FUZZY
4101309833	1d2570da-e150-4d75-94d8-bfc5813062bc	03F887BA1359B10D4D1CF979FCBE518D.mc.3B393CF11358B10A4A17FAB8FE22508A	Animalia	Arthropoda	Diplopoda	Spirostreptida	Pseudonannolenidae	Pseudonannolene	Pseudonannolene morettii		SPECIES	Pseudonannolene morettii Iniesta, Bouzan & Brescovit, 2023	Pseudonannolene morettii Iniesta, Bouzan, and Brescovit 2023	Iniesta, Bouzan, and Brescovit 2023	BR	Parque Estadual do Jaragua	Sao Paulo	PRESENT	1	a064f300-1bc8-41ea-9364-b864ef4e8938	-23.459536	-46.75538			783.0				2002-10-14	14	10	2002	12190204	12190204	MATERIAL_CITATION	IBSP		IBSP 3180				CC0_1_0		Equipe Biota			2025-11-08T05:37:44.255Z		GEODETIC_DATUM_ASSUMED_WGS84;CONTINENT_DERIVED_FROM_COORDINATES;TAXON_ID_NOT_FOUND;OCCURRENCE_STATUS_INFERRED_FROM_INDIVIDUAL_COUNT;COLLECTION_MATCH_NONE;INSTITUTION_MATCH_FUZZY
4101309832	1d2570da-e150-4d75-94d8-bfc5813062bc	03F887BA1371B1224D74FD91FED55297.mc.3B393CF11371B1234EAAF90DFBEA53C5	Animalia	Arthropoda	Diplopoda	Spirostreptida	Pseudonannolenidae	Pseudonannolene	Pseudonannolene parvula		SPECIES	Pseudonannolene parvula Silvestri, 1902	Pseudonannolene parvula Silvestri 1902	Silvestri 1902	BR	Parque Nacional do Iguacu	Parana	PRESENT	1	a064f300-1bc8-41ea-9364-b864ef4e8938	-25.500435	-54.58335			195.0				2002-03-03	3	3	2002	1026412	1026412	MATERIAL_CITATION	IBSP		IBSP 1967				CC0_1_0		Equipe Biota			2025-11-08T05:37:44.253Z		GEODETIC_DATUM_ASSUMED_WGS84;CONTINENT_DERIVED_FROM_COORDINATES;TAXON_ID_NOT_FOUND;OCCURRENCE_STATUS_INFERRED_FROM_INDIVIDUAL_COUNT;COLLECTION_MATCH_NONE;INSTITUTION_MATCH_FUZZY
4101309830	1d2570da-e150-4d75-94d8-bfc5813062bc	03F887BA130BB1584D75FB43FAF3524B.mc.3B393CF1130BB1594FBCF90BFC865278	Animalia	Arthropoda	Diplopoda	Spirostreptida	Pseudonannolenidae	Pseudonannolene	Pseudonannolene mesai		SPECIES	Pseudonannolene mesai Fontanetti, 2000	Pseudonannolene mesai Fontanetti 2000	Fontanetti 2000	BR	Estacao Biologica de Boraceia	Sao Paulo	PRESENT	1	a064f300-1bc8-41ea-9364-b864ef4e8938	-23.633125	-45.882183			943.0				1984-04		4	1984	9424035	9424035	MATERIAL_CITATION	MZSP						CC0_1_0		C. S. Fontanetti	Holotype		2025-11-08T05:37:44.251Z		GEODETIC_DATUM_ASSUMED_WGS84;CONTINENT_DERIVED_FROM_COORDINATES;TAXON_ID_NOT_FOUND;OCCURRENCE_STATUS_INFERRED_FROM_INDIVIDUAL_COUNT;COLLECTION_MATCH_NONE;INSTITUTION_MATCH_FUZZY
4101309829	1d2570da-e150-4d75-94d8-bfc5813062bc	03F887BA1373B1234D42FCF9FB915768.mc.3B393CF11372B1204F87FD1AFBE1562E	Animalia	Arthropoda	Diplopoda	Spirostreptida	Pseudonannolenidae	Pseudonannolene	Pseudonannolene ophiiulus		SPECIES	Pseudonannolene ophiiulus Schubart, 1944	Pseudonannolene ophiiulus Schubart 1944	Schubart 1944	BR	Fazenda Sao Jose	Sao Paulo	PRESENT	2	a064f300-1bc8-41ea-9364-b864ef4e8938									1941-09-29	29	9	1941	6185999	6185999	MATERIAL_CITATION	MZSP						CC0_1_0		O. Schubart			2025-11-08T05:37:44.247Z		CONTINENT_DERIVED_FROM_COUNTRY;TAXON_ID_NOT_FOUND;OCCURRENCE_STATUS_INFERRED_FROM_INDIVIDUAL_COUNT;COLLECTION_MATCH_NONE;INSTITUTION_MATCH_FUZZY
4101309827	1d2570da-e150-4d75-94d8-bfc5813062bc	03F887BA132FB17F4EB3FCD4FDA5561E.mc.3B393CF1132FB17D4CC1F872FBA252E2	Animalia	Arthropoda	Diplopoda	Spirostreptida	Pseudonannolenidae	Pseudonannolene	Pseudonannolene caatinga		SPECIES	Pseudonannolene caatinga Iniesta & Ferreira, 2014	Pseudonannolene caatinga Iniesta & Ferreira 2014	Iniesta & Ferreira 2014	BR	Fonte do Xerife	Ceara	PRESENT	1	a064f300-1bc8-41ea-9364-b864ef4e8938	-7.230036	-39.412315			426.0				2000-06-02	2	6	2000	8682135	8682135	MATERIAL_CITATION	MNRJ						CC0_1_0		A. B. Kury			2025-11-08T05:37:44.231Z		GEODETIC_DATUM_ASSUMED_WGS84;CONTINENT_DERIVED_FROM_COORDINATES;TAXON_ID_NOT_FOUND;OCCURRENCE_STATUS_INFERRED_FROM_INDIVIDUAL_COUNT;COLLECTION_MATCH_NONE;INSTITUTION_MATCH_FUZZY
4101309826	1d2570da-e150-4d75-94d8-bfc5813062bc	03F887BA1369B13C4D45F916FC1A53ED.mc.3B393CF1136FB13D4CE8F9AFFB7053BE	Animalia	Arthropoda	Diplopoda	Spirostreptida	Pseudonannolenidae	Pseudonannolene	Pseudonannolene tricolor		SPECIES	Pseudonannolene tricolor Brölemann, 1902	Pseudonannolene tricolor Brolemann 1902	Brolemann 1902	BR		Sao Paulo	PRESENT	7	a064f300-1bc8-41ea-9364-b864ef4e8938									1940-02-14	14	2	1940	1026426	1026426	MATERIAL_CITATION	MZSP						CC0_1_0		O. Schubart			2025-11-08T05:37:44.226Z		CONTINENT_DERIVED_FROM_COUNTRY;TAXON_ID_NOT_FOUND;OCCURRENCE_STATUS_INFERRED_FROM_INDIVIDUAL_COUNT;COLLECTION_MATCH_NONE;INSTITUTION_MATCH_FUZZY
4101309825	1d2570da-e150-4d75-94d8-bfc5813062bc	03F887BA1361B1354D4FF9B8FAB4500B.mc.3B393CF11360B1324CB5FBB5FDD651A8	Animalia	Arthropoda	Diplopoda	Spirostreptida	Pseudonannolenidae	Pseudonannolene	Pseudonannolene silvestris		SPECIES	Pseudonannolene silvestris Schubart, 1944	Pseudonannolene silvestris Schubart 1944	Schubart 1944	BR	Parque Estadual Turistico do Alto Ribeira	Sao Paulo	PRESENT	2	a064f300-1bc8-41ea-9364-b864ef4e8938	-24.485867	-48.646698			570.0				2001-11-08	8	11	2001	1026418	1026418	MATERIAL_CITATION	IBSP		IBSP 2237				CC0_1_0		Equipe Biota			2025-11-08T05:37:44.228Z		GEODETIC_DATUM_ASSUMED_WGS84;CONTINENT_DERIVED_FROM_COORDINATES;TAXON_ID_NOT_FOUND;OCCURRENCE_STATUS_INFERRED_FROM_INDIVIDUAL_COUNT;COLLECTION_MATCH_NONE;INSTITUTION_MATCH_FUZZY
4101309824	1d2570da-e150-4d75-94d8-bfc5813062bc	03F887BA131CB1514D5CFB3CFEA652F1.mc.3B393CF11303B1514FBCFE82FCE65495	Animalia	Arthropoda	Diplopoda	Spirostreptida	Pseudonannolenidae	Pseudonannolene	Pseudonannolene leucomelas		SPECIES	Pseudonannolene leucomelas Schubart, 1947	Pseudonannolene leucomelas * Schubart 1947	* Schubart 1947	BR	BRAZIL	Mato Grosso	PRESENT	6	a064f300-1bc8-41ea-9364-b864ef4e8938	-10.501639	-50.731876											1026421	1026421	MATERIAL_CITATION	MZSP						CC0_1_0			Paratype		2025-11-08T05:37:44.203Z		GEODETIC_DATUM_ASSUMED_WGS84;CONTINENT_DERIVED_FROM_COORDINATES;TAXON_ID_NOT_FOUND;OCCURRENCE_STATUS_INFERRED_FROM_INDIVIDUAL_COUNT;COLLECTION_MATCH_NONE;INSTITUTION_MATCH_FUZZY
4101309823	1d2570da-e150-4d75-94d8-bfc5813062bc	03F887BA1361B1354D4FF9B8FAB4500B.mc.3B393CF11360B1324D8BFAA3FAFE5057	Animalia	Arthropoda	Diplopoda	Spirostreptida	Pseudonannolenidae	Pseudonannolene	Pseudonannolene silvestris		SPECIES	Pseudonannolene silvestris Schubart, 1944	Pseudonannolene silvestris Schubart 1944	Schubart 1944	BR	Parque Estadual Turistico do Alto Ribeira	Sao Paulo	PRESENT	1	a064f300-1bc8-41ea-9364-b864ef4e8938	-24.485867	-48.646698			570.0				2001-11-08	8	11	2001	1026418	1026418	MATERIAL_CITATION	IBSP		IBSP 2289				CC0_1_0		Equipe Biota			2025-11-08T05:37:44.198Z		GEODETIC_DATUM_ASSUMED_WGS84;CONTINENT_DERIVED_FROM_COORDINATES;TAXON_ID_NOT_FOUND;OCCURRENCE_STATUS_INFERRED_FROM_INDIVIDUAL_COUNT;COLLECTION_MATCH_NONE;INSTITUTION_MATCH_FUZZY
4101309822	1d2570da-e150-4d75-94d8-bfc5813062bc	03F887BA1367B1374EBAFAB0FAD650FC.mc.3B393CF11366B1344A7BFB2CFAED51C0	Animalia	Arthropoda	Diplopoda	Spirostreptida	Pseudonannolenidae	Pseudonannolene	Pseudonannolene spelaea		SPECIES	Pseudonannolene spelaea Iniesta & Ferreira, 2013	Pseudonannolene spelaea Iniesta & Ferreira 2013	Iniesta & Ferreira 2013	BR		Para	PRESENT	5	a064f300-1bc8-41ea-9364-b864ef4e8938	-6.03948	-50.16792							2009-07-24	24	7	2009	9516060	9516060	MATERIAL_CITATION	R		IBSP 6258				CC0_1_0		R. Andrade			2025-11-08T05:37:44.196Z		GEODETIC_DATUM_ASSUMED_WGS84;CONTINENT_DERIVED_FROM_COORDINATES;TAXON_ID_NOT_FOUND;OCCURRENCE_STATUS_INFERRED_FROM_INDIVIDUAL_COUNT;AMBIGUOUS_INSTITUTION
4101309821	1d2570da-e150-4d75-94d8-bfc5813062bc	03F887BA1369B13C4D45F916FC1A53ED.mc.3B393CF11368B13A4C43F869FCFE52FC	Animalia	Arthropoda	Diplopoda	Spirostreptida	Pseudonannolenidae	Pseudonannolene	Pseudonannolene tricolor		SPECIES	Pseudonannolene tricolor Brölemann, 1902	Pseudonannolene tricolor Brolemann 1902	Brolemann 1902	BR	Independencia	Sao Paulo	PRESENT	1	a064f300-1bc8-41ea-9364-b864ef4e8938	-23.680576	-46.598125			766.0				2011-12-21	21	12	2011	1026426	1026426	MATERIAL_CITATION	IBSP		IBSP 7881				CC0_1_0		A. M. Giroti			2025-11-08T05:37:44.159Z		GEODETIC_DATUM_ASSUMED_WGS84;CONTINENT_DERIVED_FROM_COORDINATES;TAXON_ID_NOT_FOUND;OCCURRENCE_STATUS_INFERRED_FROM_INDIVIDUAL_COUNT;COLLECTION_MATCH_NONE;INSTITUTION_MATCH_FUZZY
4101309820	1d2570da-e150-4d75-94d8-bfc5813062bc	03F887BA130DB1214D53FA08FE5057D0.mc.3B393CF1130CB15E4FBCFE4BFBC45736	Animalia	Arthropoda	Diplopoda	Spirostreptida	Pseudonannolenidae	Pseudonannolene	Pseudonannolene occidentalis		SPECIES	Pseudonannolene occidentalis Schubart, 1958	Pseudonannolene occidentalis Schubart 1958	Schubart 1958	BR	Salobra	Mato Grosso do Sul	PRESENT	1	a064f300-1bc8-41ea-9364-b864ef4e8938	-20.187515	-56.547016			112.0				1955-01-22	22	1	1955	6186007	6186007	MATERIAL_CITATION	MZSP						CC0_1_0		L. Travassos	Holotype		2025-11-08T05:37:44.157Z		GEODETIC_DATUM_ASSUMED_WGS84;CONTINENT_DERIVED_FROM_COORDINATES;TAXON_ID_NOT_FOUND;OCCURRENCE_STATUS_INFERRED_FROM_INDIVIDUAL_COUNT;COLLECTION_MATCH_NONE;INSTITUTION_MATCH_FUZZY
4101309819	1d2570da-e150-4d75-94d8-bfc5813062bc	03F887BA1359B10D4D1CF979FCBE518D.mc.3B393CF11358B10A4FBCFE26FBB15715	Animalia	Arthropoda	Diplopoda	Spirostreptida	Pseudonannolenidae	Pseudonannolene	Pseudonannolene morettii		SPECIES	Pseudonannolene morettii Iniesta, Bouzan & Brescovit, 2023	Pseudonannolene morettii Iniesta, Bouzan, and Brescovit 2023	Iniesta, Bouzan, and Brescovit 2023	BR	Parque Municipal da Serra do Itapety	Sao Paulo	PRESENT	1	a064f300-1bc8-41ea-9364-b864ef4e8938	-23.493336	-46.19638			881.0				2003-10-13	13	10	2003	12190204	12190204	MATERIAL_CITATION	IBSP		IBSP 2481				CC0_1_0		Mogi das Cruzes & Equipe Biota	Holotype		2025-11-08T05:37:44.156Z		GEODETIC_DATUM_ASSUMED_WGS84;CONTINENT_DERIVED_FROM_COORDINATES;TAXON_ID_NOT_FOUND;OCCURRENCE_STATUS_INFERRED_FROM_INDIVIDUAL_COUNT;COLLECTION_MATCH_NONE;INSTITUTION_MATCH_FUZZY
4101309818	1d2570da-e150-4d75-94d8-bfc5813062bc	03F887BA132FB17F4EB3FCD4FDA5561E.mc.3B393CF1132EB17C4D2EFCFEFAF95613	Animalia	Arthropoda	Diplopoda	Spirostreptida	Pseudonannolenidae	Pseudonannolene	Pseudonannolene caatinga		SPECIES	Pseudonannolene caatinga Iniesta & Ferreira, 2014	Pseudonannolene caatinga Iniesta & Ferreira 2014	Iniesta & Ferreira 2014	BR	Caetite	Bahia	PRESENT	6	a064f300-1bc8-41ea-9364-b864ef4e8938	-14.066228	-42.486908							2008-12-08	8	12	2008	8682135	8682135	MATERIAL_CITATION	IBSP		IBSP 5788				CC0_1_0		Andrade			2025-11-08T05:37:44.151Z		GEODETIC_DATUM_ASSUMED_WGS84;CONTINENT_DERIVED_FROM_COORDINATES;TAXON_ID_NOT_FOUND;OCCURRENCE_STATUS_INFERRED_FROM_INDIVIDUAL_COUNT;COLLECTION_MATCH_NONE;INSTITUTION_MATCH_FUZZY
4101309817	1d2570da-e150-4d75-94d8-bfc5813062bc	03F887BA1356B1074D60FEE4FB225095.mc.3B393CF11356B1044B1CFB49FE6651DC	Animalia	Arthropoda	Diplopoda	Spirostreptida	Pseudonannolenidae	Pseudonannolene	Pseudonannolene bucculenta		SPECIES	Pseudonannolene bucculenta Iniesta, Bouzan & Brescovit, 2023	Pseudonannolene bucculenta Iniesta, Bouzan, and Brescovit 2023	Iniesta, Bouzan, and Brescovit 2023	BR	Samuel de Paula	Minas Gerais	PRESENT	1	a064f300-1bc8-41ea-9364-b864ef4e8938	-20.001055	-43.871086			975.0				2006-10		10	2006	12224748	12224748	MATERIAL_CITATION	IBSP		IBSP 3361				CC0_1_0		de Paula & J. P. P. Pena-Barbosa			2025-11-08T05:37:44.153Z		GEODETIC_DATUM_ASSUMED_WGS84;CONTINENT_DERIVED_FROM_COORDINATES;TAXON_ID_NOT_FOUND;OCCURRENCE_STATUS_INFERRED_FROM_INDIVIDUAL_COUNT;COLLECTION_MATCH_NONE;INSTITUTION_MATCH_FUZZY
4101309816	1d2570da-e150-4d75-94d8-bfc5813062bc	03F887BA1367B1374EBAFAB0FAD650FC.mc.3B393CF11366B1344FBCFE53FDBB5721	Animalia	Arthropoda	Diplopoda	Spirostreptida	Pseudonannolenidae	Pseudonannolene	Pseudonannolene spelaea		SPECIES	Pseudonannolene spelaea Iniesta & Ferreira, 2013	Pseudonannolene spelaea Iniesta & Ferreira 2013	Iniesta & Ferreira 2013	BR	Para		PRESENT	3	a064f300-1bc8-41ea-9364-b864ef4e8938	-6.125219	-50.131775							2010-09-20	20	9	2010	9516060	9516060	MATERIAL_CITATION	ISLA		ISLA 3796				CC0_1_0		Para	Paratype		2025-11-08T05:37:44.149Z		GEODETIC_DATUM_ASSUMED_WGS84;CONTINENT_DERIVED_FROM_COORDINATES;TAXON_ID_NOT_FOUND;OCCURRENCE_STATUS_INFERRED_FROM_INDIVIDUAL_COUNT;INSTITUTION_MATCH_NONE
4101309815	1d2570da-e150-4d75-94d8-bfc5813062bc	03F887BA132DB17E4D5CFCA9FC3D53AC.mc.3B393CF1132DB17F4FEBF86FFA8D52A3	Animalia	Arthropoda	Diplopoda	Spirostreptida	Pseudonannolenidae	Pseudonannolene	Pseudonannolene callipyge		SPECIES	Pseudonannolene callipyge Brölemann, 1902	Pseudonannolene callipyge Brolemann 1902	Brolemann 1902	BR	cave Straube	Parana	PRESENT	3	a064f300-1bc8-41ea-9364-b864ef4e8938					362.0				2017-12-08	8	12	2017	1026425	1026425	MATERIAL_CITATION	R		IBSP 7624				CC0_1_0		C. A. R. Souza & L. F. M. Iniesta			2025-11-08T05:37:44.147Z		CONTINENT_DERIVED_FROM_COUNTRY;TAXON_ID_NOT_FOUND;OCCURRENCE_STATUS_INFERRED_FROM_INDIVIDUAL_COUNT;AMBIGUOUS_INSTITUTION
4101309814	1d2570da-e150-4d75-94d8-bfc5813062bc	03F887BA1367B1374EBAFAB0FAD650FC.mc.3B393CF11366B1344FEBFC8CFAF85645	Animalia	Arthropoda	Diplopoda	Spirostreptida	Pseudonannolenidae	Pseudonannolene	Pseudonannolene spelaea		SPECIES	Pseudonannolene spelaea Iniesta & Ferreira, 2013	Pseudonannolene spelaea Iniesta & Ferreira 2013	Iniesta & Ferreira 2013	BR		Para	PRESENT	1	a064f300-1bc8-41ea-9364-b864ef4e8938	-6.382172	-50.38028							2016-04-16	16	4	2016	9516060	9516060	MATERIAL_CITATION	IBSP		IBSP 4685				CC0_1_0		Biospeleo			2025-11-08T05:37:44.145Z		GEODETIC_DATUM_ASSUMED_WGS84;CONTINENT_DERIVED_FROM_COORDINATES;TAXON_ID_NOT_FOUND;OCCURRENCE_STATUS_INFERRED_FROM_INDIVIDUAL_COUNT;COLLECTION_MATCH_NONE;INSTITUTION_MATCH_FUZZY
4101309813	1d2570da-e150-4d75-94d8-bfc5813062bc	03F887BA1352B1034EA6FEE4FCF257BA.mc.3B393CF11352B1004FBCFCA9FDF95699	Animalia	Arthropoda	Diplopoda	Spirostreptida	Pseudonannolenidae	Pseudonannolene	Pseudonannolene xavieri		SPECIES	Pseudonannolene xavieri Iniesta & Ferreira, 2014	Pseudonannolene xavieri Iniesta & Ferreira 2014	Iniesta & Ferreira 2014	BR	Fumaca cave	Bahia	PRESENT	1	a064f300-1bc8-41ea-9364-b864ef4e8938	-12.33169	-41.59664			723.0				2001-01-07	7	1	2001	8520398	8520398	MATERIAL_CITATION	R		ISLA 4105				CC0_1_0		R. L. Ferreira	Holotype		2025-11-08T05:37:44.124Z		GEODETIC_DATUM_ASSUMED_WGS84;CONTINENT_DERIVED_FROM_COORDINATES;TAXON_ID_NOT_FOUND;OCCURRENCE_STATUS_INFERRED_FROM_INDIVIDUAL_COUNT;AMBIGUOUS_INSTITUTION
4101309812	1d2570da-e150-4d75-94d8-bfc5813062bc	03F887BA1315B1484D45F9EEFC01571A.mc.3B393CF1131BB1494C23FDAAFEA557BD	Animalia	Arthropoda	Diplopoda	Spirostreptida	Pseudonannolenidae	Pseudonannolene	Pseudonannolene halophila		SPECIES	Pseudonannolene halophila Schubart, 1949	Pseudonannolene halophila Schubart 1949	Schubart 1949	BR	Mata da Copebras	Sao Paulo	PRESENT	1	a064f300-1bc8-41ea-9364-b864ef4e8938	-23.847248	-46.399757			11.0								6186012	6186012	MATERIAL_CITATION	IBSP		IBSP 3268				CC0_1_0		A. Nogueira			2025-11-08T05:37:44.117Z		GEODETIC_DATUM_ASSUMED_WGS84;CONTINENT_DERIVED_FROM_COORDINATES;TAXON_ID_NOT_FOUND;OCCURRENCE_STATUS_INFERRED_FROM_INDIVIDUAL_COUNT;COLLECTION_MATCH_NONE;INSTITUTION_MATCH_FUZZY
4101309811	1d2570da-e150-4d75-94d8-bfc5813062bc	03F887BA1309B15F4EA9FEE4FC055083.mc.3B393CF1130FB15D4A54FCB3FD2F56A3	Animalia	Arthropoda	Diplopoda	Spirostreptida	Pseudonannolenidae	Pseudonannolene	Pseudonannolene microzoporus		SPECIES	Pseudonannolene microzoporus Mauriès, 1987	Pseudonannolene microzoporus Mauries 1987	Mauries 1987	BR		Bahia	PRESENT	1	a064f300-1bc8-41ea-9364-b864ef4e8938													1026408	1026408	MATERIAL_CITATION	IBSP		IBSP 5722				CC0_1_0					2025-11-08T05:37:44.114Z		CONTINENT_DERIVED_FROM_COUNTRY;TAXON_ID_NOT_FOUND;OCCURRENCE_STATUS_INFERRED_FROM_INDIVIDUAL_COUNT;COLLECTION_MATCH_NONE;INSTITUTION_MATCH_FUZZY
4101309810	1d2570da-e150-4d75-94d8-bfc5813062bc	03F887BA1367B1374EBAFAB0FAD650FC.mc.3B393CF11366B1344EC6FBD8FF62514F	Animalia	Arthropoda	Diplopoda	Spirostreptida	Pseudonannolenidae	Pseudonannolene	Pseudonannolene spelaea		SPECIES	Pseudonannolene spelaea Iniesta & Ferreira, 2013	Pseudonannolene spelaea Iniesta & Ferreira 2013	Iniesta & Ferreira 2013	BR		Para	PRESENT	1	a064f300-1bc8-41ea-9364-b864ef4e8938	-6.039316	-50.161026							2008-10-07	7	10	2008	9516060	9516060	MATERIAL_CITATION	R		IBSP 7329				CC0_1_0		R. Andrade			2025-11-08T05:37:44.112Z		GEODETIC_DATUM_ASSUMED_WGS84;CONTINENT_DERIVED_FROM_COORDINATES;TAXON_ID_NOT_FOUND;OCCURRENCE_STATUS_INFERRED_FROM_INDIVIDUAL_COUNT;AMBIGUOUS_INSTITUTION
4101309808	1d2570da-e150-4d75-94d8-bfc5813062bc	03F887BA1309B15F4EA9FEE4FC055083.mc.3B393CF11308B15A4E07FA3CFB1050D7	Animalia	Arthropoda	Diplopoda	Spirostreptida	Pseudonannolenidae	Pseudonannolene	Pseudonannolene microzoporus		SPECIES	Pseudonannolene microzoporus Mauriès, 1987	Pseudonannolene microzoporus Mauries 1987	Mauries 1987	BR	Minas Gerais	Minas Gerais	PRESENT	1	a064f300-1bc8-41ea-9364-b864ef4e8938	-12.980311	-44.051342			543.0				2014-07-11	11	7	2014	1026408	1026408	MATERIAL_CITATION	IBSP		IBSP 7638				CC0_1_0		L. S. Silva			2025-11-08T05:37:44.107Z		GEODETIC_DATUM_ASSUMED_WGS84;CONTINENT_DERIVED_FROM_COORDINATES;TAXON_ID_NOT_FOUND;OCCURRENCE_STATUS_INFERRED_FROM_INDIVIDUAL_COUNT;COLLECTION_MATCH_NONE;INSTITUTION_MATCH_FUZZY
4101309807	1d2570da-e150-4d75-94d8-bfc5813062bc	03F887BA1362B1334D5AFD7FFEE75313.mc.3B393CF11362B1304BABF9DCFD4E5353	Animalia	Arthropoda	Diplopoda	Spirostreptida	Pseudonannolenidae	Pseudonannolene	Pseudonannolene segmentata		SPECIES	Pseudonannolene segmentata Silvestri, 1895	Pseudonannolene segmentata Silvestri 1895	Silvestri 1895	BR	Bonito	Mato Grosso do Sul	PRESENT	1	a064f300-1bc8-41ea-9364-b864ef4e8938	-21.128975	-56.48172			294.0				2002-10-14	14	10	2002	1026417	1026417	MATERIAL_CITATION	IBSP		IBSP 2602				CC0_1_0		Equipe Biota			2025-11-08T05:37:44.104Z		GEODETIC_DATUM_ASSUMED_WGS84;CONTINENT_DERIVED_FROM_COORDINATES;TAXON_ID_NOT_FOUND;OCCURRENCE_STATUS_INFERRED_FROM_INDIVIDUAL_COUNT;COLLECTION_MATCH_NONE;INSTITUTION_MATCH_FUZZY
4101309805	1d2570da-e150-4d75-94d8-bfc5813062bc	03F887BA136CB1014D70FB4DFD9352E0.mc.3B393CF1136CB13E4FBCF910FDD25240	Animalia	Arthropoda	Diplopoda	Spirostreptida	Pseudonannolenidae	Pseudonannolene	Pseudonannolene urbica		SPECIES	Pseudonannolene urbica Schubart, 1945	Pseudonannolene urbica Schubart 1945	Schubart 1945	BR	Jardim do Museu de Zoologia [MZSP], Ipiranga	Sao Paulo	PRESENT	1	a064f300-1bc8-41ea-9364-b864ef4e8938	-23.585106	-46.600998			790.0				1943-03-03	3	3	1943	6186006	6186006	MATERIAL_CITATION	MZSP						CC0_1_0			Holotype		2025-11-08T05:37:44.025Z		GEODETIC_DATUM_ASSUMED_WGS84;CONTINENT_DERIVED_FROM_COORDINATES;TAXON_ID_NOT_FOUND;OCCURRENCE_STATUS_INFERRED_FROM_INDIVIDUAL_COUNT;COLLECTION_MATCH_NONE;INSTITUTION_MATCH_FUZZY
4101309804	1d2570da-e150-4d75-94d8-bfc5813062bc	03F887BA137CB1304EACFD5CFB445752.mc.3B393CF11363B1314A65FD43FC3157D3	Animalia	Arthropoda	Diplopoda	Spirostreptida	Pseudonannolenidae	Pseudonannolene	Pseudonannolene sebastianus		SPECIES	Pseudonannolene sebastianus Brölemann, 1902	Pseudonannolene sebastianus Brolemann 1902	Brolemann 1902	BR	Ilha Anchieta	Sao Paulo	PRESENT	3	a064f300-1bc8-41ea-9364-b864ef4e8938	-23.550426	-45.066635			162.0				2001-07-23	23	7	2001	6186003	6186003	MATERIAL_CITATION	IBSP		IBSP 1405				CC0_1_0		Equipe Biota			2025-11-08T05:37:44.042Z		GEODETIC_DATUM_ASSUMED_WGS84;CONTINENT_DERIVED_FROM_COORDINATES;TAXON_ID_NOT_FOUND;OCCURRENCE_STATUS_INFERRED_FROM_INDIVIDUAL_COUNT;COLLECTION_MATCH_NONE;INSTITUTION_MATCH_FUZZY
4101309803	1d2570da-e150-4d75-94d8-bfc5813062bc	03F887BA1309B15F4EA9FEE4FC055083.mc.3B393CF1130FB15D4A17FEC0FD605454	Animalia	Arthropoda	Diplopoda	Spirostreptida	Pseudonannolenidae	Pseudonannolene	Pseudonannolene microzoporus		SPECIES	Pseudonannolene microzoporus Mauriès, 1987	Pseudonannolene microzoporus Mauries 1987	Mauries 1987	BR	Mocambeiro	Bahia	PRESENT	1	a064f300-1bc8-41ea-9364-b864ef4e8938	-19.535425	-44.026974							2011-04-04	4	4	2011	1026408	1026408	MATERIAL_CITATION	IBSP		IBSP 5720				CC0_1_0		F. P. Franco			2025-11-08T05:37:44.023Z		GEODETIC_DATUM_ASSUMED_WGS84;CONTINENT_DERIVED_FROM_COORDINATES;TAXON_ID_NOT_FOUND;OCCURRENCE_STATUS_INFERRED_FROM_INDIVIDUAL_COUNT;COLLECTION_MATCH_NONE;INSTITUTION_MATCH_FUZZY
4101309800	1d2570da-e150-4d75-94d8-bfc5813062bc	03F887BA1310B1454EA2FC15FC77528B.mc.3B393CF11317B1454F84FEC0FC56547B	Animalia	Arthropoda	Diplopoda	Spirostreptida	Pseudonannolenidae	Pseudonannolene	Pseudonannolene erikae		SPECIES	Pseudonannolene erikae Iniesta & Ferreira, 2014	Pseudonannolene erikae Iniesta & Ferreira 2014	Iniesta & Ferreira 2014	BR	Sao Jose da Lapa	Minas Gerais	PRESENT	1	a064f300-1bc8-41ea-9364-b864ef4e8938	-19.69921	-43.95831			732.0				2012-12-17	17	12	2012	8568561	8568561	MATERIAL_CITATION	IBSP		IBSP 7606				CC0_1_0		Bueno			2025-11-08T05:37:44.006Z		GEODETIC_DATUM_ASSUMED_WGS84;CONTINENT_DERIVED_FROM_COORDINATES;TAXON_ID_NOT_FOUND;OCCURRENCE_STATUS_INFERRED_FROM_INDIVIDUAL_COUNT;COLLECTION_MATCH_NONE;INSTITUTION_MATCH_FUZZY
4101309799	1d2570da-e150-4d75-94d8-bfc5813062bc	03F887BA1310B1454EA2FC15FC77528B.mc.3B393CF11310B1424FBCF9DCFA9A53B1	Animalia	Arthropoda	Diplopoda	Spirostreptida	Pseudonannolenidae	Pseudonannolene	Pseudonannolene erikae		SPECIES	Pseudonannolene erikae Iniesta & Ferreira, 2014	Pseudonannolene erikae Iniesta & Ferreira 2014	Iniesta & Ferreira 2014	BR	cave Rei do Mato	Minas Gerais	PRESENT	1	a064f300-1bc8-41ea-9364-b864ef4e8938	-19.495667	-44.282497							2011-11-04	4	11	2011	8568561	8568561	MATERIAL_CITATION	R		ISLA 4107				CC0_1_0		R. L. Ferreira & L. F. M. Iniesta & A. Vasconcelos & P. Ratton & M. Souza-Silva	Holotype		2025-11-08T05:37:44Z		GEODETIC_DATUM_ASSUMED_WGS84;CONTINENT_DERIVED_FROM_COORDINATES;TAXON_ID_NOT_FOUND;OCCURRENCE_STATUS_INFERRED_FROM_INDIVIDUAL_COUNT;AMBIGUOUS_INSTITUTION
4101309798	1d2570da-e150-4d75-94d8-bfc5813062bc	03F887BA1373B1234D42FCF9FB915768.mc.3B393CF11373B1204D38F82BFDB7541D	Animalia	Arthropoda	Diplopoda	Spirostreptida	Pseudonannolenidae	Pseudonannolene	Pseudonannolene ophiiulus		SPECIES	Pseudonannolene ophiiulus Schubart, 1944	Pseudonannolene ophiiulus Schubart 1944	Schubart 1944	BR	Emas	Sao Paulo	PRESENT	2	a064f300-1bc8-41ea-9364-b864ef4e8938	-22.001669	-47.427853			631.0				1940-05-22	22	5	1940	6185999	6185999	MATERIAL_CITATION	MZSP						CC0_1_0		O. Schubart			2025-11-08T05:37:43.998Z		GEODETIC_DATUM_ASSUMED_WGS84;CONTINENT_DERIVED_FROM_COORDINATES;TAXON_ID_NOT_FOUND;OCCURRENCE_STATUS_INFERRED_FROM_INDIVIDUAL_COUNT;COLLECTION_MATCH_NONE;INSTITUTION_MATCH_FUZZY
4101309796	1d2570da-e150-4d75-94d8-bfc5813062bc	03F887BA1359B10D4D1CF979FCBE518D.mc.3B393CF11358B10A4F99FCCCFCA15604	Animalia	Arthropoda	Diplopoda	Spirostreptida	Pseudonannolenidae	Pseudonannolene	Pseudonannolene morettii		SPECIES	Pseudonannolene morettii Iniesta, Bouzan & Brescovit, 2023	Pseudonannolene morettii Iniesta, Bouzan, and Brescovit 2023	Iniesta, Bouzan, and Brescovit 2023	BR	Parque Municipal da Serra do Itapety	Sao Paulo	PRESENT	1	a064f300-1bc8-41ea-9364-b864ef4e8938	-23.493336	-46.19638			881.0				2003-10-13	13	10	2003	12190204	12190204	MATERIAL_CITATION	IBSP		IBSP 2464				CC0_1_0		Mogi das Cruzes & Equipe Biota			2025-11-08T05:37:43.992Z		GEODETIC_DATUM_ASSUMED_WGS84;CONTINENT_DERIVED_FROM_COORDINATES;TAXON_ID_NOT_FOUND;OCCURRENCE_STATUS_INFERRED_FROM_INDIVIDUAL_COUNT;COLLECTION_MATCH_NONE;INSTITUTION_MATCH_FUZZY
4101309795	1d2570da-e150-4d75-94d8-bfc5813062bc	03F887BA1376B1274D46FE33FE985351.mc.3B393CF11376B1244D91F9A7FC2C53B6	Animalia	Arthropoda	Diplopoda	Spirostreptida	Pseudonannolenidae	Pseudonannolene	Pseudonannolene paulista		SPECIES	Pseudonannolene paulista Brölemann, 1902	Pseudonannolene paulista Brolemann 1902	Brolemann 1902	BR	Fazenda Barreiro Rico	Sao Paulo	PRESENT	17	a064f300-1bc8-41ea-9364-b864ef4e8938	-22.788342	-48.131226			469.0								1026416	1026416	MATERIAL_CITATION	MZSP						CC0_1_0		C. Fontanetti			2025-11-08T05:37:43.990Z		GEODETIC_DATUM_ASSUMED_WGS84;CONTINENT_DERIVED_FROM_COORDINATES;TAXON_ID_NOT_FOUND;OCCURRENCE_STATUS_INFERRED_FROM_INDIVIDUAL_COUNT;COLLECTION_MATCH_NONE;INSTITUTION_MATCH_FUZZY
4101309794	1d2570da-e150-4d75-94d8-bfc5813062bc	03F887BA1309B15F4EA9FEE4FC055083.mc.3B393CF11308B15A4BB3F875FC7452E9	Animalia	Arthropoda	Diplopoda	Spirostreptida	Pseudonannolenidae	Pseudonannolene	Pseudonannolene microzoporus		SPECIES	Pseudonannolene microzoporus Mauriès, 1987	Pseudonannolene microzoporus Mauries 1987	Mauries 1987	BR	Mocambeiro	Bahia	PRESENT	2	a064f300-1bc8-41ea-9364-b864ef4e8938	-19.535425	-44.026974							2011-04-04	4	4	2011	1026408	1026408	MATERIAL_CITATION	IBSP		IBSP 5739				CC0_1_0		F. P. Franco			2025-11-08T05:37:43.989Z		GEODETIC_DATUM_ASSUMED_WGS84;CONTINENT_DERIVED_FROM_COORDINATES;TAXON_ID_NOT_FOUND;OCCURRENCE_STATUS_INFERRED_FROM_INDIVIDUAL_COUNT;COLLECTION_MATCH_NONE;INSTITUTION_MATCH_FUZZY
4101309793	1d2570da-e150-4d75-94d8-bfc5813062bc	03F887BA1359B10D4D1CF979FCBE518D.mc.3B393CF11358B10A4B19FCA8FE6F56BF	Animalia	Arthropoda	Diplopoda	Spirostreptida	Pseudonannolenidae	Pseudonannolene	Pseudonannolene morettii		SPECIES	Pseudonannolene morettii Iniesta, Bouzan & Brescovit, 2023	Pseudonannolene morettii Iniesta, Bouzan, and Brescovit 2023	Iniesta, Bouzan, and Brescovit 2023	BR	Parque Municipal da Serra do Itapety	Sao Paulo	PRESENT	1	a064f300-1bc8-41ea-9364-b864ef4e8938	-23.493336	-46.19638			881.0				2003-10-13	13	10	2003	12190204	12190204	MATERIAL_CITATION	IBSP		IBSP 2459				CC0_1_0		Mogi das Cruzes & Equipe Biota			2025-11-08T05:37:43.987Z		GEODETIC_DATUM_ASSUMED_WGS84;CONTINENT_DERIVED_FROM_COORDINATES;TAXON_ID_NOT_FOUND;OCCURRENCE_STATUS_INFERRED_FROM_INDIVIDUAL_COUNT;COLLECTION_MATCH_NONE;INSTITUTION_MATCH_FUZZY
4101309792	1d2570da-e150-4d75-94d8-bfc5813062bc	03F887BA1371B1224D74FD91FED55297.mc.3B393CF11371B1234F87F8A4FC79525C	Animalia	Arthropoda	Diplopoda	Spirostreptida	Pseudonannolenidae	Pseudonannolene	Pseudonannolene parvula		SPECIES	Pseudonannolene parvula Silvestri, 1902	Pseudonannolene parvula Silvestri 1902	Silvestri 1902	BR	Parque Nacional do Iguacu	Parana	PRESENT	1	a064f300-1bc8-41ea-9364-b864ef4e8938	-25.500435	-54.58335			195.0				2002-03-03	3	3	2002	1026412	1026412	MATERIAL_CITATION	IBSP		IBSP 1963				CC0_1_0		Equipe Biota			2025-11-08T05:37:43.985Z		GEODETIC_DATUM_ASSUMED_WGS84;CONTINENT_DERIVED_FROM_COORDINATES;TAXON_ID_NOT_FOUND;OCCURRENCE_STATUS_INFERRED_FROM_INDIVIDUAL_COUNT;COLLECTION_MATCH_NONE;INSTITUTION_MATCH_FUZZY
4101309791	1d2570da-e150-4d75-94d8-bfc5813062bc	03F887BA1310B1454EA2FC15FC77528B.mc.3B393CF11310B1454BACF82BFD53541D	Animalia	Arthropoda	Diplopoda	Spirostreptida	Pseudonannolenidae	Pseudonannolene	Pseudonannolene erikae		SPECIES	Pseudonannolene erikae Iniesta & Ferreira, 2014	Pseudonannolene erikae Iniesta & Ferreira 2014	Iniesta & Ferreira 2014	BR	Sao Jose da Lapa	Minas Gerais	PRESENT	1	a064f300-1bc8-41ea-9364-b864ef4e8938	-19.69921	-43.95831			732.0				2012-12-17	17	12	2012	8568561	8568561	MATERIAL_CITATION	IBSP		IBSP 7604				CC0_1_0		Bueno			2025-11-08T05:37:43.983Z		GEODETIC_DATUM_ASSUMED_WGS84;CONTINENT_DERIVED_FROM_COORDINATES;TAXON_ID_NOT_FOUND;OCCURRENCE_STATUS_INFERRED_FROM_INDIVIDUAL_COUNT;COLLECTION_MATCH_NONE;INSTITUTION_MATCH_FUZZY
4101309790	1d2570da-e150-4d75-94d8-bfc5813062bc	03F887BA1309B15F4EA9FEE4FC055083.mc.3B393CF1130FB15D4CD6FA10FEA75304	Animalia	Arthropoda	Diplopoda	Spirostreptida	Pseudonannolenidae	Pseudonannolene	Pseudonannolene microzoporus		SPECIES	Pseudonannolene microzoporus Mauriès, 1987	Pseudonannolene microzoporus Mauries 1987	Mauries 1987	BR		Bahia	PRESENT	1	a064f300-1bc8-41ea-9364-b864ef4e8938									2011-02-08	8	2	2011	1026408	1026408	MATERIAL_CITATION	IBSP		IBSP 5676				CC0_1_0					2025-11-08T05:37:43.981Z		CONTINENT_DERIVED_FROM_COUNTRY;TAXON_ID_NOT_FOUND;OCCURRENCE_STATUS_INFERRED_FROM_INDIVIDUAL_COUNT;COLLECTION_MATCH_NONE;INSTITUTION_MATCH_FUZZY
4101309788	1d2570da-e150-4d75-94d8-bfc5813062bc	03F887BA1315B1484D45F9EEFC01571A.mc.3B393CF11314B1464C65FADBFAED504A	Animalia	Arthropoda	Diplopoda	Spirostreptida	Pseudonannolenidae	Pseudonannolene	Pseudonannolene halophila		SPECIES	Pseudonannolene halophila Schubart, 1949	Pseudonannolene halophila Schubart 1949	Schubart 1949	BR	Ilha da Moela	Sao Paulo	PRESENT	3	a064f300-1bc8-41ea-9364-b864ef4e8938	-24.05	-46.26637			5.0				2009-03-29	29	3	2009	6186012	6186012	MATERIAL_CITATION	IBSP						CC0_1_0		R. P. Indicatti & F. U. Yamamoto			2025-11-08T05:37:43.955Z		GEODETIC_DATUM_ASSUMED_WGS84;CONTINENT_DERIVED_FROM_COORDINATES;TAXON_ID_NOT_FOUND;OCCURRENCE_STATUS_INFERRED_FROM_INDIVIDUAL_COUNT;COLLECTION_MATCH_NONE;INSTITUTION_MATCH_FUZZY
4101309787	1d2570da-e150-4d75-94d8-bfc5813062bc	03F887BA1361B1354D4FF9B8FAB4500B.mc.3B393CF11360B1324DFCFA55FDB850C8	Animalia	Arthropoda	Diplopoda	Spirostreptida	Pseudonannolenidae	Pseudonannolene	Pseudonannolene silvestris		SPECIES	Pseudonannolene silvestris Schubart, 1944	Pseudonannolene silvestris Schubart 1944	Schubart 1944	BR	Escaramuca	Sao Paulo	PRESENT	13	a064f300-1bc8-41ea-9364-b864ef4e8938					687.0				1941-03-06	6	3	1941	1026418	1026418	MATERIAL_CITATION	MZSP						CC0_1_0		O. Schubart			2025-11-08T05:37:43.953Z		CONTINENT_DERIVED_FROM_COUNTRY;TAXON_ID_NOT_FOUND;OCCURRENCE_STATUS_INFERRED_FROM_INDIVIDUAL_COUNT;COLLECTION_MATCH_NONE;INSTITUTION_MATCH_FUZZY
4101309786	1d2570da-e150-4d75-94d8-bfc5813062bc	03F887BA1329B17D4D53F927FEA0562F.mc.3B393CF11328B17A4FBCFD09FB1F561D	Animalia	Arthropoda	Diplopoda	Spirostreptida	Pseudonannolenidae	Pseudonannolene	Pseudonannolene buhrnheimi		SPECIES	Pseudonannolene buhrnheimi Schubart, 1960	Pseudonannolene buhrnheimi Schubart 1960	Schubart 1960	BR	BRAZIL	Rio de Janeiro	PRESENT	22	a064f300-1bc8-41ea-9364-b864ef4e8938	-22.94226	-43.21221							1960-10-16	16	10	1960	9535141	9535141	MATERIAL_CITATION	MZSP						CC0_1_0		O. Schubart & J. Schubart & P. Buhrnheim	Paratype		2025-11-08T05:37:43.948Z		GEODETIC_DATUM_ASSUMED_WGS84;CONTINENT_DERIVED_FROM_COORDINATES;TAXON_ID_NOT_FOUND;OCCURRENCE_STATUS_INFERRED_FROM_INDIVIDUAL_COUNT;COLLECTION_MATCH_NONE;INSTITUTION_MATCH_FUZZY
4101309785	1d2570da-e150-4d75-94d8-bfc5813062bc	03F887BA1359B10D4D1CF979FCBE518D.mc.3B393CF11358B10A4B19FB06FD985019	Animalia	Arthropoda	Diplopoda	Spirostreptida	Pseudonannolenidae	Pseudonannolene	Pseudonannolene morettii		SPECIES	Pseudonannolene morettii Iniesta, Bouzan & Brescovit, 2023	Pseudonannolene morettii Iniesta, Bouzan, and Brescovit 2023	Iniesta, Bouzan, and Brescovit 2023	BR	Parque Municipal da Serra do Itapety	Sao Paulo	PRESENT	1	a064f300-1bc8-41ea-9364-b864ef4e8938	-23.493336	-46.19638			881.0				2003-10-13	13	10	2003	12190204	12190204	MATERIAL_CITATION	IBSP		IBSP 2483				CC0_1_0		Mogi das Cruzes & Equipe Biota			2025-11-08T05:37:43.951Z		GEODETIC_DATUM_ASSUMED_WGS84;CONTINENT_DERIVED_FROM_COORDINATES;TAXON_ID_NOT_FOUND;OCCURRENCE_STATUS_INFERRED_FROM_INDIVIDUAL_COUNT;COLLECTION_MATCH_NONE;INSTITUTION_MATCH_FUZZY
4101309784	1d2570da-e150-4d75-94d8-bfc5813062bc	03F887BA135FB10F4D1DFB36FBA9576B.mc.3B393CF1135EB10C4B73FEA3FCF654B3	Animalia	Arthropoda	Diplopoda	Spirostreptida	Pseudonannolenidae	Pseudonannolene	Pseudonannolene nicolau		SPECIES	Pseudonannolene nicolau Iniesta, Bouzan & Brescovit, 2023	Pseudonannolene nicolau Iniesta, Bouzan, and Brescovit 2023	Iniesta, Bouzan, and Brescovit 2023	BR	Fazenda Sao Nicolau	Mato Grosso	PRESENT	1	a064f300-1bc8-41ea-9364-b864ef4e8938	-9.902508	-58.568104			370.0				2009-12-14	14	12	2009	12263633	12263633	MATERIAL_CITATION	ABAM		ABAM 0147				CC0_1_0		L. D. Battirola			2025-11-08T05:37:43.946Z		GEODETIC_DATUM_ASSUMED_WGS84;CONTINENT_DERIVED_FROM_COORDINATES;TAXON_ID_NOT_FOUND;OCCURRENCE_STATUS_INFERRED_FROM_INDIVIDUAL_COUNT;INSTITUTION_MATCH_NONE
4101309783	1d2570da-e150-4d75-94d8-bfc5813062bc	03F887BA1359B10D4D1CF979FCBE518D.mc.3B393CF11358B10A4BDFFC8BFDB5569A	Animalia	Arthropoda	Diplopoda	Spirostreptida	Pseudonannolenidae	Pseudonannolene	Pseudonannolene morettii		SPECIES	Pseudonannolene morettii Iniesta, Bouzan & Brescovit, 2023	Pseudonannolene morettii Iniesta, Bouzan, and Brescovit 2023	Iniesta, Bouzan, and Brescovit 2023	BR	Parque Municipal da Serra do Itapety	Sao Paulo	PRESENT	1	a064f300-1bc8-41ea-9364-b864ef4e8938	-23.493336	-46.19638			881.0				2003-10-13	13	10	2003	12190204	12190204	MATERIAL_CITATION	IBSP		IBSP 2480				CC0_1_0		Mogi das Cruzes & Equipe Biota			2025-11-08T05:37:43.943Z		GEODETIC_DATUM_ASSUMED_WGS84;CONTINENT_DERIVED_FROM_COORDINATES;TAXON_ID_NOT_FOUND;OCCURRENCE_STATUS_INFERRED_FROM_INDIVIDUAL_COUNT;COLLECTION_MATCH_NONE;INSTITUTION_MATCH_FUZZY
4101309782	1d2570da-e150-4d75-94d8-bfc5813062bc	03F887BA1309B15F4EA9FEE4FC055083.mc.3B393CF1130FB15D4C43FEE5FEA45479	Animalia	Arthropoda	Diplopoda	Spirostreptida	Pseudonannolenidae	Pseudonannolene	Pseudonannolene microzoporus		SPECIES	Pseudonannolene microzoporus Mauriès, 1987	Pseudonannolene microzoporus Mauries 1987	Mauries 1987	BR	Mocambeiro	Bahia	PRESENT	1	a064f300-1bc8-41ea-9364-b864ef4e8938	-19.535425	-44.026974							2011-04-04	4	4	2011	1026408	1026408	MATERIAL_CITATION	IBSP		IBSP 5731				CC0_1_0		F. P. Franco			2025-11-08T05:37:43.941Z		GEODETIC_DATUM_ASSUMED_WGS84;CONTINENT_DERIVED_FROM_COORDINATES;TAXON_ID_NOT_FOUND;OCCURRENCE_STATUS_INFERRED_FROM_INDIVIDUAL_COUNT;COLLECTION_MATCH_NONE;INSTITUTION_MATCH_FUZZY
4101309781	1d2570da-e150-4d75-94d8-bfc5813062bc	03F887BA1355B1094D1DFA3DFEA154EA.mc.3B393CF11354B1064BB0FD5CFD2657D0	Animalia	Arthropoda	Diplopoda	Spirostreptida	Pseudonannolenidae	Pseudonannolene	Pseudonannolene curvata		SPECIES	Pseudonannolene curvata Iniesta, Bouzan & Brescovit, 2023	Pseudonannolene curvata Iniesta, Bouzan, and Brescovit 2023	Iniesta, Bouzan, and Brescovit 2023	BR	Cerrito	Rio Grande do Sul	PRESENT	5	a064f300-1bc8-41ea-9364-b864ef4e8938	-30.87725	-55.538788			208.0				2012-12-10	10	12	2012	12235657	12235657	MATERIAL_CITATION	IBSP		IBSP 7879				CC0_1_0		Ott			2025-11-08T05:37:43.939Z		GEODETIC_DATUM_ASSUMED_WGS84;CONTINENT_DERIVED_FROM_COORDINATES;TAXON_ID_NOT_FOUND;OCCURRENCE_STATUS_INFERRED_FROM_INDIVIDUAL_COUNT;COLLECTION_MATCH_NONE;INSTITUTION_MATCH_FUZZY
4101309779	1d2570da-e150-4d75-94d8-bfc5813062bc	03F887BA1359B10D4D1CF979FCBE518D.mc.3B393CF11358B10A4E02FCA8FBAF5660	Animalia	Arthropoda	Diplopoda	Spirostreptida	Pseudonannolenidae	Pseudonannolene	Pseudonannolene morettii		SPECIES	Pseudonannolene morettii Iniesta, Bouzan & Brescovit, 2023	Pseudonannolene morettii Iniesta, Bouzan, and Brescovit 2023	Iniesta, Bouzan, and Brescovit 2023	BR	Parque Municipal da Serra do Itapety	Sao Paulo	PRESENT	1	a064f300-1bc8-41ea-9364-b864ef4e8938	-23.493336	-46.19638			881.0				2003-10-13	13	10	2003	12190204	12190204	MATERIAL_CITATION	IBSP		IBSP 2458				CC0_1_0		Mogi das Cruzes & Equipe Biota			2025-11-08T05:37:43.924Z		GEODETIC_DATUM_ASSUMED_WGS84;CONTINENT_DERIVED_FROM_COORDINATES;TAXON_ID_NOT_FOUND;OCCURRENCE_STATUS_INFERRED_FROM_INDIVIDUAL_COUNT;COLLECTION_MATCH_NONE;INSTITUTION_MATCH_FUZZY
4101309777	1d2570da-e150-4d75-94d8-bfc5813062bc	03F887BA1329B17D4D53F927FEA0562F.mc.3B393CF11328B17A4D3AFC3BFF61512A	Animalia	Arthropoda	Diplopoda	Spirostreptida	Pseudonannolenidae	Pseudonannolene	Pseudonannolene buhrnheimi		SPECIES	Pseudonannolene buhrnheimi Schubart, 1960	Pseudonannolene buhrnheimi Schubart 1960	Schubart 1960	BR	Reserva Ecologica Guapiassu	Rio de Janeiro	PRESENT	2	a064f300-1bc8-41ea-9364-b864ef4e8938	-22.452806	-42.770294			34.0				2001-10-08	8	10	2001	9535141	9535141	MATERIAL_CITATION	IBSP		IBSP 2404				CC0_1_0		Equipe Biota			2025-11-08T05:37:43.919Z		GEODETIC_DATUM_ASSUMED_WGS84;CONTINENT_DERIVED_FROM_COORDINATES;TAXON_ID_NOT_FOUND;OCCURRENCE_STATUS_INFERRED_FROM_INDIVIDUAL_COUNT;COLLECTION_MATCH_NONE;INSTITUTION_MATCH_FUZZY
4101309776	1d2570da-e150-4d75-94d8-bfc5813062bc	03F887BA132FB17F4EB3FCD4FDA5561E.mc.3B393CF1132EB17C4D09FE5BFB7954EF	Animalia	Arthropoda	Diplopoda	Spirostreptida	Pseudonannolenidae	Pseudonannolene	Pseudonannolene caatinga		SPECIES	Pseudonannolene caatinga Iniesta & Ferreira, 2014	Pseudonannolene caatinga Iniesta & Ferreira 2014	Iniesta & Ferreira 2014	BR	Estacao Ecologica Murici	Alagoas	PRESENT	1	a064f300-1bc8-41ea-9364-b864ef4e8938	-9.232525	-35.858162			408.0				2003-09-13	13	9	2003	8682135	8682135	MATERIAL_CITATION	IBSP		IBSP 2173				CC0_1_0		Equipe Biota			2025-11-08T05:37:43.917Z		GEODETIC_DATUM_ASSUMED_WGS84;CONTINENT_DERIVED_FROM_COORDINATES;TAXON_ID_NOT_FOUND;OCCURRENCE_STATUS_INFERRED_FROM_INDIVIDUAL_COUNT;COLLECTION_MATCH_NONE;INSTITUTION_MATCH_FUZZY
4101309775	1d2570da-e150-4d75-94d8-bfc5813062bc	03F887BA1311B1424D4BFEE4FBEC56ED.mc.3B393CF11311B1434EB3FAF6FBF7500A	Animalia	Arthropoda	Diplopoda	Spirostreptida	Pseudonannolenidae	Pseudonannolene	Pseudonannolene curtipes		SPECIES	Pseudonannolene curtipes Schubart, 1960	Pseudonannolene curtipes Schubart 1960	Schubart 1960	BR	Fazenda Forquilha Grande	Goias	PRESENT	1	a064f300-1bc8-41ea-9364-b864ef4e8938	-14.732396	-46.15362							1960-02		2	1960	6185993	6185993	MATERIAL_CITATION	MZSP		MZSP 1033				CC0_1_0		J. Evangelista			2025-11-08T05:37:43.916Z		GEODETIC_DATUM_ASSUMED_WGS84;CONTINENT_DERIVED_FROM_COORDINATES;TAXON_ID_NOT_FOUND;OCCURRENCE_STATUS_INFERRED_FROM_INDIVIDUAL_COUNT;COLLECTION_MATCH_NONE;INSTITUTION_MATCH_FUZZY
4101309773	1d2570da-e150-4d75-94d8-bfc5813062bc	03F887BA1309B15F4EA9FEE4FC055083.mc.3B393CF1130FB15D4CD6FB0FFEA1501F	Animalia	Arthropoda	Diplopoda	Spirostreptida	Pseudonannolenidae	Pseudonannolene	Pseudonannolene microzoporus		SPECIES	Pseudonannolene microzoporus Mauriès, 1987	Pseudonannolene microzoporus Mauries 1987	Mauries 1987	BR		Bahia	PRESENT	1	a064f300-1bc8-41ea-9364-b864ef4e8938									2011-02-08	8	2	2011	1026408	1026408	MATERIAL_CITATION	IBSP		IBSP 5656				CC0_1_0					2025-11-08T05:37:43.901Z		CONTINENT_DERIVED_FROM_COUNTRY;TAXON_ID_NOT_FOUND;OCCURRENCE_STATUS_INFERRED_FROM_INDIVIDUAL_COUNT;COLLECTION_MATCH_NONE;INSTITUTION_MATCH_FUZZY
4101309772	1d2570da-e150-4d75-94d8-bfc5813062bc	03F887BA1369B13C4D45F916FC1A53ED.mc.3B393CF1136FB13D4B16FB70FCC351E7	Animalia	Arthropoda	Diplopoda	Spirostreptida	Pseudonannolenidae	Pseudonannolene	Pseudonannolene tricolor		SPECIES	Pseudonannolene tricolor Brölemann, 1902	Pseudonannolene tricolor Brolemann 1902	Brolemann 1902	BR	Cachoeira	Sao Paulo	PRESENT	1	a064f300-1bc8-41ea-9364-b864ef4e8938									1942-11-16	16	11	1942	1026426	1026426	MATERIAL_CITATION	MZSP						CC0_1_0		O. Schubart			2025-11-08T05:37:43.899Z		CONTINENT_DERIVED_FROM_COUNTRY;TAXON_ID_NOT_FOUND;OCCURRENCE_STATUS_INFERRED_FROM_INDIVIDUAL_COUNT;COLLECTION_MATCH_NONE;INSTITUTION_MATCH_FUZZY
4101309771	1d2570da-e150-4d75-94d8-bfc5813062bc	03F887BA1371B1224D74FD91FED55297.mc.3B393CF11371B1234F86F970FCC05388	Animalia	Arthropoda	Diplopoda	Spirostreptida	Pseudonannolenidae	Pseudonannolene	Pseudonannolene parvula		SPECIES	Pseudonannolene parvula Silvestri, 1902	Pseudonannolene parvula Silvestri 1902	Silvestri 1902	BR	Parque Nacional do Iguacu	Parana	PRESENT	1	a064f300-1bc8-41ea-9364-b864ef4e8938	-25.500435	-54.58335			195.0				2002-03-03	3	3	2002	1026412	1026412	MATERIAL_CITATION	IBSP		IBSP 1482				CC0_1_0		Equipe Biota			2025-11-08T05:37:43.898Z		GEODETIC_DATUM_ASSUMED_WGS84;CONTINENT_DERIVED_FROM_COORDINATES;TAXON_ID_NOT_FOUND;OCCURRENCE_STATUS_INFERRED_FROM_INDIVIDUAL_COUNT;COLLECTION_MATCH_NONE;INSTITUTION_MATCH_FUZZY
4101309770	1d2570da-e150-4d75-94d8-bfc5813062bc	03F887BA131FB14C4EB4FB9AFCE85203.mc.3B393CF1131EB14C4FEBFEC0FD3C5457	Animalia	Arthropoda	Diplopoda	Spirostreptida	Pseudonannolenidae	Pseudonannolene	Pseudonannolene leopoldoi		SPECIES	Pseudonannolene leopoldoi Iniesta & Ferreira, 2014	Pseudonannolene leopoldoi Iniesta & Ferreira 2014	Iniesta & Ferreira 2014	BR	Montes Claros	Minas Gerais	PRESENT	1	a064f300-1bc8-41ea-9364-b864ef4e8938	-16.733519	-43.85807			53.0				2016-08-19	19	8	2016	8502029	8502029	MATERIAL_CITATION	OCM, IBSP		IBSP 7890				CC0_1_0		A. Koken			2025-11-08T05:37:43.896Z		GEODETIC_DATUM_ASSUMED_WGS84;CONTINENT_DERIVED_FROM_COORDINATES;TAXON_ID_NOT_FOUND;OCCURRENCE_STATUS_INFERRED_FROM_INDIVIDUAL_COUNT;INSTITUTION_MATCH_NONE
4101309769	1d2570da-e150-4d75-94d8-bfc5813062bc	03F887BA1369B13C4D45F916FC1A53ED.mc.3B393CF11368B13A4FEBFA4EFBE050E1	Animalia	Arthropoda	Diplopoda	Spirostreptida	Pseudonannolenidae	Pseudonannolene	Pseudonannolene tricolor		SPECIES	Pseudonannolene tricolor Brölemann, 1902	Pseudonannolene tricolor Brolemann 1902	Brolemann 1902	BR	Fazenda Santa Maria	Sao Paulo	PRESENT	1	a064f300-1bc8-41ea-9364-b864ef4e8938	-22.689959	-46.682377			779.0				1942-02-27	27	2	1942	1026426	1026426	MATERIAL_CITATION	MZSP						CC0_1_0		F. Lane	Paratype		2025-11-08T05:37:43.893Z		GEODETIC_DATUM_ASSUMED_WGS84;CONTINENT_DERIVED_FROM_COORDINATES;TAXON_ID_NOT_FOUND;OCCURRENCE_STATUS_INFERRED_FROM_INDIVIDUAL_COUNT;COLLECTION_MATCH_NONE;INSTITUTION_MATCH_FUZZY
4101309768	1d2570da-e150-4d75-94d8-bfc5813062bc	03F887BA1359B10D4D1CF979FCBE518D.mc.3B393CF11358B10A4D05FB6CFB5051A4	Animalia	Arthropoda	Diplopoda	Spirostreptida	Pseudonannolenidae	Pseudonannolene	Pseudonannolene morettii		SPECIES	Pseudonannolene morettii Iniesta, Bouzan & Brescovit, 2023	Pseudonannolene morettii Iniesta, Bouzan, and Brescovit 2023	Iniesta, Bouzan, and Brescovit 2023	BR	Parque Municipal da Serra do Itapety	Sao Paulo	PRESENT	1	a064f300-1bc8-41ea-9364-b864ef4e8938	-23.493336	-46.19638			881.0				2003-10-13	13	10	2003	12190204	12190204	MATERIAL_CITATION	IBSP		IBSP 2472				CC0_1_0		Mogi das Cruzes & Equipe Biota			2025-11-08T05:37:43.895Z		GEODETIC_DATUM_ASSUMED_WGS84;CONTINENT_DERIVED_FROM_COORDINATES;TAXON_ID_NOT_FOUND;OCCURRENCE_STATUS_INFERRED_FROM_INDIVIDUAL_COUNT;COLLECTION_MATCH_NONE;INSTITUTION_MATCH_FUZZY
4101309767	1d2570da-e150-4d75-94d8-bfc5813062bc	03F887BA1309B15F4EA9FEE4FC055083.mc.3B393CF1130FB15D4E0EF9F3FA8A5304	Animalia	Arthropoda	Diplopoda	Spirostreptida	Pseudonannolenidae	Pseudonannolene	Pseudonannolene microzoporus		SPECIES	Pseudonannolene microzoporus Mauriès, 1987	Pseudonannolene microzoporus Mauries 1987	Mauries 1987	BR		Bahia	PRESENT	1	a064f300-1bc8-41ea-9364-b864ef4e8938									2011-02-08	8	2	2011	1026408	1026408	MATERIAL_CITATION	IBSP		IBSP 5690				CC0_1_0					2025-11-08T05:37:43.891Z		CONTINENT_DERIVED_FROM_COUNTRY;TAXON_ID_NOT_FOUND;OCCURRENCE_STATUS_INFERRED_FROM_INDIVIDUAL_COUNT;COLLECTION_MATCH_NONE;INSTITUTION_MATCH_FUZZY
4101309766	1d2570da-e150-4d75-94d8-bfc5813062bc	03F887BA1373B1234D42FCF9FB915768.mc.3B393CF11373B1214DF1F91FFDE8520F	Animalia	Arthropoda	Diplopoda	Spirostreptida	Pseudonannolenidae	Pseudonannolene	Pseudonannolene ophiiulus		SPECIES	Pseudonannolene ophiiulus Schubart, 1944	Pseudonannolene ophiiulus Schubart 1944	Schubart 1944	BR	Nova Odessa	Sao Paulo	PRESENT	1	a064f300-1bc8-41ea-9364-b864ef4e8938	-22.785706	-47.294205			657.0				1951-04		4	1951	6185999	6185999	MATERIAL_CITATION	MZSP						CC0_1_0		O. Schubart			2025-11-08T05:37:43.845Z		GEODETIC_DATUM_ASSUMED_WGS84;CONTINENT_DERIVED_FROM_COORDINATES;TAXON_ID_NOT_FOUND;OCCURRENCE_STATUS_INFERRED_FROM_INDIVIDUAL_COUNT;COLLECTION_MATCH_NONE;INSTITUTION_MATCH_FUZZY
4101309765	1d2570da-e150-4d75-94d8-bfc5813062bc	03F887BA132FB17F4EB3FCD4FDA5561E.mc.3B393CF1132EB17C4EE8FBA6FC6351B9	Animalia	Arthropoda	Diplopoda	Spirostreptida	Pseudonannolenidae	Pseudonannolene	Pseudonannolene caatinga		SPECIES	Pseudonannolene caatinga Iniesta & Ferreira, 2014	Pseudonannolene caatinga Iniesta & Ferreira 2014	Iniesta & Ferreira 2014	BR	Fazenda 33	Bahia	PRESENT	3	a064f300-1bc8-41ea-9364-b864ef4e8938	-15.670741	-48.200565			1114.0				2009-12-28	28	12	2009	8682135	8682135	MATERIAL_CITATION	MNRJ		MNRJ 30146				CC0_1_0		A. Chagas Jr. & G. Segal & C. Segal			2025-11-08T05:37:43.864Z		GEODETIC_DATUM_ASSUMED_WGS84;CONTINENT_DERIVED_FROM_COORDINATES;TAXON_ID_NOT_FOUND;OCCURRENCE_STATUS_INFERRED_FROM_INDIVIDUAL_COUNT;COLLECTION_MATCH_NONE;INSTITUTION_MATCH_FUZZY
4101309764	1d2570da-e150-4d75-94d8-bfc5813062bc	03F887BA1316B1474E87FEE4FAEF50E2.mc.3B393CF11316B1444D56F989FE4C539C	Animalia	Arthropoda	Diplopoda	Spirostreptida	Pseudonannolenidae	Pseudonannolene	Pseudonannolene fontanettiae		SPECIES	Pseudonannolene fontanettiae Iniesta & Ferreira, 2014	Pseudonannolene fontanettiae Iniesta & Ferreira 2014	Iniesta & Ferreira 2014	BR	Sete Lagoas	Minas Gerais	PRESENT	3	a064f300-1bc8-41ea-9364-b864ef4e8938	-19.457188	-44.236374			775.0				2014-03-13	13	3	2014	8446495	8446495	MATERIAL_CITATION	ILCOM		IBSP 7088				CC0_1_0		Equipe Carste			2025-11-08T05:37:43.842Z		GEODETIC_DATUM_ASSUMED_WGS84;CONTINENT_DERIVED_FROM_COORDINATES;TAXON_ID_NOT_FOUND;OCCURRENCE_STATUS_INFERRED_FROM_INDIVIDUAL_COUNT;INSTITUTION_MATCH_NONE
4101309763	1d2570da-e150-4d75-94d8-bfc5813062bc	03F887BA1315B1484D45F9EEFC01571A.mc.3B393CF11314B1464B99FC9EFE3056ED	Animalia	Arthropoda	Diplopoda	Spirostreptida	Pseudonannolenidae	Pseudonannolene	Pseudonannolene halophila		SPECIES	Pseudonannolene halophila Schubart, 1949	Pseudonannolene halophila Schubart 1949	Schubart 1949	BR	Ilha da Sapata	Sao Paulo	PRESENT	18	a064f300-1bc8-41ea-9364-b864ef4e8938	-24.099558	-45.692905			50.0				1948-02-22	22	2	1948	6186012	6186012	MATERIAL_CITATION	MZSP						CC0_1_0		Arquipelago dos Alcatrazes & A. Hoge			2025-11-08T05:37:43.840Z		GEODETIC_DATUM_ASSUMED_WGS84;CONTINENT_DERIVED_FROM_COORDINATES;TAXON_ID_NOT_FOUND;OCCURRENCE_STATUS_INFERRED_FROM_INDIVIDUAL_COUNT;COLLECTION_MATCH_NONE;INSTITUTION_MATCH_FUZZY
4101309762	1d2570da-e150-4d75-94d8-bfc5813062bc	03F887BA1367B1374EBAFAB0FAD650FC.mc.3B393CF11366B1344D32FA9CFD9A5090	Animalia	Arthropoda	Diplopoda	Spirostreptida	Pseudonannolenidae	Pseudonannolene	Pseudonannolene spelaea		SPECIES	Pseudonannolene spelaea Iniesta & Ferreira, 2013	Pseudonannolene spelaea Iniesta & Ferreira 2013	Iniesta & Ferreira 2013	BR		Para	PRESENT	2	a064f300-1bc8-41ea-9364-b864ef4e8938	-6.03948	-50.16792							2008-10-07	7	10	2008	9516060	9516060	MATERIAL_CITATION	R		IBSP 7332				CC0_1_0		R. Andrade			2025-11-08T05:37:43.838Z		GEODETIC_DATUM_ASSUMED_WGS84;CONTINENT_DERIVED_FROM_COORDINATES;TAXON_ID_NOT_FOUND;OCCURRENCE_STATUS_INFERRED_FROM_INDIVIDUAL_COUNT;AMBIGUOUS_INSTITUTION
4101309761	1d2570da-e150-4d75-94d8-bfc5813062bc	03F887BA1329B17D4D53F927FEA0562F.mc.3B393CF11328B17A4FEBFC81FB945694	Animalia	Arthropoda	Diplopoda	Spirostreptida	Pseudonannolenidae	Pseudonannolene	Pseudonannolene buhrnheimi		SPECIES	Pseudonannolene buhrnheimi Schubart, 1960	Pseudonannolene buhrnheimi Schubart 1960	Schubart 1960	BR	Reserva Ecologica Guapiassu	Rio de Janeiro	PRESENT	1	a064f300-1bc8-41ea-9364-b864ef4e8938	-22.452806	-42.770294			34.0				2001-10-08	8	10	2001	9535141	9535141	MATERIAL_CITATION	IBSP		IBSP 2402				CC0_1_0		Equipe Biota			2025-11-08T05:37:43.835Z		GEODETIC_DATUM_ASSUMED_WGS84;CONTINENT_DERIVED_FROM_COORDINATES;TAXON_ID_NOT_FOUND;OCCURRENCE_STATUS_INFERRED_FROM_INDIVIDUAL_COUNT;COLLECTION_MATCH_NONE;INSTITUTION_MATCH_FUZZY
4101309759	1d2570da-e150-4d75-94d8-bfc5813062bc	03F887BA1373B1234D42FCF9FB915768.mc.3B393CF11372B1204B72FE30FD095727	Animalia	Arthropoda	Diplopoda	Spirostreptida	Pseudonannolenidae	Pseudonannolene	Pseudonannolene ophiiulus		SPECIES	Pseudonannolene ophiiulus Schubart, 1944	Pseudonannolene ophiiulus Schubart 1944	Schubart 1944	BR	Cachoeira	Sao Paulo	PRESENT	6	a064f300-1bc8-41ea-9364-b864ef4e8938									1942-02-17	17	2	1942	6185999	6185999	MATERIAL_CITATION	MZSP						CC0_1_0		J. Gaspar			2025-11-08T05:37:43.831Z		CONTINENT_DERIVED_FROM_COUNTRY;TAXON_ID_NOT_FOUND;OCCURRENCE_STATUS_INFERRED_FROM_INDIVIDUAL_COUNT;COLLECTION_MATCH_NONE;INSTITUTION_MATCH_FUZZY
4101309757	1d2570da-e150-4d75-94d8-bfc5813062bc	03F887BA1315B1484D45F9EEFC01571A.mc.3B393CF11314B1464D37FB8FFD93519F	Animalia	Arthropoda	Diplopoda	Spirostreptida	Pseudonannolenidae	Pseudonannolene	Pseudonannolene halophila		SPECIES	Pseudonannolene halophila Schubart, 1949	Pseudonannolene halophila Schubart 1949	Schubart 1949	BR	Ilha dos Alcatrazes	Sao Paulo	PRESENT	37	a064f300-1bc8-41ea-9364-b864ef4e8938	-24.099558	-45.692905			53.0				1994-09-10	10	9	1994	6186012	6186012	MATERIAL_CITATION	IBSP		IBSP 1106				CC0_1_0		A. Eterovic			2025-11-08T05:37:43.826Z		GEODETIC_DATUM_ASSUMED_WGS84;CONTINENT_DERIVED_FROM_COORDINATES;TAXON_ID_NOT_FOUND;OCCURRENCE_STATUS_INFERRED_FROM_INDIVIDUAL_COUNT;COLLECTION_MATCH_NONE;INSTITUTION_MATCH_FUZZY
4101309756	1d2570da-e150-4d75-94d8-bfc5813062bc	03F887BA132FB17F4EB3FCD4FDA5561E.mc.3B393CF1132EB17C4BE1FE10FB5E5763	Animalia	Arthropoda	Diplopoda	Spirostreptida	Pseudonannolenidae	Pseudonannolene	Pseudonannolene caatinga		SPECIES	Pseudonannolene caatinga Iniesta & Ferreira, 2014	Pseudonannolene caatinga Iniesta & Ferreira 2014	Iniesta & Ferreira 2014	BR	Parque Nacional da Serra de Itabaiana	Sergipe	PRESENT	5	a064f300-1bc8-41ea-9364-b864ef4e8938	-10.779742	-37.349373			343.0				1999-09-14	14	9	1999	8682135	8682135	MATERIAL_CITATION	IBSP		IBSP 905				CC0_1_0		A. D. Brescovit			2025-11-08T05:37:43.807Z		GEODETIC_DATUM_ASSUMED_WGS84;CONTINENT_DERIVED_FROM_COORDINATES;TAXON_ID_NOT_FOUND;OCCURRENCE_STATUS_INFERRED_FROM_INDIVIDUAL_COUNT;COLLECTION_MATCH_NONE;INSTITUTION_MATCH_FUZZY
4101309754	1d2570da-e150-4d75-94d8-bfc5813062bc	03F887BA131AB14A4D51FDA7FE6054B2.mc.3B393CF1131AB1484FEBF962FDAD53F5	Animalia	Arthropoda	Diplopoda	Spirostreptida	Pseudonannolenidae	Pseudonannolene	Pseudonannolene imbirensis		SPECIES	Pseudonannolene imbirensis Fontanetti, 1996	Pseudonannolene imbirensis Fontanetti 1996	Fontanetti 1996	BR	cave Passa Tres	Goias	PRESENT	2	a064f300-1bc8-41ea-9364-b864ef4e8938	-13.612953	-46.368477			711.0				1988-07-27	27	7	1988	11693169	11693169	MATERIAL_CITATION	MZSP						CC0_1_0					2025-11-08T05:37:43.803Z		GEODETIC_DATUM_ASSUMED_WGS84;CONTINENT_DERIVED_FROM_COORDINATES;TAXON_ID_NOT_FOUND;OCCURRENCE_STATUS_INFERRED_FROM_INDIVIDUAL_COUNT;COLLECTION_MATCH_NONE;INSTITUTION_MATCH_FUZZY
4101309751	1d2570da-e150-4d75-94d8-bfc5813062bc	03F887BA132FB17F4EB3FCD4FDA5561E.mc.3B393CF1132EB17C4C56FEA3FAED5457	Animalia	Arthropoda	Diplopoda	Spirostreptida	Pseudonannolenidae	Pseudonannolene	Pseudonannolene caatinga		SPECIES	Pseudonannolene caatinga Iniesta & Ferreira, 2014	Pseudonannolene caatinga Iniesta & Ferreira 2014	Iniesta & Ferreira 2014	BR	Estacao Ecologica Murici	Alagoas	PRESENT	1	a064f300-1bc8-41ea-9364-b864ef4e8938	-9.232525	-35.858162			408.0				2003-09-13	13	9	2003	8682135	8682135	MATERIAL_CITATION	IBSP		IBSP 2166				CC0_1_0		Equipe Biota			2025-11-08T05:37:43.777Z		GEODETIC_DATUM_ASSUMED_WGS84;CONTINENT_DERIVED_FROM_COORDINATES;TAXON_ID_NOT_FOUND;OCCURRENCE_STATUS_INFERRED_FROM_INDIVIDUAL_COUNT;COLLECTION_MATCH_NONE;INSTITUTION_MATCH_FUZZY
4101309750	1d2570da-e150-4d75-94d8-bfc5813062bc	03F887BA1361B1354D4FF9B8FAB4500B.mc.3B393CF11360B1324FBCFDC3FBCB57AE	Animalia	Arthropoda	Diplopoda	Spirostreptida	Pseudonannolenidae	Pseudonannolene	Pseudonannolene silvestris		SPECIES	Pseudonannolene silvestris Schubart, 1944	Pseudonannolene silvestris Schubart 1944	Schubart 1944	BR	Escaramuca	Sao Paulo	PRESENT	1	a064f300-1bc8-41ea-9364-b864ef4e8938	-21.930038	-47.600826			687.0				1941-03-06	6	3	1941	1026418	1026418	MATERIAL_CITATION	MZSP						CC0_1_0		O. Schubart	Holotype		2025-11-08T05:37:43.774Z		GEODETIC_DATUM_ASSUMED_WGS84;CONTINENT_DERIVED_FROM_COORDINATES;TAXON_ID_NOT_FOUND;OCCURRENCE_STATUS_INFERRED_FROM_INDIVIDUAL_COUNT;COLLECTION_MATCH_NONE;INSTITUTION_MATCH_FUZZY
4101309749	1d2570da-e150-4d75-94d8-bfc5813062bc	03F887BA1309B15F4EA9FEE4FC055083.mc.3B393CF1130FB15D4D9DFD60FE3057F4	Animalia	Arthropoda	Diplopoda	Spirostreptida	Pseudonannolenidae	Pseudonannolene	Pseudonannolene microzoporus		SPECIES	Pseudonannolene microzoporus Mauriès, 1987	Pseudonannolene microzoporus Mauries 1987	Mauries 1987	BR		Bahia	PRESENT	1	a064f300-1bc8-41ea-9364-b864ef4e8938													1026408	1026408	MATERIAL_CITATION	IBSP		IBSP 5723				CC0_1_0					2025-11-08T05:37:43.772Z		CONTINENT_DERIVED_FROM_COUNTRY;TAXON_ID_NOT_FOUND;OCCURRENCE_STATUS_INFERRED_FROM_INDIVIDUAL_COUNT;COLLECTION_MATCH_NONE;INSTITUTION_MATCH_FUZZY
4101309748	1d2570da-e150-4d75-94d8-bfc5813062bc	03F887BA1315B1484D45F9EEFC01571A.mc.3B393CF1131BB1494A15FE13FAED5703	Animalia	Arthropoda	Diplopoda	Spirostreptida	Pseudonannolenidae	Pseudonannolene	Pseudonannolene halophila		SPECIES	Pseudonannolene halophila Schubart, 1949	Pseudonannolene halophila Schubart 1949	Schubart 1949	BR	Mata da Copebras	Sao Paulo	PRESENT	1	a064f300-1bc8-41ea-9364-b864ef4e8938	-23.847248	-46.399757			11.0								6186012	6186012	MATERIAL_CITATION	IBSP		IBSP 3297				CC0_1_0		A. Nogueira			2025-11-08T05:37:43.617Z		GEODETIC_DATUM_ASSUMED_WGS84;CONTINENT_DERIVED_FROM_COORDINATES;TAXON_ID_NOT_FOUND;OCCURRENCE_STATUS_INFERRED_FROM_INDIVIDUAL_COUNT;COLLECTION_MATCH_NONE;INSTITUTION_MATCH_FUZZY
4101309747	1d2570da-e150-4d75-94d8-bfc5813062bc	03F887BA1371B1224D74FD91FED55297.mc.3B393CF11371B1234BD1F90DFDDF5223	Animalia	Arthropoda	Diplopoda	Spirostreptida	Pseudonannolenidae	Pseudonannolene	Pseudonannolene parvula		SPECIES	Pseudonannolene parvula Silvestri, 1902	Pseudonannolene parvula Silvestri 1902	Silvestri 1902	BR	Parque Nacional do Iguacu	Parana	PRESENT	1	a064f300-1bc8-41ea-9364-b864ef4e8938	-25.500435	-54.58335			195.0				2002-03-03	3	3	2002	1026412	1026412	MATERIAL_CITATION	IBSP		IBSP 1961				CC0_1_0		Equipe Biota			2025-11-08T05:37:43.615Z		GEODETIC_DATUM_ASSUMED_WGS84;CONTINENT_DERIVED_FROM_COORDINATES;TAXON_ID_NOT_FOUND;OCCURRENCE_STATUS_INFERRED_FROM_INDIVIDUAL_COUNT;COLLECTION_MATCH_NONE;INSTITUTION_MATCH_FUZZY
4101309746	1d2570da-e150-4d75-94d8-bfc5813062bc	03F887BA1359B10D4D1CF979FCBE518D.mc.3B393CF11358B10A4C3DFB2BFEA0503A	Animalia	Arthropoda	Diplopoda	Spirostreptida	Pseudonannolenidae	Pseudonannolene	Pseudonannolene morettii		SPECIES	Pseudonannolene morettii Iniesta, Bouzan & Brescovit, 2023	Pseudonannolene morettii Iniesta, Bouzan, and Brescovit 2023	Iniesta, Bouzan, and Brescovit 2023	BR	Parque Municipal da Serra do Itapety	Sao Paulo	PRESENT	2	a064f300-1bc8-41ea-9364-b864ef4e8938	-23.493336	-46.19638			881.0				2003-10-13	13	10	2003	12190204	12190204	MATERIAL_CITATION	IBSP		IBSP 2476				CC0_1_0		Mogi das Cruzes & Equipe Biota			2025-11-08T05:37:43.614Z		GEODETIC_DATUM_ASSUMED_WGS84;CONTINENT_DERIVED_FROM_COORDINATES;TAXON_ID_NOT_FOUND;OCCURRENCE_STATUS_INFERRED_FROM_INDIVIDUAL_COUNT;COLLECTION_MATCH_NONE;INSTITUTION_MATCH_FUZZY
4101309745	1d2570da-e150-4d75-94d8-bfc5813062bc	03F887BA1369B13C4D45F916FC1A53ED.mc.3B393CF1136FB13D4BDAF893FE9052DE	Animalia	Arthropoda	Diplopoda	Spirostreptida	Pseudonannolenidae	Pseudonannolene	Pseudonannolene tricolor		SPECIES	Pseudonannolene tricolor Brölemann, 1902	Pseudonannolene tricolor Brolemann 1902	Brolemann 1902	BR	Obelisque	Sao Paulo	PRESENT	2	a064f300-1bc8-41ea-9364-b864ef4e8938	-21.947598	-46.71898			830.0				1952-10-31	31	10	1952	1026426	1026426	MATERIAL_CITATION	MZSP						CC0_1_0		O. Schubart			2025-11-08T05:37:43.609Z		GEODETIC_DATUM_ASSUMED_WGS84;CONTINENT_DERIVED_FROM_COORDINATES;TAXON_ID_NOT_FOUND;OCCURRENCE_STATUS_INFERRED_FROM_INDIVIDUAL_COUNT;COLLECTION_MATCH_NONE;INSTITUTION_MATCH_FUZZY
4101309744	1d2570da-e150-4d75-94d8-bfc5813062bc	03F887BA1361B1354D4FF9B8FAB4500B.mc.3B393CF11360B1324EA8FB09FB4B503E	Animalia	Arthropoda	Diplopoda	Spirostreptida	Pseudonannolenidae	Pseudonannolene	Pseudonannolene silvestris		SPECIES	Pseudonannolene silvestris Schubart, 1944	Pseudonannolene silvestris Schubart 1944	Schubart 1944	BR	Parque Estadual Turistico do Alto Ribeira	Sao Paulo	PRESENT	1	a064f300-1bc8-41ea-9364-b864ef4e8938	-24.485867	-48.646698			570.0				2001-11-08	8	11	2001	1026418	1026418	MATERIAL_CITATION	IBSP		IBSP 2258				CC0_1_0		Equipe Biota			2025-11-08T05:37:43.607Z		GEODETIC_DATUM_ASSUMED_WGS84;CONTINENT_DERIVED_FROM_COORDINATES;TAXON_ID_NOT_FOUND;OCCURRENCE_STATUS_INFERRED_FROM_INDIVIDUAL_COUNT;COLLECTION_MATCH_NONE;INSTITUTION_MATCH_FUZZY
4101309743	1d2570da-e150-4d75-94d8-bfc5813062bc	03F887BA1309B15F4EA9FEE4FC055083.mc.3B393CF1130FB15D4C25FD3FFEA7562F	Animalia	Arthropoda	Diplopoda	Spirostreptida	Pseudonannolenidae	Pseudonannolene	Pseudonannolene microzoporus		SPECIES	Pseudonannolene microzoporus Mauriès, 1987	Pseudonannolene microzoporus Mauries 1987	Mauries 1987	BR		Bahia	PRESENT	2	a064f300-1bc8-41ea-9364-b864ef4e8938													1026408	1026408	MATERIAL_CITATION	IBSP		IBSP 5699				CC0_1_0					2025-11-08T05:37:43.605Z		CONTINENT_DERIVED_FROM_COUNTRY;TAXON_ID_NOT_FOUND;OCCURRENCE_STATUS_INFERRED_FROM_INDIVIDUAL_COUNT;COLLECTION_MATCH_NONE;INSTITUTION_MATCH_FUZZY
4101309742	1d2570da-e150-4d75-94d8-bfc5813062bc	03F887BA1369B13C4D45F916FC1A53ED.mc.3B393CF11368B13D4B54F820FE5E541D	Animalia	Arthropoda	Diplopoda	Spirostreptida	Pseudonannolenidae	Pseudonannolene	Pseudonannolene tricolor		SPECIES	Pseudonannolene tricolor Brölemann, 1902	Pseudonannolene tricolor Brolemann 1902	Brolemann 1902	BR	Franco da Rocha	Sao Paulo	PRESENT	1	a064f300-1bc8-41ea-9364-b864ef4e8938	-23.323671	-46.729424			785.0				2002-01-30	30	1	2002	1026426	1026426	MATERIAL_CITATION	IBSP		IBSP 7884				CC0_1_0		A. Cazdorroa			2025-11-08T05:37:43.588Z		GEODETIC_DATUM_ASSUMED_WGS84;CONTINENT_DERIVED_FROM_COORDINATES;TAXON_ID_NOT_FOUND;OCCURRENCE_STATUS_INFERRED_FROM_INDIVIDUAL_COUNT;COLLECTION_MATCH_NONE;INSTITUTION_MATCH_FUZZY
4101309740	1d2570da-e150-4d75-94d8-bfc5813062bc	03F887BA1326B1764E87FE37FBE05726.mc.3B393CF11325B1774FEBFE14FAEA572C	Animalia	Arthropoda	Diplopoda	Spirostreptida	Pseudonannolenidae	Pseudonannolene	Pseudonannolene ambuatinga		SPECIES	Pseudonannolene ambuatinga Iniesta & Ferreira, 2013	Pseudonannolene ambuatinga Iniesta & Ferreira 2013	Iniesta & Ferreira 2013	BR	Minas Gerais	Minas Gerais	PRESENT	1	a064f300-1bc8-41ea-9364-b864ef4e8938	-20.28908	-45.540085			766.0								8453016	8453016	MATERIAL_CITATION							CC0_1_0					2025-11-08T05:37:43.560Z		GEODETIC_DATUM_ASSUMED_WGS84;CONTINENT_DERIVED_FROM_COORDINATES;TAXON_ID_NOT_FOUND;OCCURRENCE_STATUS_INFERRED_FROM_INDIVIDUAL_COUNT
4101309739	1d2570da-e150-4d75-94d8-bfc5813062bc	03F887BA135FB10F4D1DFB36FBA9576B.mc.3B393CF1135EB10C4A7AFE30FAED5727	Animalia	Arthropoda	Diplopoda	Spirostreptida	Pseudonannolenidae	Pseudonannolene	Pseudonannolene nicolau		SPECIES	Pseudonannolene nicolau Iniesta, Bouzan & Brescovit, 2023	Pseudonannolene nicolau Iniesta, Bouzan, and Brescovit 2023	Iniesta, Bouzan, and Brescovit 2023	BR	Fazenda Sao Nicolau	Mato Grosso	PRESENT	6	a064f300-1bc8-41ea-9364-b864ef4e8938	-9.902508	-58.568104			370.0				2016-11-03	3	11	2016	12263633	12263633	MATERIAL_CITATION	R		ABAM 0173				CC0_1_0		R. E. Vicente			2025-11-08T05:37:43.558Z		GEODETIC_DATUM_ASSUMED_WGS84;CONTINENT_DERIVED_FROM_COORDINATES;TAXON_ID_NOT_FOUND;OCCURRENCE_STATUS_INFERRED_FROM_INDIVIDUAL_COUNT;AMBIGUOUS_INSTITUTION
4101309738	1d2570da-e150-4d75-94d8-bfc5813062bc	03F887BA132FB17F4EB3FCD4FDA5561E.mc.3B393CF1132EB17C4E04FC53FB5356E4	Animalia	Arthropoda	Diplopoda	Spirostreptida	Pseudonannolenidae	Pseudonannolene	Pseudonannolene caatinga		SPECIES	Pseudonannolene caatinga Iniesta & Ferreira, 2014	Pseudonannolene caatinga Iniesta & Ferreira 2014	Iniesta & Ferreira 2014	BR	Caetite	Bahia	PRESENT	1	a064f300-1bc8-41ea-9364-b864ef4e8938	-14.066228	-42.486908							2008-12-08	8	12	2008	8682135	8682135	MATERIAL_CITATION	IBSP		IBSP 5796				CC0_1_0		Andrade			2025-11-08T05:37:43.525Z		GEODETIC_DATUM_ASSUMED_WGS84;CONTINENT_DERIVED_FROM_COORDINATES;TAXON_ID_NOT_FOUND;OCCURRENCE_STATUS_INFERRED_FROM_INDIVIDUAL_COUNT;COLLECTION_MATCH_NONE;INSTITUTION_MATCH_FUZZY
4101309736	1d2570da-e150-4d75-94d8-bfc5813062bc	03F887BA1315B1484D45F9EEFC01571A.mc.3B393CF11314B1464FBCFD48FED25619	Animalia	Arthropoda	Diplopoda	Spirostreptida	Pseudonannolenidae	Pseudonannolene	Pseudonannolene halophila		SPECIES	Pseudonannolene halophila Schubart, 1949	Pseudonannolene halophila Schubart 1949	Schubart 1949	BR	Ilha do Farol	Sao Paulo	PRESENT	1	a064f300-1bc8-41ea-9364-b864ef4e8938	-24.099558	-45.692905			53.0				1948-02-19	19	2	1948	6186012	6186012	MATERIAL_CITATION	MZSP						CC0_1_0		Arquipelago dos Alcatrazes & A. Hoge	Holotype		2025-11-08T05:37:43.523Z		GEODETIC_DATUM_ASSUMED_WGS84;CONTINENT_DERIVED_FROM_COORDINATES;TAXON_ID_NOT_FOUND;OCCURRENCE_STATUS_INFERRED_FROM_INDIVIDUAL_COUNT;COLLECTION_MATCH_NONE;INSTITUTION_MATCH_FUZZY
4101309735	1d2570da-e150-4d75-94d8-bfc5813062bc	03F887BA1320B1744D45FAD1FB2E548B.mc.3B393CF11327B1754FBCFDE4FCB95758	Animalia	Arthropoda	Diplopoda	Spirostreptida	Pseudonannolenidae	Pseudonannolene	Pseudonannolene alegrensis		SPECIES	Pseudonannolene alegrensis Silvestri, 1897	Pseudonannolene alegrensis Silvestri 1897	Silvestri 1897	BR	Lomba do Pinheiro	Rio Grande do Sul	PRESENT	1	a064f300-1bc8-41ea-9364-b864ef4e8938	-30.11695	-51.101997			124.0				2010-07-17	17	7	2010	6186000	6186000	MATERIAL_CITATION	MCN		MCN 626				CC0_1_0		M. Poiret	Neotype		2025-11-08T05:37:43.498Z		GEODETIC_DATUM_ASSUMED_WGS84;CONTINENT_DERIVED_FROM_COORDINATES;TAXON_ID_NOT_FOUND;OCCURRENCE_STATUS_INFERRED_FROM_INDIVIDUAL_COUNT;COLLECTION_MATCH_NONE;INSTITUTION_MATCH_FUZZY
4101309733	1d2570da-e150-4d75-94d8-bfc5813062bc	03F887BA1311B1424D4BFEE4FBEC56ED.mc.3B393CF11311B1434B52FB1BFE57500A	Animalia	Arthropoda	Diplopoda	Spirostreptida	Pseudonannolenidae	Pseudonannolene	Pseudonannolene curtipes		SPECIES	Pseudonannolene curtipes Schubart, 1960	Pseudonannolene curtipes Schubart 1960	Schubart 1960	BR	Fazenda Forquilha Grande	Goias	PRESENT	1	a064f300-1bc8-41ea-9364-b864ef4e8938	-14.732396	-46.15362							1960-02		2	1960	6185993	6185993	MATERIAL_CITATION	MZSP		MZSP 1032				CC0_1_0		J. Evangelista			2025-11-08T05:37:43.417Z		GEODETIC_DATUM_ASSUMED_WGS84;CONTINENT_DERIVED_FROM_COORDINATES;TAXON_ID_NOT_FOUND;OCCURRENCE_STATUS_INFERRED_FROM_INDIVIDUAL_COUNT;COLLECTION_MATCH_NONE;INSTITUTION_MATCH_FUZZY
4101309732	1d2570da-e150-4d75-94d8-bfc5813062bc	03F887BA1309B15F4EA9FEE4FC055083.mc.3B393CF1130FB15D4E0EFBDFFC7A5173	Animalia	Arthropoda	Diplopoda	Spirostreptida	Pseudonannolenidae	Pseudonannolene	Pseudonannolene microzoporus		SPECIES	Pseudonannolene microzoporus Mauriès, 1987	Pseudonannolene microzoporus Mauries 1987	Mauries 1987	BR		Bahia	PRESENT	1	a064f300-1bc8-41ea-9364-b864ef4e8938									2011-02-08	8	2	2011	1026408	1026408	MATERIAL_CITATION	IBSP		IBSP 5683				CC0_1_0					2025-11-08T05:37:43.413Z		CONTINENT_DERIVED_FROM_COUNTRY;TAXON_ID_NOT_FOUND;OCCURRENCE_STATUS_INFERRED_FROM_INDIVIDUAL_COUNT;COLLECTION_MATCH_NONE;INSTITUTION_MATCH_FUZZY
4101309731	1d2570da-e150-4d75-94d8-bfc5813062bc	03F887BA1316B1474E87FEE4FAEF50E2.mc.3B393CF11316B1444E59FA34FBAD50CC	Animalia	Arthropoda	Diplopoda	Spirostreptida	Pseudonannolenidae	Pseudonannolene	Pseudonannolene fontanettiae		SPECIES	Pseudonannolene fontanettiae Iniesta & Ferreira, 2014	Pseudonannolene fontanettiae Iniesta & Ferreira 2014	Iniesta & Ferreira 2014	BR	Sete Lagoas	Minas Gerais	PRESENT	2	a064f300-1bc8-41ea-9364-b864ef4e8938	-19.457188	-44.236374			775.0				2014-05-02	2	5	2014	8446495	8446495	MATERIAL_CITATION	IBSP		IBSP 7087				CC0_1_0		Equipe Carste			2025-11-08T05:37:43.415Z		GEODETIC_DATUM_ASSUMED_WGS84;CONTINENT_DERIVED_FROM_COORDINATES;TAXON_ID_NOT_FOUND;OCCURRENCE_STATUS_INFERRED_FROM_INDIVIDUAL_COUNT;COLLECTION_MATCH_NONE;INSTITUTION_MATCH_FUZZY
4101309730	1d2570da-e150-4d75-94d8-bfc5813062bc	03F887BA1318B14D4EB1FE5FFB395171.mc.3B393CF11318B14A4E03FB4DFC495185	Animalia	Arthropoda	Diplopoda	Spirostreptida	Pseudonannolenidae	Pseudonannolene	Pseudonannolene inops		SPECIES	Pseudonannolene inops Brölemann, 1929	Pseudonannolene inops (Brolemann 1929) Brolemann 1929	(Brolemann 1929) Brolemann 1929	BR	Fepagro	Rio Grande do Sul	PRESENT	1	a064f300-1bc8-41ea-9364-b864ef4e8938					22.0				2002-01		1	2002	12190076	12190076	MATERIAL_CITATION	IBSP		IBSP 2544				CC0_1_0		Equipe Biota			2025-11-08T05:37:43.412Z		CONTINENT_DERIVED_FROM_COUNTRY;TAXON_ID_NOT_FOUND;OCCURRENCE_STATUS_INFERRED_FROM_INDIVIDUAL_COUNT;COLLECTION_MATCH_NONE;INSTITUTION_MATCH_FUZZY
4101309726	1d2570da-e150-4d75-94d8-bfc5813062bc	03F887BA1309B15F4EA9FEE4FC055083.mc.3B393CF1130EB15C4D5AFD43FF6257D3	Animalia	Arthropoda	Diplopoda	Spirostreptida	Pseudonannolenidae	Pseudonannolene	Pseudonannolene microzoporus		SPECIES	Pseudonannolene microzoporus Mauriès, 1987	Pseudonannolene microzoporus Mauries 1987	Mauries 1987	BR		Bahia	PRESENT	1	a064f300-1bc8-41ea-9364-b864ef4e8938									2011-03-01	1	3	2011	1026408	1026408	MATERIAL_CITATION	IBSP		IBSP 5636				CC0_1_0					2025-11-08T05:37:43.385Z		CONTINENT_DERIVED_FROM_COUNTRY;TAXON_ID_NOT_FOUND;OCCURRENCE_STATUS_INFERRED_FROM_INDIVIDUAL_COUNT;COLLECTION_MATCH_NONE;INSTITUTION_MATCH_FUZZY
4101309725	1d2570da-e150-4d75-94d8-bfc5813062bc	03F887BA1371B1224D74FD91FED55297.mc.3B393CF11370B1224C95FEA2FE7654B4	Animalia	Arthropoda	Diplopoda	Spirostreptida	Pseudonannolenidae	Pseudonannolene	Pseudonannolene parvula		SPECIES	Pseudonannolene parvula Silvestri, 1902	Pseudonannolene parvula Silvestri 1902	Silvestri 1902	BR	Parque Nacional do Iguacu	Parana	PRESENT	3	a064f300-1bc8-41ea-9364-b864ef4e8938	-25.500435	-54.58335			195.0				2016-07-28	28	7	2016	1026412	1026412	MATERIAL_CITATION	IBSP		IBSP 7628				CC0_1_0		Calvanese			2025-11-08T05:37:43.383Z		GEODETIC_DATUM_ASSUMED_WGS84;CONTINENT_DERIVED_FROM_COORDINATES;TAXON_ID_NOT_FOUND;OCCURRENCE_STATUS_INFERRED_FROM_INDIVIDUAL_COUNT;COLLECTION_MATCH_NONE;INSTITUTION_MATCH_FUZZY
4101309724	1d2570da-e150-4d75-94d8-bfc5813062bc	03F887BA1361B1354D4FF9B8FAB4500B.mc.3B393CF11360B1324CE4FB2EFE7D51C1	Animalia	Arthropoda	Diplopoda	Spirostreptida	Pseudonannolenidae	Pseudonannolene	Pseudonannolene silvestris		SPECIES	Pseudonannolene silvestris Schubart, 1944	Pseudonannolene silvestris Schubart 1944	Schubart 1944	BR	Parque Estadual Turistico do Alto Ribeira	Sao Paulo	PRESENT	1	a064f300-1bc8-41ea-9364-b864ef4e8938	-24.485867	-48.646698			570.0				2001-11-08	8	11	2001	1026418	1026418	MATERIAL_CITATION	IBSP		IBSP 2244				CC0_1_0		Equipe Biota			2025-11-08T05:37:43.381Z		GEODETIC_DATUM_ASSUMED_WGS84;CONTINENT_DERIVED_FROM_COORDINATES;TAXON_ID_NOT_FOUND;OCCURRENCE_STATUS_INFERRED_FROM_INDIVIDUAL_COUNT;COLLECTION_MATCH_NONE;INSTITUTION_MATCH_FUZZY
4101309722	1d2570da-e150-4d75-94d8-bfc5813062bc	03F887BA1359B10D4D1CF979FCBE518D.mc.3B393CF11358B10A4A1CFB48FCCC51DF	Animalia	Arthropoda	Diplopoda	Spirostreptida	Pseudonannolenidae	Pseudonannolene	Pseudonannolene morettii		SPECIES	Pseudonannolene morettii Iniesta, Bouzan & Brescovit, 2023	Pseudonannolene morettii Iniesta, Bouzan, and Brescovit 2023	Iniesta, Bouzan, and Brescovit 2023	BR	Parque Municipal da Serra do Itapety	Sao Paulo	PRESENT	1	a064f300-1bc8-41ea-9364-b864ef4e8938	-23.493336	-46.19638			881.0				2003-10-13	13	10	2003	12190204	12190204	MATERIAL_CITATION	IBSP		IBSP 2479				CC0_1_0		Mogi das Cruzes & Equipe Biota			2025-11-08T05:37:43.377Z		GEODETIC_DATUM_ASSUMED_WGS84;CONTINENT_DERIVED_FROM_COORDINATES;TAXON_ID_NOT_FOUND;OCCURRENCE_STATUS_INFERRED_FROM_INDIVIDUAL_COUNT;COLLECTION_MATCH_NONE;INSTITUTION_MATCH_FUZZY
4101309721	1d2570da-e150-4d75-94d8-bfc5813062bc	03F887BA1309B15F4EA9FEE4FC055083.mc.3B393CF1130FB15D4A7DF9F3FBB55363	Animalia	Arthropoda	Diplopoda	Spirostreptida	Pseudonannolenidae	Pseudonannolene	Pseudonannolene microzoporus		SPECIES	Pseudonannolene microzoporus Mauriès, 1987	Pseudonannolene microzoporus Mauries 1987	Mauries 1987	BR		Bahia	PRESENT	2	a064f300-1bc8-41ea-9364-b864ef4e8938									2011-02-08	8	2	2011	1026408	1026408	MATERIAL_CITATION	IBSP		IBSP 5665				CC0_1_0					2025-11-08T05:37:43.376Z		CONTINENT_DERIVED_FROM_COUNTRY;TAXON_ID_NOT_FOUND;OCCURRENCE_STATUS_INFERRED_FROM_INDIVIDUAL_COUNT;COLLECTION_MATCH_NONE;INSTITUTION_MATCH_FUZZY
4101309720	1d2570da-e150-4d75-94d8-bfc5813062bc	03F887BA1369B13C4D45F916FC1A53ED.mc.3B393CF1136FB13D4EAEFA7FFABF5093	Animalia	Arthropoda	Diplopoda	Spirostreptida	Pseudonannolenidae	Pseudonannolene	Pseudonannolene tricolor		SPECIES	Pseudonannolene tricolor Brölemann, 1902	Pseudonannolene tricolor Brolemann 1902	Brolemann 1902	BR	Jaguari-Mirim River	Sao Paulo	PRESENT	1	a064f300-1bc8-41ea-9364-b864ef4e8938									1945-03-16	16	3	1945	1026426	1026426	MATERIAL_CITATION	MZSP						CC0_1_0		N. dos Santos			2025-11-08T05:37:43.372Z		CONTINENT_DERIVED_FROM_COUNTRY;TAXON_ID_NOT_FOUND;OCCURRENCE_STATUS_INFERRED_FROM_INDIVIDUAL_COUNT;COLLECTION_MATCH_NONE;INSTITUTION_MATCH_FUZZY
4101309719	1d2570da-e150-4d75-94d8-bfc5813062bc	03F887BA1362B1334D5AFD7FFEE75313.mc.3B393CF11362B1304DA2F9B8FE5F53AF	Animalia	Arthropoda	Diplopoda	Spirostreptida	Pseudonannolenidae	Pseudonannolene	Pseudonannolene segmentata		SPECIES	Pseudonannolene segmentata Silvestri, 1895	Pseudonannolene segmentata Silvestri 1895	Silvestri 1895	BR	Bonito	Mato Grosso do Sul	PRESENT	4	a064f300-1bc8-41ea-9364-b864ef4e8938	-21.128975	-56.48172			294.0				2002-10-14	14	10	2002	1026417	1026417	MATERIAL_CITATION	IBSP		IBSP 2609				CC0_1_0		Equipe Biota			2025-11-08T05:37:43.370Z		GEODETIC_DATUM_ASSUMED_WGS84;CONTINENT_DERIVED_FROM_COORDINATES;TAXON_ID_NOT_FOUND;OCCURRENCE_STATUS_INFERRED_FROM_INDIVIDUAL_COUNT;COLLECTION_MATCH_NONE;INSTITUTION_MATCH_FUZZY
4101309718	1d2570da-e150-4d75-94d8-bfc5813062bc	03F887BA1356B1074D60FEE4FB225095.mc.3B393CF11356B1044D76FA53FB2350E7	Animalia	Arthropoda	Diplopoda	Spirostreptida	Pseudonannolenidae	Pseudonannolene	Pseudonannolene bucculenta		SPECIES	Pseudonannolene bucculenta Iniesta, Bouzan & Brescovit, 2023	Pseudonannolene bucculenta Iniesta, Bouzan, and Brescovit 2023	Iniesta, Bouzan, and Brescovit 2023	BR	Samuel de Paula	Minas Gerais	PRESENT	2	a064f300-1bc8-41ea-9364-b864ef4e8938	-20.001055	-43.871086			975.0				2006-10		10	2006	12224748	12224748	MATERIAL_CITATION	IBSP		IBSP 3406				CC0_1_0		de Paula & J. P. P. Pena-Barbosa			2025-11-08T05:37:43.367Z		GEODETIC_DATUM_ASSUMED_WGS84;CONTINENT_DERIVED_FROM_COORDINATES;TAXON_ID_NOT_FOUND;OCCURRENCE_STATUS_INFERRED_FROM_INDIVIDUAL_COUNT;COLLECTION_MATCH_NONE;INSTITUTION_MATCH_FUZZY
4101309717	1d2570da-e150-4d75-94d8-bfc5813062bc	03F887BA1369B13C4D45F916FC1A53ED.mc.3B393CF1136FB13D4A56F98AFC51539D	Animalia	Arthropoda	Diplopoda	Spirostreptida	Pseudonannolenidae	Pseudonannolene	Pseudonannolene tricolor		SPECIES	Pseudonannolene tricolor Brölemann, 1902	Pseudonannolene tricolor Brolemann 1902	Brolemann 1902	BR		Sao Paulo	PRESENT	1	a064f300-1bc8-41ea-9364-b864ef4e8938									1942-11-22	22	11	1942	1026426	1026426	MATERIAL_CITATION	MZSP						CC0_1_0		H. Rosa			2025-11-08T05:37:43.366Z		CONTINENT_DERIVED_FROM_COUNTRY;TAXON_ID_NOT_FOUND;OCCURRENCE_STATUS_INFERRED_FROM_INDIVIDUAL_COUNT;COLLECTION_MATCH_NONE;INSTITUTION_MATCH_FUZZY
4101309716	1d2570da-e150-4d75-94d8-bfc5813062bc	03F887BA1315B1484D45F9EEFC01571A.mc.3B393CF11314B1464E03F861FF6D52F5	Animalia	Arthropoda	Diplopoda	Spirostreptida	Pseudonannolenidae	Pseudonannolene	Pseudonannolene halophila		SPECIES	Pseudonannolene halophila Schubart, 1949	Pseudonannolene halophila Schubart 1949	Schubart 1949	BR	Ilha da Queimada Grande	Sao Paulo	PRESENT	1	a064f300-1bc8-41ea-9364-b864ef4e8938	-24.487923	-46.674156			53.0				1993-04		4	1993	6186012	6186012	MATERIAL_CITATION	IBSP		IBSP 1151				CC0_1_0		Chammas & A. Eterovic			2025-11-08T05:37:43.363Z		GEODETIC_DATUM_ASSUMED_WGS84;CONTINENT_DERIVED_FROM_COORDINATES;TAXON_ID_NOT_FOUND;OCCURRENCE_STATUS_INFERRED_FROM_INDIVIDUAL_COUNT;COLLECTION_MATCH_NONE;INSTITUTION_MATCH_FUZZY
4101309714	1d2570da-e150-4d75-94d8-bfc5813062bc	03F887BA132FB17F4EB3FCD4FDA5561E.mc.3B393CF1132FB17C4B01F82EFEDC5479	Animalia	Arthropoda	Diplopoda	Spirostreptida	Pseudonannolenidae	Pseudonannolene	Pseudonannolene caatinga		SPECIES	Pseudonannolene caatinga Iniesta & Ferreira, 2014	Pseudonannolene caatinga Iniesta & Ferreira 2014	Iniesta & Ferreira 2014	BR	Rodovia CE 090, Floresta IBAMA	Ceara	PRESENT	1	a064f300-1bc8-41ea-9364-b864ef4e8938	-3.657215	-38.689266			16.0				1999-03-18	18	3	1999	8682135	8682135	MATERIAL_CITATION	MNRJ						CC0_1_0		A. B. Kury & A. Giupponi			2025-11-08T05:37:43.343Z		GEODETIC_DATUM_ASSUMED_WGS84;CONTINENT_DERIVED_FROM_COORDINATES;TAXON_ID_NOT_FOUND;OCCURRENCE_STATUS_INFERRED_FROM_INDIVIDUAL_COUNT;COLLECTION_MATCH_NONE;INSTITUTION_MATCH_FUZZY
4101309713	1d2570da-e150-4d75-94d8-bfc5813062bc	03F887BA1316B1474E87FEE4FAEF50E2.mc.3B393CF11316B1444C63FA59FF6250CC	Animalia	Arthropoda	Diplopoda	Spirostreptida	Pseudonannolenidae	Pseudonannolene	Pseudonannolene fontanettiae		SPECIES	Pseudonannolene fontanettiae Iniesta & Ferreira, 2014	Pseudonannolene fontanettiae Iniesta & Ferreira 2014	Iniesta & Ferreira 2014	BR	Sete Lagoas	Minas Gerais	PRESENT	1	a064f300-1bc8-41ea-9364-b864ef4e8938	-19.457188	-44.236374			775.0				2014-03-13	13	3	2014	8446495	8446495	MATERIAL_CITATION	IBSP		IBSP 7091				CC0_1_0		Equipe Carste			2025-11-08T05:37:43.341Z		GEODETIC_DATUM_ASSUMED_WGS84;CONTINENT_DERIVED_FROM_COORDINATES;TAXON_ID_NOT_FOUND;OCCURRENCE_STATUS_INFERRED_FROM_INDIVIDUAL_COUNT;COLLECTION_MATCH_NONE;INSTITUTION_MATCH_FUZZY
4101309712	1d2570da-e150-4d75-94d8-bfc5813062bc	03F887BA1369B13C4D45F916FC1A53ED.mc.3B393CF1136FB13D4E08FE9FFE93548E	Animalia	Arthropoda	Diplopoda	Spirostreptida	Pseudonannolenidae	Pseudonannolene	Pseudonannolene tricolor		SPECIES	Pseudonannolene tricolor Brölemann, 1902	Pseudonannolene tricolor Brolemann 1902	Brolemann 1902	BR	Analandia	Sao Paulo	PRESENT	2	a064f300-1bc8-41ea-9364-b864ef4e8938	-22.129316	-47.66285			663.0				1944-03-07	7	3	1944	1026426	1026426	MATERIAL_CITATION	MZSP						CC0_1_0		O. Schubart			2025-11-08T05:37:43.337Z		GEODETIC_DATUM_ASSUMED_WGS84;CONTINENT_DERIVED_FROM_COORDINATES;TAXON_ID_NOT_FOUND;OCCURRENCE_STATUS_INFERRED_FROM_INDIVIDUAL_COUNT;COLLECTION_MATCH_NONE;INSTITUTION_MATCH_FUZZY
4101309711	1d2570da-e150-4d75-94d8-bfc5813062bc	03F887BA1326B1764E87FE37FBE05726.mc.3B393CF11326B1744FEBF901FD145214	Animalia	Arthropoda	Diplopoda	Spirostreptida	Pseudonannolenidae	Pseudonannolene	Pseudonannolene ambuatinga		SPECIES	Pseudonannolene ambuatinga Iniesta & Ferreira, 2013	Pseudonannolene ambuatinga Iniesta & Ferreira 2013	Iniesta & Ferreira 2013	BR	cave Eden	Minas Gerais	PRESENT	1	a064f300-1bc8-41ea-9364-b864ef4e8938	-20.384577	-45.666798							2012-03-15	15	3	2012	8453016	8453016	MATERIAL_CITATION	ISLA						CC0_1_0		R. Zampaulo	Holotype		2025-11-08T05:37:43.339Z		GEODETIC_DATUM_ASSUMED_WGS84;CONTINENT_DERIVED_FROM_COORDINATES;TAXON_ID_NOT_FOUND;OCCURRENCE_STATUS_INFERRED_FROM_INDIVIDUAL_COUNT;INSTITUTION_MATCH_NONE
4101309710	1d2570da-e150-4d75-94d8-bfc5813062bc	03F887BA137CB1304EACFD5CFB445752.mc.3B393CF11363B1314D74FE9FFAED54B3	Animalia	Arthropoda	Diplopoda	Spirostreptida	Pseudonannolenidae	Pseudonannolene	Pseudonannolene sebastianus		SPECIES	Pseudonannolene sebastianus Brölemann, 1902	Pseudonannolene sebastianus Brolemann 1902	Brolemann 1902	BR	Ilha Anchieta	Sao Paulo	PRESENT	5	a064f300-1bc8-41ea-9364-b864ef4e8938	-23.550426	-45.066635			162.0				2001-07-23	23	7	2001	6186003	6186003	MATERIAL_CITATION	IBSP		IBSP 1404				CC0_1_0		Equipe Biota			2025-11-08T05:37:43.335Z		GEODETIC_DATUM_ASSUMED_WGS84;CONTINENT_DERIVED_FROM_COORDINATES;TAXON_ID_NOT_FOUND;OCCURRENCE_STATUS_INFERRED_FROM_INDIVIDUAL_COUNT;COLLECTION_MATCH_NONE;INSTITUTION_MATCH_FUZZY
4101309709	1d2570da-e150-4d75-94d8-bfc5813062bc	03F887BA1329B17D4D53F927FEA0562F.mc.3B393CF11328B17A4FBCFDB1FAB75780	Animalia	Arthropoda	Diplopoda	Spirostreptida	Pseudonannolenidae	Pseudonannolene	Pseudonannolene buhrnheimi		SPECIES	Pseudonannolene buhrnheimi Schubart, 1960	Pseudonannolene buhrnheimi Schubart 1960	Schubart 1960	BR	Santa Teresa	Rio de Janeiro	PRESENT	1	a064f300-1bc8-41ea-9364-b864ef4e8938	-22.94226	-43.21221							1960-10-16	16	10	1960	9535141	9535141	MATERIAL_CITATION	MZSP						CC0_1_0		O. Schubart & J. Schubart & P. Buhrnheim	Holotype		2025-11-08T05:37:43.312Z		GEODETIC_DATUM_ASSUMED_WGS84;CONTINENT_DERIVED_FROM_COORDINATES;TAXON_ID_NOT_FOUND;OCCURRENCE_STATUS_INFERRED_FROM_INDIVIDUAL_COUNT;COLLECTION_MATCH_NONE;INSTITUTION_MATCH_FUZZY
4101309708	1d2570da-e150-4d75-94d8-bfc5813062bc	03F887BA1359B10D4D1CF979FCBE518D.mc.3B393CF11358B10A4FBCFDBEFC4057B1	Animalia	Arthropoda	Diplopoda	Spirostreptida	Pseudonannolenidae	Pseudonannolene	Pseudonannolene morettii		SPECIES	Pseudonannolene morettii Iniesta, Bouzan & Brescovit, 2023	Pseudonannolene morettii Iniesta, Bouzan, and Brescovit 2023	Iniesta, Bouzan, and Brescovit 2023	BR	BRAZIL	Sao Paulo	PRESENT	5	a064f300-1bc8-41ea-9364-b864ef4e8938	-23.493336	-46.19638			881.0				2003-10-13	13	10	2003	12190204	12190204	MATERIAL_CITATION	IBSP		IBSP 2484				CC0_1_0		Mogi das Cruzes & Equipe Biota	Paratype		2025-11-08T05:37:43.311Z		GEODETIC_DATUM_ASSUMED_WGS84;CONTINENT_DERIVED_FROM_COORDINATES;TAXON_ID_NOT_FOUND;OCCURRENCE_STATUS_INFERRED_FROM_INDIVIDUAL_COUNT;COLLECTION_MATCH_NONE;INSTITUTION_MATCH_FUZZY
4101309707	1d2570da-e150-4d75-94d8-bfc5813062bc	03F887BA1315B1484D45F9EEFC01571A.mc.3B393CF11314B1464E47F931FB7C53C9	Animalia	Arthropoda	Diplopoda	Spirostreptida	Pseudonannolenidae	Pseudonannolene	Pseudonannolene halophila		SPECIES	Pseudonannolene halophila Schubart, 1949	Pseudonannolene halophila Schubart 1949	Schubart 1949	BR	Estacao Ambiental Sao Camilo	Sao Paulo	PRESENT	1	a064f300-1bc8-41ea-9364-b864ef4e8938									2010-03-13	13	3	2010	6186012	6186012	MATERIAL_CITATION	IBSP						CC0_1_0		J. A. Nascimento			2025-11-08T05:37:43.309Z		CONTINENT_DERIVED_FROM_COUNTRY;TAXON_ID_NOT_FOUND;OCCURRENCE_STATUS_INFERRED_FROM_INDIVIDUAL_COUNT;COLLECTION_MATCH_NONE;INSTITUTION_MATCH_FUZZY
4101309706	1d2570da-e150-4d75-94d8-bfc5813062bc	03F887BA135FB10F4D1DFB36FBA9576B.mc.3B393CF1135EB10C4F87FE55FAF954ED	Animalia	Arthropoda	Diplopoda	Spirostreptida	Pseudonannolenidae	Pseudonannolene	Pseudonannolene nicolau		SPECIES	Pseudonannolene nicolau Iniesta, Bouzan & Brescovit, 2023	Pseudonannolene nicolau Iniesta, Bouzan, and Brescovit 2023	Iniesta, Bouzan, and Brescovit 2023	BR	Fazenda Sao Nicolau	Mato Grosso	PRESENT	6	a064f300-1bc8-41ea-9364-b864ef4e8938	-9.902508	-58.568104			370.0				2010-11-12	12	11	2010	12263633	12263633	MATERIAL_CITATION	R		ABAM 0160				CC0_1_0		R. E. Vicente			2025-11-08T05:37:43.307Z		GEODETIC_DATUM_ASSUMED_WGS84;CONTINENT_DERIVED_FROM_COORDINATES;TAXON_ID_NOT_FOUND;OCCURRENCE_STATUS_INFERRED_FROM_INDIVIDUAL_COUNT;AMBIGUOUS_INSTITUTION
4101309705	1d2570da-e150-4d75-94d8-bfc5813062bc	03F887BA1373B1234D42FCF9FB915768.mc.3B393CF11373B1214DDFF8B1FDB252A4	Animalia	Arthropoda	Diplopoda	Spirostreptida	Pseudonannolenidae	Pseudonannolene	Pseudonannolene ophiiulus		SPECIES	Pseudonannolene ophiiulus Schubart, 1944	Pseudonannolene ophiiulus Schubart 1944	Schubart 1944	BR	Emas	Sao Paulo	PRESENT	2	a064f300-1bc8-41ea-9364-b864ef4e8938	-22.001669	-47.427853			631.0				1948-03-12	12	3	1948	6185999	6185999	MATERIAL_CITATION	MZSP						CC0_1_0		O. Schubart			2025-11-08T05:37:43.302Z		GEODETIC_DATUM_ASSUMED_WGS84;CONTINENT_DERIVED_FROM_COORDINATES;TAXON_ID_NOT_FOUND;OCCURRENCE_STATUS_INFERRED_FROM_INDIVIDUAL_COUNT;COLLECTION_MATCH_NONE;INSTITUTION_MATCH_FUZZY
4101309702	1d2570da-e150-4d75-94d8-bfc5813062bc	03F887BA131EB14E4EA1F88FFBC05194.mc.3B393CF1131DB14F4FBCFC16FB1F5106	Animalia	Arthropoda	Diplopoda	Spirostreptida	Pseudonannolenidae	Pseudonannolene	Pseudonannolene leucocephalus		SPECIES	Pseudonannolene leucocephalus Schubart, 1944	Pseudonannolene leucocephalus Schubart 1944	Schubart 1944	BR	BRAZIL	Sao Paulo	PRESENT	4	a064f300-1bc8-41ea-9364-b864ef4e8938	-22.22384	-47.04962			610.0				1941-10-12	12	10	1941	6186009	6186009	MATERIAL_CITATION	MZSP						CC0_1_0		de Cima & J. Gaspar & O. Schubart	Paratype		2025-11-08T05:37:43.297Z		GEODETIC_DATUM_ASSUMED_WGS84;CONTINENT_DERIVED_FROM_COORDINATES;TAXON_ID_NOT_FOUND;OCCURRENCE_STATUS_INFERRED_FROM_INDIVIDUAL_COUNT;COLLECTION_MATCH_NONE;INSTITUTION_MATCH_FUZZY
4101309701	1d2570da-e150-4d75-94d8-bfc5813062bc	03F887BA137FB12F4E8DFAB8FDBF544A.mc.3B393CF1137FB12D4FBCF869FC8B52DD	Animalia	Arthropoda	Diplopoda	Spirostreptida	Pseudonannolenidae	Pseudonannolene	Pseudonannolene rolamossa		SPECIES	Pseudonannolene rolamossa Iniesta & Ferreira, 2013	Pseudonannolene rolamossa Iniesta & Ferreira 2013	Iniesta & Ferreira 2013	BR	Rola Moca I cave	Minas Gerais	PRESENT	1	a064f300-1bc8-41ea-9364-b864ef4e8938	-20.020857	-43.81252							2012-03-22	22	3	2012	9543098	9543098	MATERIAL_CITATION	R		ISLA 4004				CC0_1_0		R. L. Ferreira & M. Souza-Silva	Holotype		2025-11-08T05:37:43.292Z		GEODETIC_DATUM_ASSUMED_WGS84;CONTINENT_DERIVED_FROM_COORDINATES;TAXON_ID_NOT_FOUND;OCCURRENCE_STATUS_INFERRED_FROM_INDIVIDUAL_COUNT;AMBIGUOUS_INSTITUTION
4101309700	1d2570da-e150-4d75-94d8-bfc5813062bc	03F887BA1367B1374EBAFAB0FAD650FC.mc.3B393CF11366B1344FEBFC68FC9156A0	Animalia	Arthropoda	Diplopoda	Spirostreptida	Pseudonannolenidae	Pseudonannolene	Pseudonannolene spelaea		SPECIES	Pseudonannolene spelaea Iniesta & Ferreira, 2013	Pseudonannolene spelaea Iniesta & Ferreira 2013	Iniesta & Ferreira 2013	BR		Para	PRESENT	1	a064f300-1bc8-41ea-9364-b864ef4e8938	-6.382172	-50.38028							2016-04-16	16	4	2016	9516060	9516060	MATERIAL_CITATION	IBSP						CC0_1_0		Biospeleo			2025-11-08T05:37:43.290Z		GEODETIC_DATUM_ASSUMED_WGS84;CONTINENT_DERIVED_FROM_COORDINATES;TAXON_ID_NOT_FOUND;OCCURRENCE_STATUS_INFERRED_FROM_INDIVIDUAL_COUNT;COLLECTION_MATCH_NONE;INSTITUTION_MATCH_FUZZY
4101309699	1d2570da-e150-4d75-94d8-bfc5813062bc	03F887BA1309B15F4EA9FEE4FC055083.mc.3B393CF1130FB15D4E43FA83FB4750B4	Animalia	Arthropoda	Diplopoda	Spirostreptida	Pseudonannolenidae	Pseudonannolene	Pseudonannolene microzoporus		SPECIES	Pseudonannolene microzoporus Mauriès, 1987	Pseudonannolene microzoporus Mauries 1987	Mauries 1987	BR		Bahia	PRESENT	1	a064f300-1bc8-41ea-9364-b864ef4e8938									2011-02-08	8	2	2011	1026408	1026408	MATERIAL_CITATION	IBSP		IBSP 5684				CC0_1_0					2025-11-08T05:37:43.288Z		CONTINENT_DERIVED_FROM_COUNTRY;TAXON_ID_NOT_FOUND;OCCURRENCE_STATUS_INFERRED_FROM_INDIVIDUAL_COUNT;COLLECTION_MATCH_NONE;INSTITUTION_MATCH_FUZZY
4101309698	1d2570da-e150-4d75-94d8-bfc5813062bc	03F887BA137CB1304EACFD5CFB445752.mc.3B393CF11363B1314CFFFDCFFE76575E	Animalia	Arthropoda	Diplopoda	Spirostreptida	Pseudonannolenidae	Pseudonannolene	Pseudonannolene sebastianus		SPECIES	Pseudonannolene sebastianus Brölemann, 1902	Pseudonannolene sebastianus Brolemann 1902	Brolemann 1902	BR	Ilha Anchieta	Sao Paulo	PRESENT	1	a064f300-1bc8-41ea-9364-b864ef4e8938	-23.550426	-45.066635			162.0				2001-07-23	23	7	2001	6186003	6186003	MATERIAL_CITATION	IBSP		IBSP 1428				CC0_1_0		Equipe Biota			2025-11-08T05:37:43.286Z		GEODETIC_DATUM_ASSUMED_WGS84;CONTINENT_DERIVED_FROM_COORDINATES;TAXON_ID_NOT_FOUND;OCCURRENCE_STATUS_INFERRED_FROM_INDIVIDUAL_COUNT;COLLECTION_MATCH_NONE;INSTITUTION_MATCH_FUZZY
4101309697	1d2570da-e150-4d75-94d8-bfc5813062bc	03F887BA1371B1224D74FD91FED55297.mc.3B393CF11371B1234DB0F996FAED53AA	Animalia	Arthropoda	Diplopoda	Spirostreptida	Pseudonannolenidae	Pseudonannolene	Pseudonannolene parvula		SPECIES	Pseudonannolene parvula Silvestri, 1902	Pseudonannolene parvula Silvestri 1902	Silvestri 1902	BR	Parque Nacional do Iguacu	Parana	PRESENT	1	a064f300-1bc8-41ea-9364-b864ef4e8938	-25.500435	-54.58335			195.0				2002-03-03	3	3	2002	1026412	1026412	MATERIAL_CITATION	IBSP		IBSP 1443				CC0_1_0		Equipe Biota			2025-11-08T05:37:43.284Z		GEODETIC_DATUM_ASSUMED_WGS84;CONTINENT_DERIVED_FROM_COORDINATES;TAXON_ID_NOT_FOUND;OCCURRENCE_STATUS_INFERRED_FROM_INDIVIDUAL_COUNT;COLLECTION_MATCH_NONE;INSTITUTION_MATCH_FUZZY
4101309696	1d2570da-e150-4d75-94d8-bfc5813062bc	03F887BA1321B1724D58FEE4FBC35029.mc.3B393CF11321B1734E48FAA7FAED505B	Animalia	Arthropoda	Diplopoda	Spirostreptida	Pseudonannolenidae	Pseudonannolene	Pseudonannolene albiventris		SPECIES	Pseudonannolene albiventris Schubart, 1952	Pseudonannolene albiventris Schubart 1952	Schubart 1952	BR	Piracicaba	Sao Paulo	PRESENT	1	a064f300-1bc8-41ea-9364-b864ef4e8938	-22.735151	-47.647892			532.0				1949-10-24	24	10	1949	6185997	6185997	MATERIAL_CITATION	MZSP						CC0_1_0		F. P. Monteiro			2025-11-08T05:37:43.281Z		GEODETIC_DATUM_ASSUMED_WGS84;CONTINENT_DERIVED_FROM_COORDINATES;TAXON_ID_NOT_FOUND;OCCURRENCE_STATUS_INFERRED_FROM_INDIVIDUAL_COUNT;COLLECTION_MATCH_NONE;INSTITUTION_MATCH_FUZZY
4101309695	1d2570da-e150-4d75-94d8-bfc5813062bc	03F887BA1309B15F4EA9FEE4FC055083.mc.3B393CF1130FB15D4D42FE9FFEA1548F	Animalia	Arthropoda	Diplopoda	Spirostreptida	Pseudonannolenidae	Pseudonannolene	Pseudonannolene microzoporus		SPECIES	Pseudonannolene microzoporus Mauriès, 1987	Pseudonannolene microzoporus Mauries 1987	Mauries 1987	BR	Mocambeiro	Bahia	PRESENT	2	a064f300-1bc8-41ea-9364-b864ef4e8938	-19.535425	-44.026974							2011-04-04	4	4	2011	1026408	1026408	MATERIAL_CITATION	IBSP		IBSP 5725				CC0_1_0		F. P. Franco			2025-11-08T05:37:43.279Z		GEODETIC_DATUM_ASSUMED_WGS84;CONTINENT_DERIVED_FROM_COORDINATES;TAXON_ID_NOT_FOUND;OCCURRENCE_STATUS_INFERRED_FROM_INDIVIDUAL_COUNT;COLLECTION_MATCH_NONE;INSTITUTION_MATCH_FUZZY
4101309694	1d2570da-e150-4d75-94d8-bfc5813062bc	03F887BA1373B1234D42FCF9FB915768.mc.3B393CF11372B1204E35FEC0FE935457	Animalia	Arthropoda	Diplopoda	Spirostreptida	Pseudonannolenidae	Pseudonannolene	Pseudonannolene ophiiulus		SPECIES	Pseudonannolene ophiiulus Schubart, 1944	Pseudonannolene ophiiulus Schubart 1944	Schubart 1944	BR	Estacao Experimental de Pirassununga	Sao Paulo	PRESENT	1	a064f300-1bc8-41ea-9364-b864ef4e8938									1940-04-30	30	4	1940	6185999	6185999	MATERIAL_CITATION	MZSP						CC0_1_0		O. Schubart			2025-11-08T05:37:43.277Z		CONTINENT_DERIVED_FROM_COUNTRY;TAXON_ID_NOT_FOUND;OCCURRENCE_STATUS_INFERRED_FROM_INDIVIDUAL_COUNT;COLLECTION_MATCH_NONE;INSTITUTION_MATCH_FUZZY
4101309693	1d2570da-e150-4d75-94d8-bfc5813062bc	03F887BA1309B15F4EA9FEE4FC055083.mc.3B393CF1130FB15D4C62FAA0FF6250B4	Animalia	Arthropoda	Diplopoda	Spirostreptida	Pseudonannolenidae	Pseudonannolene	Pseudonannolene microzoporus		SPECIES	Pseudonannolene microzoporus Mauriès, 1987	Pseudonannolene microzoporus Mauries 1987	Mauries 1987	BR		Bahia	PRESENT	1	a064f300-1bc8-41ea-9364-b864ef4e8938									2011-02-08	8	2	2011	1026408	1026408	MATERIAL_CITATION	IBSP		IBSP 5681				CC0_1_0					2025-11-08T05:37:43.276Z		CONTINENT_DERIVED_FROM_COUNTRY;TAXON_ID_NOT_FOUND;OCCURRENCE_STATUS_INFERRED_FROM_INDIVIDUAL_COUNT;COLLECTION_MATCH_NONE;INSTITUTION_MATCH_FUZZY
4101309692	1d2570da-e150-4d75-94d8-bfc5813062bc	03F887BA1309B15F4EA9FEE4FC055083.mc.3B393CF1130EB15C4B57FD85FD765799	Animalia	Arthropoda	Diplopoda	Spirostreptida	Pseudonannolenidae	Pseudonannolene	Pseudonannolene microzoporus		SPECIES	Pseudonannolene microzoporus Mauriès, 1987	Pseudonannolene microzoporus Mauries 1987	Mauries 1987	BR		Bahia	PRESENT	1	a064f300-1bc8-41ea-9364-b864ef4e8938									2011-03-01	1	3	2011	1026408	1026408	MATERIAL_CITATION	IBSP		IBSP 5637				CC0_1_0					2025-11-08T05:37:43.274Z		CONTINENT_DERIVED_FROM_COUNTRY;TAXON_ID_NOT_FOUND;OCCURRENCE_STATUS_INFERRED_FROM_INDIVIDUAL_COUNT;COLLECTION_MATCH_NONE;INSTITUTION_MATCH_FUZZY
4101309689	1d2570da-e150-4d75-94d8-bfc5813062bc	03F887BA132DB17E4D5CFCA9FC3D53AC.mc.3B393CF1132DB17F4C89F848FDC752DE	Animalia	Arthropoda	Diplopoda	Spirostreptida	Pseudonannolenidae	Pseudonannolene	Pseudonannolene callipyge		SPECIES	Pseudonannolene callipyge Brölemann, 1902	Pseudonannolene callipyge Brolemann 1902	Brolemann 1902	BR	cave Straube	Parana	PRESENT	5	a064f300-1bc8-41ea-9364-b864ef4e8938					362.0				2017-12-09	9	12	2017	1026425	1026425	MATERIAL_CITATION	IBSP		IBSP 7626				CC0_1_0		C. Attems & Souza & L. F. M. Iniesta			2025-11-08T05:37:43.247Z		CONTINENT_DERIVED_FROM_COUNTRY;TAXON_ID_NOT_FOUND;OCCURRENCE_STATUS_INFERRED_FROM_INDIVIDUAL_COUNT;COLLECTION_MATCH_NONE;INSTITUTION_MATCH_FUZZY
4101309688	1d2570da-e150-4d75-94d8-bfc5813062bc	03F887BA1324B1794EADFDD1FBC951E8.mc.3B393CF11324B1764FBCFB23FEDE5012	Animalia	Arthropoda	Diplopoda	Spirostreptida	Pseudonannolenidae	Pseudonannolene	Pseudonannolene anapophysis		SPECIES	Pseudonannolene anapophysis Fontanetti, 1996	Pseudonannolene anapophysis Fontanetti 1996	Fontanetti 1996	BR	cave Lapao	Bahia	PRESENT	1	a064f300-1bc8-41ea-9364-b864ef4e8938	-12.540361	-41.40271							1987-01		1	1987	12228983	12228983	MATERIAL_CITATION	MZSP		MZSP 940				CC0_1_0		F. Chaimowicz	Holotype		2025-11-08T05:37:43.240Z		GEODETIC_DATUM_ASSUMED_WGS84;CONTINENT_DERIVED_FROM_COORDINATES;TAXON_ID_NOT_FOUND;OCCURRENCE_STATUS_INFERRED_FROM_INDIVIDUAL_COUNT;COLLECTION_MATCH_NONE;INSTITUTION_MATCH_FUZZY
4101309687	1d2570da-e150-4d75-94d8-bfc5813062bc	03F887BA1351B1024D0DFD47FEA05021.mc.3B393CF11351B1034D7CFA33FB5050C7	Animalia	Arthropoda	Diplopoda	Spirostreptida	Pseudonannolenidae	Pseudonannolene	Pseudonannolene alata		SPECIES	Pseudonannolene alata Iniesta, Bouzan & Brescovit, 2023	Pseudonannolene alata Iniesta, Bouzan, and Brescovit 2023	Iniesta, Bouzan, and Brescovit 2023	BR	Ilha do Arvoredo	Santa Catarina	PRESENT	2	a064f300-1bc8-41ea-9364-b864ef4e8938	-27.281094	-48.36661			130.0				2018-05-15	15	5	2018	12252733	12252733	MATERIAL_CITATION	IBSP		IBSP 7878				CC0_1_0		S. Bouzan			2025-11-08T05:37:43.243Z		GEODETIC_DATUM_ASSUMED_WGS84;CONTINENT_DERIVED_FROM_COORDINATES;TAXON_ID_NOT_FOUND;OCCURRENCE_STATUS_INFERRED_FROM_INDIVIDUAL_COUNT;COLLECTION_MATCH_NONE;INSTITUTION_MATCH_FUZZY
4101309686	1d2570da-e150-4d75-94d8-bfc5813062bc	03F887BA1362B1334D5AFD7FFEE75313.mc.3B393CF11362B1304C38FAB1FD3E50A4	Animalia	Arthropoda	Diplopoda	Spirostreptida	Pseudonannolenidae	Pseudonannolene	Pseudonannolene segmentata		SPECIES	Pseudonannolene segmentata Silvestri, 1895	Pseudonannolene segmentata Silvestri 1895	Silvestri 1895	BR	Pitangueira	Mato Grosso do Sul	PRESENT	2	a064f300-1bc8-41ea-9364-b864ef4e8938	-21.136211	-56.48572			297.0				2002-10		10	2002	1026417	1026417	MATERIAL_CITATION	V		IBSP 1928				CC0_1_0		V. C. Onofre			2025-11-08T05:37:43.238Z		GEODETIC_DATUM_ASSUMED_WGS84;CONTINENT_DERIVED_FROM_COORDINATES;TAXON_ID_NOT_FOUND;OCCURRENCE_STATUS_INFERRED_FROM_INDIVIDUAL_COUNT;COLLECTION_MATCH_NONE;INSTITUTION_MATCH_FUZZY
4101309685	1d2570da-e150-4d75-94d8-bfc5813062bc	03F887BA137CB1304EACFD5CFB445752.mc.3B393CF11363B1314A1FFE13FC175703	Animalia	Arthropoda	Diplopoda	Spirostreptida	Pseudonannolenidae	Pseudonannolene	Pseudonannolene sebastianus		SPECIES	Pseudonannolene sebastianus Brölemann, 1902	Pseudonannolene sebastianus Brolemann 1902	Brolemann 1902	BR	Ilha Anchieta	Sao Paulo	PRESENT	1	a064f300-1bc8-41ea-9364-b864ef4e8938	-23.550426	-45.066635			162.0				2001-07-23	23	7	2001	6186003	6186003	MATERIAL_CITATION	IBSP		IBSP 1419				CC0_1_0		Equipe Biota			2025-11-08T05:37:43.235Z		GEODETIC_DATUM_ASSUMED_WGS84;CONTINENT_DERIVED_FROM_COORDINATES;TAXON_ID_NOT_FOUND;OCCURRENCE_STATUS_INFERRED_FROM_INDIVIDUAL_COUNT;COLLECTION_MATCH_NONE;INSTITUTION_MATCH_FUZZY
4101309684	1d2570da-e150-4d75-94d8-bfc5813062bc	03F887BA132FB17F4EB3FCD4FDA5561E.mc.3B393CF1132EB17C4E85FE79FBC15491	Animalia	Arthropoda	Diplopoda	Spirostreptida	Pseudonannolenidae	Pseudonannolene	Pseudonannolene caatinga		SPECIES	Pseudonannolene caatinga Iniesta & Ferreira, 2014	Pseudonannolene caatinga Iniesta & Ferreira 2014	Iniesta & Ferreira 2014	BR	Estacao Ecologica Murici	Alagoas	PRESENT	2	a064f300-1bc8-41ea-9364-b864ef4e8938	-9.232525	-35.858162			408.0				2003-09-13	13	9	2003	8682135	8682135	MATERIAL_CITATION	IBSP		IBSP 2172				CC0_1_0		Equipe Biota			2025-11-08T05:37:43.233Z		GEODETIC_DATUM_ASSUMED_WGS84;CONTINENT_DERIVED_FROM_COORDINATES;TAXON_ID_NOT_FOUND;OCCURRENCE_STATUS_INFERRED_FROM_INDIVIDUAL_COUNT;COLLECTION_MATCH_NONE;INSTITUTION_MATCH_FUZZY
4101309682	1d2570da-e150-4d75-94d8-bfc5813062bc	03F887BA1359B10D4D1CF979FCBE518D.mc.3B393CF11358B10A4B9AFBFBFD76516A	Animalia	Arthropoda	Diplopoda	Spirostreptida	Pseudonannolenidae	Pseudonannolene	Pseudonannolene morettii		SPECIES	Pseudonannolene morettii Iniesta, Bouzan & Brescovit, 2023	Pseudonannolene morettii Iniesta, Bouzan, and Brescovit 2023	Iniesta, Bouzan, and Brescovit 2023	BR	Parque Municipal da Serra do Itapety	Sao Paulo	PRESENT	1	a064f300-1bc8-41ea-9364-b864ef4e8938	-23.493336	-46.19638			881.0				2003-10-13	13	10	2003	12190204	12190204	MATERIAL_CITATION	IBSP		IBSP 2477				CC0_1_0		Mogi das Cruzes & Equipe Biota			2025-11-08T05:37:43.230Z		GEODETIC_DATUM_ASSUMED_WGS84;CONTINENT_DERIVED_FROM_COORDINATES;TAXON_ID_NOT_FOUND;OCCURRENCE_STATUS_INFERRED_FROM_INDIVIDUAL_COUNT;COLLECTION_MATCH_NONE;INSTITUTION_MATCH_FUZZY
4101309681	1d2570da-e150-4d75-94d8-bfc5813062bc	03F887BA1369B13C4D45F916FC1A53ED.mc.3B393CF1136FB13D4C16F940FDA853D7	Animalia	Arthropoda	Diplopoda	Spirostreptida	Pseudonannolenidae	Pseudonannolene	Pseudonannolene tricolor		SPECIES	Pseudonannolene tricolor Brölemann, 1902	Pseudonannolene tricolor Brolemann 1902	Brolemann 1902	BR		Sao Paulo	PRESENT	1	a064f300-1bc8-41ea-9364-b864ef4e8938									1938-12-29	29	12	1938	1026426	1026426	MATERIAL_CITATION	MZSP						CC0_1_0		O. Schubart			2025-11-08T05:37:43.228Z		CONTINENT_DERIVED_FROM_COUNTRY;TAXON_ID_NOT_FOUND;OCCURRENCE_STATUS_INFERRED_FROM_INDIVIDUAL_COUNT;COLLECTION_MATCH_NONE;INSTITUTION_MATCH_FUZZY
4101309680	1d2570da-e150-4d75-94d8-bfc5813062bc	03F887BA130DB1214D53FA08FE5057D0.mc.3B393CF1130CB15E4D41FCCCFE5F5660	Animalia	Arthropoda	Diplopoda	Spirostreptida	Pseudonannolenidae	Pseudonannolene	Pseudonannolene occidentalis		SPECIES	Pseudonannolene occidentalis Schubart, 1958	Pseudonannolene occidentalis Schubart 1958	Schubart 1958	BR	Chapada Aventura	Mato Grosso	PRESENT	5	a064f300-1bc8-41ea-9364-b864ef4e8938	-15.464283	-55.759724			820.0				2014-08-28	28	8	2014	6186007	6186007	MATERIAL_CITATION	CZUFMT		CZUFMT 823				CC0_1_0		A. Chagas-Jr			2025-11-08T05:37:43.226Z		GEODETIC_DATUM_ASSUMED_WGS84;CONTINENT_DERIVED_FROM_COORDINATES;TAXON_ID_NOT_FOUND;OCCURRENCE_STATUS_INFERRED_FROM_INDIVIDUAL_COUNT;INSTITUTION_MATCH_NONE
4101309679	1d2570da-e150-4d75-94d8-bfc5813062bc	03F887BA1371B1224D74FD91FED55297.mc.3B393CF11371B1234FEBFA1CFCEA5312	Animalia	Arthropoda	Diplopoda	Spirostreptida	Pseudonannolenidae	Pseudonannolene	Pseudonannolene parvula		SPECIES	Pseudonannolene parvula Silvestri, 1902	Pseudonannolene parvula Silvestri 1902	Silvestri 1902	BR	Parque Nacional do Iguacu	Parana	PRESENT	1	a064f300-1bc8-41ea-9364-b864ef4e8938	-25.500435	-54.58335			195.0				2002-03-03	3	3	2002	1026412	1026412	MATERIAL_CITATION	IBSP		IBSP 1488				CC0_1_0		Equipe Biota			2025-11-08T05:37:43.223Z		GEODETIC_DATUM_ASSUMED_WGS84;CONTINENT_DERIVED_FROM_COORDINATES;TAXON_ID_NOT_FOUND;OCCURRENCE_STATUS_INFERRED_FROM_INDIVIDUAL_COUNT;COLLECTION_MATCH_NONE;INSTITUTION_MATCH_FUZZY
4101309678	1d2570da-e150-4d75-94d8-bfc5813062bc	03F887BA1307B1544E86FD86FACB514C.mc.3B393CF11307B1554FBCFAFCFB835070	Animalia	Arthropoda	Diplopoda	Spirostreptida	Pseudonannolenidae	Pseudonannolene	Pseudonannolene magna		SPECIES	Pseudonannolene magna Udulutsch & Pietrobon, 2003	Pseudonannolene magna Udulutsch & Pietrobon 2003	Udulutsch & Pietrobon 2003	BR	BRAZIL	Sao Paulo	PRESENT	3	a064f300-1bc8-41ea-9364-b864ef4e8938	-23.024107	-46.894115							2000-03		3	2000	12209996	12209996	MATERIAL_CITATION	MZSP		MZSP 941				CC0_1_0		Serra dos Cocais & F. B. Britto	Paratype		2025-11-08T05:37:43.225Z		GEODETIC_DATUM_ASSUMED_WGS84;CONTINENT_DERIVED_FROM_COORDINATES;TAXON_ID_NOT_FOUND;OCCURRENCE_STATUS_INFERRED_FROM_INDIVIDUAL_COUNT;COLLECTION_MATCH_NONE;INSTITUTION_MATCH_FUZZY
4101309677	1d2570da-e150-4d75-94d8-bfc5813062bc	03F887BA1309B15F4EA9FEE4FC055083.mc.3B393CF1130FB15D4B1FF9AFFD8253BF	Animalia	Arthropoda	Diplopoda	Spirostreptida	Pseudonannolenidae	Pseudonannolene	Pseudonannolene microzoporus		SPECIES	Pseudonannolene microzoporus Mauriès, 1987	Pseudonannolene microzoporus Mauries 1987	Mauries 1987	BR		Bahia	PRESENT	1	a064f300-1bc8-41ea-9364-b864ef4e8938									2011-02-08	8	2	2011	1026408	1026408	MATERIAL_CITATION	IBSP		IBSP 5666				CC0_1_0					2025-11-08T05:37:43.221Z		CONTINENT_DERIVED_FROM_COUNTRY;TAXON_ID_NOT_FOUND;OCCURRENCE_STATUS_INFERRED_FROM_INDIVIDUAL_COUNT;COLLECTION_MATCH_NONE;INSTITUTION_MATCH_FUZZY
4101309676	1d2570da-e150-4d75-94d8-bfc5813062bc	03F887BA131EB14E4EA1F88FFBC05194.mc.3B393CF1131DB14F4CFEFB09FE2B501F	Animalia	Arthropoda	Diplopoda	Spirostreptida	Pseudonannolenidae	Pseudonannolene	Pseudonannolene leucocephalus		SPECIES	Pseudonannolene leucocephalus Schubart, 1944	Pseudonannolene leucocephalus Schubart 1944	Schubart 1944	BR	Escaramuca	Sao Paulo	PRESENT	1	a064f300-1bc8-41ea-9364-b864ef4e8938	-21.916758	-47.620296			685.0				1941-03-04	4	3	1941	6186009	6186009	MATERIAL_CITATION	MZSP						CC0_1_0		O. Schubart			2025-11-08T05:37:43.219Z		GEODETIC_DATUM_ASSUMED_WGS84;CONTINENT_DERIVED_FROM_COORDINATES;TAXON_ID_NOT_FOUND;OCCURRENCE_STATUS_INFERRED_FROM_INDIVIDUAL_COUNT;COLLECTION_MATCH_NONE;INSTITUTION_MATCH_FUZZY
4101309674	1d2570da-e150-4d75-94d8-bfc5813062bc	03F887BA1311B1424D4BFEE4FBEC56ED.mc.3B393CF11311B1434DB0FB5EFAED51F2	Animalia	Arthropoda	Diplopoda	Spirostreptida	Pseudonannolenidae	Pseudonannolene	Pseudonannolene curtipes		SPECIES	Pseudonannolene curtipes Schubart, 1960	Pseudonannolene curtipes Schubart 1960	Schubart 1960	BR	Fazenda Forquilha Grande	Goias	PRESENT	1	a064f300-1bc8-41ea-9364-b864ef4e8938	-14.732396	-46.15362							1960-02		2	1960	6185993	6185993	MATERIAL_CITATION	MZSP		MZSP 1026				CC0_1_0		J. Evangelista			2025-11-08T05:37:43.216Z		GEODETIC_DATUM_ASSUMED_WGS84;CONTINENT_DERIVED_FROM_COORDINATES;TAXON_ID_NOT_FOUND;OCCURRENCE_STATUS_INFERRED_FROM_INDIVIDUAL_COUNT;COLLECTION_MATCH_NONE;INSTITUTION_MATCH_FUZZY
4101309673	1d2570da-e150-4d75-94d8-bfc5813062bc	03F887BA1309B15F4EA9FEE4FC055083.mc.3B393CF11308B15A4C2EF96CFEA15383	Animalia	Arthropoda	Diplopoda	Spirostreptida	Pseudonannolenidae	Pseudonannolene	Pseudonannolene microzoporus		SPECIES	Pseudonannolene microzoporus Mauriès, 1987	Pseudonannolene microzoporus Mauries 1987	Mauries 1987	BR	Mocambeiro	Bahia	PRESENT	3	a064f300-1bc8-41ea-9364-b864ef4e8938	-19.535425	-44.026974							2011-04-04	4	4	2011	1026408	1026408	MATERIAL_CITATION	IBSP		IBSP 5716				CC0_1_0		F. P. Franco			2025-11-08T05:37:43.214Z		GEODETIC_DATUM_ASSUMED_WGS84;CONTINENT_DERIVED_FROM_COORDINATES;TAXON_ID_NOT_FOUND;OCCURRENCE_STATUS_INFERRED_FROM_INDIVIDUAL_COUNT;COLLECTION_MATCH_NONE;INSTITUTION_MATCH_FUZZY
4101309672	1d2570da-e150-4d75-94d8-bfc5813062bc	03F887BA135FB10F4D1DFB36FBA9576B.mc.3B393CF1135EB10C4F99FDCEFF73575F	Animalia	Arthropoda	Diplopoda	Spirostreptida	Pseudonannolenidae	Pseudonannolene	Pseudonannolene nicolau		SPECIES	Pseudonannolene nicolau Iniesta, Bouzan & Brescovit, 2023	Pseudonannolene nicolau Iniesta, Bouzan, and Brescovit 2023	Iniesta, Bouzan, and Brescovit 2023	BR	Fazenda Sao Nicolau	Mato Grosso	PRESENT	32	a064f300-1bc8-41ea-9364-b864ef4e8938	-9.902508	-58.568104			370.0				2014-11-02	2	11	2014	12263633	12263633	MATERIAL_CITATION	R		CZUFMT 815				CC0_1_0		M. Karam-Gemael			2025-11-08T05:37:43.211Z		GEODETIC_DATUM_ASSUMED_WGS84;CONTINENT_DERIVED_FROM_COORDINATES;TAXON_ID_NOT_FOUND;OCCURRENCE_STATUS_INFERRED_FROM_INDIVIDUAL_COUNT;AMBIGUOUS_INSTITUTION
4101309671	1d2570da-e150-4d75-94d8-bfc5813062bc	03F887BA135FB10F4D1DFB36FBA9576B.mc.3B393CF1135FB10D4E78F862FAB15299	Animalia	Arthropoda	Diplopoda	Spirostreptida	Pseudonannolenidae	Pseudonannolene	Pseudonannolene nicolau		SPECIES	Pseudonannolene nicolau Iniesta, Bouzan & Brescovit, 2023	Pseudonannolene nicolau Iniesta, Bouzan, and Brescovit 2023	Iniesta, Bouzan, and Brescovit 2023	BR			PRESENT	2	a064f300-1bc8-41ea-9364-b864ef4e8938									2009-12-14	14	12	2009	12263633	12263633	MATERIAL_CITATION	ABAM		ABAM 76				CC0_1_0		L. D. Battirola	Holotype		2025-11-08T05:37:43.209Z		CONTINENT_DERIVED_FROM_COUNTRY;TAXON_ID_NOT_FOUND;OCCURRENCE_STATUS_INFERRED_FROM_INDIVIDUAL_COUNT;INSTITUTION_MATCH_NONE
4101309670	1d2570da-e150-4d75-94d8-bfc5813062bc	03F887BA1362B1334D5AFD7FFEE75313.mc.3B393CF11362B1304BD6F9E1FDDF5375	Animalia	Arthropoda	Diplopoda	Spirostreptida	Pseudonannolenidae	Pseudonannolene	Pseudonannolene segmentata		SPECIES	Pseudonannolene segmentata Silvestri, 1895	Pseudonannolene segmentata Silvestri 1895	Silvestri 1895	BR	Bonito	Mato Grosso do Sul	PRESENT	1	a064f300-1bc8-41ea-9364-b864ef4e8938	-21.128975	-56.48172			294.0				2002-10-14	14	10	2002	1026417	1026417	MATERIAL_CITATION	IBSP		IBSP 2583				CC0_1_0		Equipe Biota			2025-11-08T05:37:43.207Z		GEODETIC_DATUM_ASSUMED_WGS84;CONTINENT_DERIVED_FROM_COORDINATES;TAXON_ID_NOT_FOUND;OCCURRENCE_STATUS_INFERRED_FROM_INDIVIDUAL_COUNT;COLLECTION_MATCH_NONE;INSTITUTION_MATCH_FUZZY
4101309669	1d2570da-e150-4d75-94d8-bfc5813062bc	03F887BA1355B1094D1DFA3DFEA154EA.mc.3B393CF11354B1064D7CFD5CFB5057F4	Animalia	Arthropoda	Diplopoda	Spirostreptida	Pseudonannolenidae	Pseudonannolene	Pseudonannolene curvata		SPECIES	Pseudonannolene curvata Iniesta, Bouzan & Brescovit, 2023	Pseudonannolene curvata Iniesta, Bouzan, and Brescovit 2023	Iniesta, Bouzan, and Brescovit 2023	BR	Cerrito	Rio Grande do Sul	PRESENT	2	a064f300-1bc8-41ea-9364-b864ef4e8938	-30.87725	-55.538788			208.0				2012-12-10	10	12	2012	12235657	12235657	MATERIAL_CITATION	IBSP		IBSP 7878				CC0_1_0		Ott			2025-11-08T05:37:43.206Z		GEODETIC_DATUM_ASSUMED_WGS84;CONTINENT_DERIVED_FROM_COORDINATES;TAXON_ID_NOT_FOUND;OCCURRENCE_STATUS_INFERRED_FROM_INDIVIDUAL_COUNT;COLLECTION_MATCH_NONE;INSTITUTION_MATCH_FUZZY
4101309668	1d2570da-e150-4d75-94d8-bfc5813062bc	03F887BA1373B1234D42FCF9FB915768.mc.3B393CF11372B1204E72FEA3FB475457	Animalia	Arthropoda	Diplopoda	Spirostreptida	Pseudonannolenidae	Pseudonannolene	Pseudonannolene ophiiulus		SPECIES	Pseudonannolene ophiiulus Schubart, 1944	Pseudonannolene ophiiulus Schubart 1944	Schubart 1944	BR	Estacao Experimental de Pirassununga	Sao Paulo	PRESENT	1	a064f300-1bc8-41ea-9364-b864ef4e8938									1945-08-21	21	8	1945	6185999	6185999	MATERIAL_CITATION	MZSP						CC0_1_0		O. Schubart			2025-11-08T05:37:43.204Z		CONTINENT_DERIVED_FROM_COUNTRY;TAXON_ID_NOT_FOUND;OCCURRENCE_STATUS_INFERRED_FROM_INDIVIDUAL_COUNT;COLLECTION_MATCH_NONE;INSTITUTION_MATCH_FUZZY
4101309667	1d2570da-e150-4d75-94d8-bfc5813062bc	03F887BA1329B17D4D53F927FEA0562F.mc.3B393CF11328B17A4EAAFC58FBEA56F0	Animalia	Arthropoda	Diplopoda	Spirostreptida	Pseudonannolenidae	Pseudonannolene	Pseudonannolene buhrnheimi		SPECIES	Pseudonannolene buhrnheimi Schubart, 1960	Pseudonannolene buhrnheimi Schubart 1960	Schubart 1960	BR	Reserva Ecologica Guapiassu	Rio de Janeiro	PRESENT	1	a064f300-1bc8-41ea-9364-b864ef4e8938	-22.452806	-42.770294			34.0				2001-10-08	8	10	2001	9535141	9535141	MATERIAL_CITATION	IBSP		IBSP 2403				CC0_1_0		Equipe Biota			2025-11-08T05:37:43.202Z		GEODETIC_DATUM_ASSUMED_WGS84;CONTINENT_DERIVED_FROM_COORDINATES;TAXON_ID_NOT_FOUND;OCCURRENCE_STATUS_INFERRED_FROM_INDIVIDUAL_COUNT;COLLECTION_MATCH_NONE;INSTITUTION_MATCH_FUZZY
4101309665	1d2570da-e150-4d75-94d8-bfc5813062bc	03F887BA1306B1564D40FB75FC835700.mc.3B393CF11305B1574DEAFE9FFDE3548E	Animalia	Arthropoda	Diplopoda	Spirostreptida	Pseudonannolenidae	Pseudonannolene	Pseudonannolene maritima		SPECIES	Pseudonannolene maritima Schubart, 1949	Pseudonannolene maritima Schubart 1949	Schubart 1949	BR	Ilha Grande	Sao Paulo	PRESENT	20	a064f300-1bc8-41ea-9364-b864ef4e8938	-24.098785	-45.69324											6186005	6186005	MATERIAL_CITATION	MZSP						CC0_1_0		Luederwaldt & Fonseca			2025-11-08T05:37:43.198Z		GEODETIC_DATUM_ASSUMED_WGS84;CONTINENT_DERIVED_FROM_COORDINATES;TAXON_ID_NOT_FOUND;OCCURRENCE_STATUS_INFERRED_FROM_INDIVIDUAL_COUNT;COLLECTION_MATCH_NONE;INSTITUTION_MATCH_FUZZY
4101309664	1d2570da-e150-4d75-94d8-bfc5813062bc	03F887BA1359B10D4D1CF979FCBE518D.mc.3B393CF11358B10A4E05FC18FBF45130	Animalia	Arthropoda	Diplopoda	Spirostreptida	Pseudonannolenidae	Pseudonannolene	Pseudonannolene morettii		SPECIES	Pseudonannolene morettii Iniesta, Bouzan & Brescovit, 2023	Pseudonannolene morettii Iniesta, Bouzan, and Brescovit 2023	Iniesta, Bouzan, and Brescovit 2023	BR	Parque Municipal da Serra do Itapety	Sao Paulo	PRESENT	2	a064f300-1bc8-41ea-9364-b864ef4e8938	-23.493336	-46.19638			881.0				2003-10-13	13	10	2003	12190204	12190204	MATERIAL_CITATION	IBSP		IBSP 2474				CC0_1_0		Mogi das Cruzes & Equipe Biota			2025-11-08T05:37:43.197Z		GEODETIC_DATUM_ASSUMED_WGS84;CONTINENT_DERIVED_FROM_COORDINATES;TAXON_ID_NOT_FOUND;OCCURRENCE_STATUS_INFERRED_FROM_INDIVIDUAL_COUNT;COLLECTION_MATCH_NONE;INSTITUTION_MATCH_FUZZY
4101309663	1d2570da-e150-4d75-94d8-bfc5813062bc	03F887BA1315B1484D45F9EEFC01571A.mc.3B393CF11314B1464D48FB6BFEEC51FA	Animalia	Arthropoda	Diplopoda	Spirostreptida	Pseudonannolenidae	Pseudonannolene	Pseudonannolene halophila		SPECIES	Pseudonannolene halophila Schubart, 1949	Pseudonannolene halophila Schubart 1949	Schubart 1949	BR	Ilha dos Alcatrazes	Sao Paulo	PRESENT	2	a064f300-1bc8-41ea-9364-b864ef4e8938	-24.099558	-45.692905			53.0				1994-04-15	15	4	1994	6186012	6186012	MATERIAL_CITATION	IBSP		IBSP 1174				CC0_1_0		A. Eterovic			2025-11-08T05:37:43.195Z		GEODETIC_DATUM_ASSUMED_WGS84;CONTINENT_DERIVED_FROM_COORDINATES;TAXON_ID_NOT_FOUND;OCCURRENCE_STATUS_INFERRED_FROM_INDIVIDUAL_COUNT;COLLECTION_MATCH_NONE;INSTITUTION_MATCH_FUZZY
4101309662	1d2570da-e150-4d75-94d8-bfc5813062bc	03F887BA1309B15F4EA9FEE4FC055083.mc.3B393CF1130FB15D4BACFA83FC725093	Animalia	Arthropoda	Diplopoda	Spirostreptida	Pseudonannolenidae	Pseudonannolene	Pseudonannolene microzoporus		SPECIES	Pseudonannolene microzoporus Mauriès, 1987	Pseudonannolene microzoporus Mauries 1987	Mauries 1987	BR		Bahia	PRESENT	1	a064f300-1bc8-41ea-9364-b864ef4e8938									2011-02-08	8	2	2011	1026408	1026408	MATERIAL_CITATION	IBSP		IBSP 5674				CC0_1_0					2025-11-08T05:37:43.193Z		CONTINENT_DERIVED_FROM_COUNTRY;TAXON_ID_NOT_FOUND;OCCURRENCE_STATUS_INFERRED_FROM_INDIVIDUAL_COUNT;COLLECTION_MATCH_NONE;INSTITUTION_MATCH_FUZZY
4101309661	1d2570da-e150-4d75-94d8-bfc5813062bc	03F887BA132DB17E4D5CFCA9FC3D53AC.mc.3B393CF1132DB17F4C3EF8ACFEA45245	Animalia	Arthropoda	Diplopoda	Spirostreptida	Pseudonannolenidae	Pseudonannolene	Pseudonannolene callipyge		SPECIES	Pseudonannolene callipyge Brölemann, 1902	Pseudonannolene callipyge Brolemann 1902	Brolemann 1902	BR	cave Straube	Parana	PRESENT	2	a064f300-1bc8-41ea-9364-b864ef4e8938					362.0				2017-12-09	9	12	2017	1026425	1026425	MATERIAL_CITATION	IBSP		IBSP 7622				CC0_1_0		C. Attems & Souza & L. F. M. Iniesta			2025-11-08T05:37:43.191Z		CONTINENT_DERIVED_FROM_COUNTRY;TAXON_ID_NOT_FOUND;OCCURRENCE_STATUS_INFERRED_FROM_INDIVIDUAL_COUNT;COLLECTION_MATCH_NONE;INSTITUTION_MATCH_FUZZY
4101309660	1d2570da-e150-4d75-94d8-bfc5813062bc	03F887BA1371B1224D74FD91FED55297.mc.3B393CF11371B1234D7CF843FAB452F4	Animalia	Arthropoda	Diplopoda	Spirostreptida	Pseudonannolenidae	Pseudonannolene	Pseudonannolene parvula		SPECIES	Pseudonannolene parvula Silvestri, 1902	Pseudonannolene parvula Silvestri 1902	Silvestri 1902	BR	Parque Nacional do Iguacu	Parana	PRESENT	1	a064f300-1bc8-41ea-9364-b864ef4e8938	-25.500435	-54.58335			195.0				2002-03-03	3	3	2002	1026412	1026412	MATERIAL_CITATION	IBSP		IBSP 1959				CC0_1_0		Equipe Biota			2025-11-08T05:37:43.189Z		GEODETIC_DATUM_ASSUMED_WGS84;CONTINENT_DERIVED_FROM_COORDINATES;TAXON_ID_NOT_FOUND;OCCURRENCE_STATUS_INFERRED_FROM_INDIVIDUAL_COUNT;COLLECTION_MATCH_NONE;INSTITUTION_MATCH_FUZZY
4101309659	1d2570da-e150-4d75-94d8-bfc5813062bc	03F887BA1376B1274D46FE33FE985351.mc.3B393CF11376B1244C4FFAB9FF6250AC	Animalia	Arthropoda	Diplopoda	Spirostreptida	Pseudonannolenidae	Pseudonannolene	Pseudonannolene paulista		SPECIES	Pseudonannolene paulista Brölemann, 1902	Pseudonannolene paulista Brolemann 1902	Brolemann 1902	BR	Estacao Ecologica de Assis	Sao Paulo	PRESENT	2	a064f300-1bc8-41ea-9364-b864ef4e8938	-22.661072	-50.419106			576.0				2002-11-25	25	11	2002	1026416	1026416	MATERIAL_CITATION	IBSP		IBSP 2972				CC0_1_0		Equipe Biota			2025-11-08T05:37:43.187Z		GEODETIC_DATUM_ASSUMED_WGS84;CONTINENT_DERIVED_FROM_COORDINATES;TAXON_ID_NOT_FOUND;OCCURRENCE_STATUS_INFERRED_FROM_INDIVIDUAL_COUNT;COLLECTION_MATCH_NONE;INSTITUTION_MATCH_FUZZY
4101309658	1d2570da-e150-4d75-94d8-bfc5813062bc	03F887BA1356B1074D60FEE4FB225095.mc.3B393CF11356B1044E44F959FC5C53F1	Animalia	Arthropoda	Diplopoda	Spirostreptida	Pseudonannolenidae	Pseudonannolene	Pseudonannolene bucculenta		SPECIES	Pseudonannolene bucculenta Iniesta, Bouzan & Brescovit, 2023	Pseudonannolene bucculenta Iniesta, Bouzan, and Brescovit 2023	Iniesta, Bouzan, and Brescovit 2023	BR	Samuel de Paula	Minas Gerais	PRESENT	2	a064f300-1bc8-41ea-9364-b864ef4e8938	-20.001055	-43.871086			975.0				2006-10		10	2006	12224748	12224748	MATERIAL_CITATION	IBSP		IBSP 3422				CC0_1_0		de Paula & J. P. P. Pena-Barbosa			2025-11-08T05:37:43.186Z		GEODETIC_DATUM_ASSUMED_WGS84;CONTINENT_DERIVED_FROM_COORDINATES;TAXON_ID_NOT_FOUND;OCCURRENCE_STATUS_INFERRED_FROM_INDIVIDUAL_COUNT;COLLECTION_MATCH_NONE;INSTITUTION_MATCH_FUZZY
4101309656	1d2570da-e150-4d75-94d8-bfc5813062bc	03F887BA1367B1374EBAFAB0FAD650FC.mc.3B393CF11366B1344FEBFCD1FAF85669	Animalia	Arthropoda	Diplopoda	Spirostreptida	Pseudonannolenidae	Pseudonannolene	Pseudonannolene spelaea		SPECIES	Pseudonannolene spelaea Iniesta & Ferreira, 2013	Pseudonannolene spelaea Iniesta & Ferreira 2013	Iniesta & Ferreira 2013	BR		Para	PRESENT	1	a064f300-1bc8-41ea-9364-b864ef4e8938	-6.401051	-50.379097							2016-04-19	19	4	2016	9516060	9516060	MATERIAL_CITATION	IBSP		IBSP 4746				CC0_1_0		Biospeleo			2025-11-08T05:37:43.166Z		GEODETIC_DATUM_ASSUMED_WGS84;CONTINENT_DERIVED_FROM_COORDINATES;TAXON_ID_NOT_FOUND;OCCURRENCE_STATUS_INFERRED_FROM_INDIVIDUAL_COUNT;COLLECTION_MATCH_NONE;INSTITUTION_MATCH_FUZZY
4101309655	1d2570da-e150-4d75-94d8-bfc5813062bc	03F887BA1321B1724D58FEE4FBC35029.mc.3B393CF11321B1734EFFF989FDA2539C	Animalia	Arthropoda	Diplopoda	Spirostreptida	Pseudonannolenidae	Pseudonannolene	Pseudonannolene albiventris		SPECIES	Pseudonannolene albiventris Schubart, 1952	Pseudonannolene albiventris Schubart 1952	Schubart 1952	BR	Viracopos	Sao Paulo	PRESENT	1	a064f300-1bc8-41ea-9364-b864ef4e8938	-22.96836	-47.1534			619.0				1953-02		2	1953	6185997	6185997	MATERIAL_CITATION	MZSP						CC0_1_0		L. G. Lordello			2025-11-08T05:37:43.161Z		GEODETIC_DATUM_ASSUMED_WGS84;CONTINENT_DERIVED_FROM_COORDINATES;TAXON_ID_NOT_FOUND;OCCURRENCE_STATUS_INFERRED_FROM_INDIVIDUAL_COUNT;COLLECTION_MATCH_NONE;INSTITUTION_MATCH_FUZZY
4101309654	1d2570da-e150-4d75-94d8-bfc5813062bc	03F887BA1361B1354D4FF9B8FAB4500B.mc.3B393CF11360B1324B78FC8EFE7E56A1	Animalia	Arthropoda	Diplopoda	Spirostreptida	Pseudonannolenidae	Pseudonannolene	Pseudonannolene silvestris		SPECIES	Pseudonannolene silvestris Schubart, 1944	Pseudonannolene silvestris Schubart 1944	Schubart 1944	BR	Parque Estadual Turistico do Alto Ribeira	Sao Paulo	PRESENT	1	a064f300-1bc8-41ea-9364-b864ef4e8938	-24.485867	-48.646698			570.0				2001-11-08	8	11	2001	1026418	1026418	MATERIAL_CITATION	IBSP		IBSP 2273				CC0_1_0		Equipe Biota			2025-11-08T05:37:43.159Z		GEODETIC_DATUM_ASSUMED_WGS84;CONTINENT_DERIVED_FROM_COORDINATES;TAXON_ID_NOT_FOUND;OCCURRENCE_STATUS_INFERRED_FROM_INDIVIDUAL_COUNT;COLLECTION_MATCH_NONE;INSTITUTION_MATCH_FUZZY
4101309653	1d2570da-e150-4d75-94d8-bfc5813062bc	03F887BA1369B13C4D45F916FC1A53ED.mc.3B393CF1136FB13D4C83FD60FE2D57D3	Animalia	Arthropoda	Diplopoda	Spirostreptida	Pseudonannolenidae	Pseudonannolene	Pseudonannolene tricolor		SPECIES	Pseudonannolene tricolor Brölemann, 1902	Pseudonannolene tricolor Brolemann 1902	Brolemann 1902	BR	Fazenda Ponte Alta	Sao Paulo	PRESENT	3	a064f300-1bc8-41ea-9364-b864ef4e8938	-22.69015	-46.682655			767.0				1947-01-20	20	1	1947	1026426	1026426	MATERIAL_CITATION	MZSP						CC0_1_0		O. Schubart			2025-11-08T05:37:43.157Z		GEODETIC_DATUM_ASSUMED_WGS84;CONTINENT_DERIVED_FROM_COORDINATES;TAXON_ID_NOT_FOUND;OCCURRENCE_STATUS_INFERRED_FROM_INDIVIDUAL_COUNT;COLLECTION_MATCH_NONE;INSTITUTION_MATCH_FUZZY
4101309652	1d2570da-e150-4d75-94d8-bfc5813062bc	03F887BA1359B10D4D1CF979FCBE518D.mc.3B393CF11358B10A4B6AFADCFD915050	Animalia	Arthropoda	Diplopoda	Spirostreptida	Pseudonannolenidae	Pseudonannolene	Pseudonannolene morettii		SPECIES	Pseudonannolene morettii Iniesta, Bouzan & Brescovit, 2023	Pseudonannolene morettii Iniesta, Bouzan, and Brescovit 2023	Iniesta, Bouzan, and Brescovit 2023	BR	Parque Municipal da Serra do Japi	Sao Paulo	PRESENT	3	a064f300-1bc8-41ea-9364-b864ef4e8938	-23.22663	-46.92475			871.0				2017-10-12	12	10	2017	12190204	12190204	MATERIAL_CITATION	IBSP		IBSP 7895				CC0_1_0		A. D. Brescovit			2025-11-08T05:37:43.155Z		GEODETIC_DATUM_ASSUMED_WGS84;CONTINENT_DERIVED_FROM_COORDINATES;TAXON_ID_NOT_FOUND;OCCURRENCE_STATUS_INFERRED_FROM_INDIVIDUAL_COUNT;COLLECTION_MATCH_NONE;INSTITUTION_MATCH_FUZZY
4101309651	1d2570da-e150-4d75-94d8-bfc5813062bc	03F887BA132DB17E4D5CFCA9FC3D53AC.mc.3B393CF1132DB17F4A7BF86FFC585281	Animalia	Arthropoda	Diplopoda	Spirostreptida	Pseudonannolenidae	Pseudonannolene	Pseudonannolene callipyge		SPECIES	Pseudonannolene callipyge Brölemann, 1902	Pseudonannolene callipyge Brolemann 1902	Brolemann 1902	BR	cave Straube	Parana	PRESENT	2	a064f300-1bc8-41ea-9364-b864ef4e8938					362.0				2017-12-11	11	12	2017	1026425	1026425	MATERIAL_CITATION	IBSP		IBSP 7625				CC0_1_0		C. Attems & Souza & L. F. M. Iniesta			2025-11-08T05:37:43.153Z		CONTINENT_DERIVED_FROM_COUNTRY;TAXON_ID_NOT_FOUND;OCCURRENCE_STATUS_INFERRED_FROM_INDIVIDUAL_COUNT;COLLECTION_MATCH_NONE;INSTITUTION_MATCH_FUZZY
4101309650	1d2570da-e150-4d75-94d8-bfc5813062bc	03F887BA1315B1484D45F9EEFC01571A.mc.3B393CF11314B1464FEBFBACFDD05140	Animalia	Arthropoda	Diplopoda	Spirostreptida	Pseudonannolenidae	Pseudonannolene	Pseudonannolene halophila		SPECIES	Pseudonannolene halophila Schubart, 1949	Pseudonannolene halophila Schubart 1949	Schubart 1949	BR	Ilha dos Alcatrazes	Sao Paulo	PRESENT	6	a064f300-1bc8-41ea-9364-b864ef4e8938	-24.099558	-45.692905			53.0				1994-04-15	15	4	1994	6186012	6186012	MATERIAL_CITATION	IBSP		IBSP 1101				CC0_1_0		A. Eterovic			2025-11-08T05:37:43.132Z		GEODETIC_DATUM_ASSUMED_WGS84;CONTINENT_DERIVED_FROM_COORDINATES;TAXON_ID_NOT_FOUND;OCCURRENCE_STATUS_INFERRED_FROM_INDIVIDUAL_COUNT;COLLECTION_MATCH_NONE;INSTITUTION_MATCH_FUZZY
4101309649	1d2570da-e150-4d75-94d8-bfc5813062bc	03F887BA132FB17F4EB3FCD4FDA5561E.mc.3B393CF1132FB17D4FBCFA33FDBB5301	Animalia	Arthropoda	Diplopoda	Spirostreptida	Pseudonannolenidae	Pseudonannolene	Pseudonannolene caatinga		SPECIES	Pseudonannolene caatinga Iniesta & Ferreira, 2014	Pseudonannolene caatinga Iniesta & Ferreira 2014	Iniesta & Ferreira 2014	BR	cave Toca dos Ossos	Bahia	PRESENT	1	a064f300-1bc8-41ea-9364-b864ef4e8938	-10.858192	-41.134315							2012-06-10	10	6	2012	8682135	8682135	MATERIAL_CITATION	R		ISLA 3627				CC0_1_0		R. L. Ferreira	Holotype		2025-11-08T05:37:43.130Z		GEODETIC_DATUM_ASSUMED_WGS84;CONTINENT_DERIVED_FROM_COORDINATES;TAXON_ID_NOT_FOUND;OCCURRENCE_STATUS_INFERRED_FROM_INDIVIDUAL_COUNT;AMBIGUOUS_INSTITUTION
4101309648	1d2570da-e150-4d75-94d8-bfc5813062bc	03F887BA137CB1304EACFD5CFB445752.mc.3B393CF11363B1314D50FDAAFF6257BA	Animalia	Arthropoda	Diplopoda	Spirostreptida	Pseudonannolenidae	Pseudonannolene	Pseudonannolene sebastianus		SPECIES	Pseudonannolene sebastianus Brölemann, 1902	Pseudonannolene sebastianus Brolemann 1902	Brolemann 1902	BR	Ilha Anchieta	Sao Paulo	PRESENT	2	a064f300-1bc8-41ea-9364-b864ef4e8938	-23.550426	-45.066635			162.0				2001-07-23	23	7	2001	6186003	6186003	MATERIAL_CITATION	IBSP		IBSP 1415				CC0_1_0		Equipe Biota			2025-11-08T05:37:43.125Z		GEODETIC_DATUM_ASSUMED_WGS84;CONTINENT_DERIVED_FROM_COORDINATES;TAXON_ID_NOT_FOUND;OCCURRENCE_STATUS_INFERRED_FROM_INDIVIDUAL_COUNT;COLLECTION_MATCH_NONE;INSTITUTION_MATCH_FUZZY
4101309647	1d2570da-e150-4d75-94d8-bfc5813062bc	03F887BA131FB14C4EB4FB9AFCE85203.mc.3B393CF1131EB14C4D97FEA3FBE554B2	Animalia	Arthropoda	Diplopoda	Spirostreptida	Pseudonannolenidae	Pseudonannolene	Pseudonannolene leopoldoi		SPECIES	Pseudonannolene leopoldoi Iniesta & Ferreira, 2014	Pseudonannolene leopoldoi Iniesta & Ferreira 2014	Iniesta & Ferreira 2014	BR	Montes Claros	Minas Gerais	PRESENT	1	a064f300-1bc8-41ea-9364-b864ef4e8938	-16.733519	-43.85807			53.0				2016-08-19	19	8	2016	8502029	8502029	MATERIAL_CITATION	OCM, IBSP		OCM61B, IBSP 7892				CC0_1_0		A. Koken			2025-11-08T05:37:43.128Z		GEODETIC_DATUM_ASSUMED_WGS84;CONTINENT_DERIVED_FROM_COORDINATES;TAXON_ID_NOT_FOUND;OCCURRENCE_STATUS_INFERRED_FROM_INDIVIDUAL_COUNT;INSTITUTION_MATCH_NONE
4101309646	1d2570da-e150-4d75-94d8-bfc5813062bc	03F887BA1356B1074D60FEE4FB225095.mc.3B393CF11356B1044B5AFA70FD9E50E7	Animalia	Arthropoda	Diplopoda	Spirostreptida	Pseudonannolenidae	Pseudonannolene	Pseudonannolene bucculenta		SPECIES	Pseudonannolene bucculenta Iniesta, Bouzan & Brescovit, 2023	Pseudonannolene bucculenta Iniesta, Bouzan, and Brescovit 2023	Iniesta, Bouzan, and Brescovit 2023	BR	Samuel de Paula	Minas Gerais	PRESENT	2	a064f300-1bc8-41ea-9364-b864ef4e8938	-20.001055	-43.871086			975.0				2006-10		10	2006	12224748	12224748	MATERIAL_CITATION	IBSP		IBSP 3408				CC0_1_0		de Paula & J. P. P. Pena-Barbosa			2025-11-08T05:37:43.123Z		GEODETIC_DATUM_ASSUMED_WGS84;CONTINENT_DERIVED_FROM_COORDINATES;TAXON_ID_NOT_FOUND;OCCURRENCE_STATUS_INFERRED_FROM_INDIVIDUAL_COUNT;COLLECTION_MATCH_NONE;INSTITUTION_MATCH_FUZZY
4101309645	1d2570da-e150-4d75-94d8-bfc5813062bc	03F887BA1309B15F4EA9FEE4FC055083.mc.3B393CF1130FB15D4E04F82AFB7052DF	Animalia	Arthropoda	Diplopoda	Spirostreptida	Pseudonannolenidae	Pseudonannolene	Pseudonannolene microzoporus		SPECIES	Pseudonannolene microzoporus Mauriès, 1987	Pseudonannolene microzoporus Mauries 1987	Mauries 1987	BR		Bahia	PRESENT	1	a064f300-1bc8-41ea-9364-b864ef4e8938									2011-06-28	28	6	2011	1026408	1026408	MATERIAL_CITATION	IBSP		IBSP 5663				CC0_1_0					2025-11-08T05:37:43.122Z		CONTINENT_DERIVED_FROM_COUNTRY;TAXON_ID_NOT_FOUND;OCCURRENCE_STATUS_INFERRED_FROM_INDIVIDUAL_COUNT;COLLECTION_MATCH_NONE;INSTITUTION_MATCH_FUZZY
4101309644	1d2570da-e150-4d75-94d8-bfc5813062bc	03F887BA1362B1334D5AFD7FFEE75313.mc.3B393CF11362B1304F99FA2BFAED50DC	Animalia	Arthropoda	Diplopoda	Spirostreptida	Pseudonannolenidae	Pseudonannolene	Pseudonannolene segmentata		SPECIES	Pseudonannolene segmentata Silvestri, 1895	Pseudonannolene segmentata Silvestri 1895	Silvestri 1895	BR	Bonito	Mato Grosso do Sul	PRESENT	1	a064f300-1bc8-41ea-9364-b864ef4e8938	-21.128975	-56.48172			294.0				2002-10-14	14	10	2002	1026417	1026417	MATERIAL_CITATION	IBSP		IBSP 2592				CC0_1_0		Equipe Biota			2025-11-08T05:37:43.120Z		GEODETIC_DATUM_ASSUMED_WGS84;CONTINENT_DERIVED_FROM_COORDINATES;TAXON_ID_NOT_FOUND;OCCURRENCE_STATUS_INFERRED_FROM_INDIVIDUAL_COUNT;COLLECTION_MATCH_NONE;INSTITUTION_MATCH_FUZZY
4101309643	1d2570da-e150-4d75-94d8-bfc5813062bc	03F887BA1359B10D4D1CF979FCBE518D.mc.3B393CF11358B10A4EA0FBB1FBF35149	Animalia	Arthropoda	Diplopoda	Spirostreptida	Pseudonannolenidae	Pseudonannolene	Pseudonannolene morettii		SPECIES	Pseudonannolene morettii Iniesta, Bouzan & Brescovit, 2023	Pseudonannolene morettii Iniesta, Bouzan, and Brescovit 2023	Iniesta, Bouzan, and Brescovit 2023	BR	Parque Municipal da Serra do Itapety	Sao Paulo	PRESENT	1	a064f300-1bc8-41ea-9364-b864ef4e8938	-23.493336	-46.19638			881.0				2003-10-13	13	10	2003	12190204	12190204	MATERIAL_CITATION	IBSP		IBSP 2473				CC0_1_0		Mogi das Cruzes & Equipe Biota			2025-11-08T05:37:43.118Z		GEODETIC_DATUM_ASSUMED_WGS84;CONTINENT_DERIVED_FROM_COORDINATES;TAXON_ID_NOT_FOUND;OCCURRENCE_STATUS_INFERRED_FROM_INDIVIDUAL_COUNT;COLLECTION_MATCH_NONE;INSTITUTION_MATCH_FUZZY
4101309642	1d2570da-e150-4d75-94d8-bfc5813062bc	03F887BA137CB1304EACFD5CFB445752.mc.3B393CF11363B1314F98FE7AFC58548E	Animalia	Arthropoda	Diplopoda	Spirostreptida	Pseudonannolenidae	Pseudonannolene	Pseudonannolene sebastianus		SPECIES	Pseudonannolene sebastianus Brölemann, 1902	Pseudonannolene sebastianus Brolemann 1902	Brolemann 1902	BR	Ilha Anchieta	Sao Paulo	PRESENT	1	a064f300-1bc8-41ea-9364-b864ef4e8938	-23.550426	-45.066635			162.0				2001-07-23	23	7	2001	6186003	6186003	MATERIAL_CITATION	IBSP		IBSP 1416				CC0_1_0		Equipe Biota			2025-11-08T05:37:43.116Z		GEODETIC_DATUM_ASSUMED_WGS84;CONTINENT_DERIVED_FROM_COORDINATES;TAXON_ID_NOT_FOUND;OCCURRENCE_STATUS_INFERRED_FROM_INDIVIDUAL_COUNT;COLLECTION_MATCH_NONE;INSTITUTION_MATCH_FUZZY
4101309640	1d2570da-e150-4d75-94d8-bfc5813062bc	03F887BA131AB14A4D51FDA7FE6054B2.mc.3B393CF1131AB1484D4CF8F7FECF5267	Animalia	Arthropoda	Diplopoda	Spirostreptida	Pseudonannolenidae	Pseudonannolene	Pseudonannolene imbirensis		SPECIES	Pseudonannolene imbirensis Fontanetti, 1996	Pseudonannolene imbirensis Fontanetti 1996	Fontanetti 1996	BR	cave Sao Vicente	Goias	PRESENT	6	a064f300-1bc8-41ea-9364-b864ef4e8938	-13.587311	-46.35823			626.0				2000-07-29	29	7	2000	11693169	11693169	MATERIAL_CITATION	MNRJ						CC0_1_0		A. Chagas Jr. & M. E. Bichuette			2025-11-08T05:37:43.111Z		GEODETIC_DATUM_ASSUMED_WGS84;CONTINENT_DERIVED_FROM_COORDINATES;TAXON_ID_NOT_FOUND;OCCURRENCE_STATUS_INFERRED_FROM_INDIVIDUAL_COUNT;COLLECTION_MATCH_NONE;INSTITUTION_MATCH_FUZZY
4101309639	1d2570da-e150-4d75-94d8-bfc5813062bc	03F887BA1369B13C4D45F916FC1A53ED.mc.3B393CF1136FB13D4FEBFE30FE4A5727	Animalia	Arthropoda	Diplopoda	Spirostreptida	Pseudonannolenidae	Pseudonannolene	Pseudonannolene tricolor		SPECIES	Pseudonannolene tricolor Brölemann, 1902	Pseudonannolene tricolor Brolemann 1902	Brolemann 1902	BR	Mogi-Guacu	Sao Paulo	PRESENT	1	a064f300-1bc8-41ea-9364-b864ef4e8938	-21.784967	-48.178944			685.0				1944-08-28	28	8	1944	1026426	1026426	MATERIAL_CITATION	MZSP						CC0_1_0		O. Schubart			2025-11-08T05:37:43.099Z		GEODETIC_DATUM_ASSUMED_WGS84;CONTINENT_DERIVED_FROM_COORDINATES;TAXON_ID_NOT_FOUND;OCCURRENCE_STATUS_INFERRED_FROM_INDIVIDUAL_COUNT;COLLECTION_MATCH_NONE;INSTITUTION_MATCH_FUZZY
4101309638	1d2570da-e150-4d75-94d8-bfc5813062bc	03F887BA1321B1724D58FEE4FBC35029.mc.3B393CF11321B1734DCDFA17FB44532B	Animalia	Arthropoda	Diplopoda	Spirostreptida	Pseudonannolenidae	Pseudonannolene	Pseudonannolene albiventris		SPECIES	Pseudonannolene albiventris Schubart, 1952	Pseudonannolene albiventris Schubart 1952	Schubart 1952	BR	Centro de Citricultura Sylvio Moreira	Sao Paulo	PRESENT	1	a064f300-1bc8-41ea-9364-b864ef4e8938	-22.462172	-47.39919			737.0				1952-02		2	1952	6185997	6185997	MATERIAL_CITATION	MZSP						CC0_1_0		L. G. Lordello			2025-11-08T05:37:43.097Z		GEODETIC_DATUM_ASSUMED_WGS84;CONTINENT_DERIVED_FROM_COORDINATES;TAXON_ID_NOT_FOUND;OCCURRENCE_STATUS_INFERRED_FROM_INDIVIDUAL_COUNT;COLLECTION_MATCH_NONE;INSTITUTION_MATCH_FUZZY
4101309637	1d2570da-e150-4d75-94d8-bfc5813062bc	03F887BA130BB1584D75FB43FAF3524B.mc.3B393CF1130AB1584F86FE50FCC054E8	Animalia	Arthropoda	Diplopoda	Spirostreptida	Pseudonannolenidae	Pseudonannolene	Pseudonannolene mesai		SPECIES	Pseudonannolene mesai Fontanetti, 2000	Pseudonannolene mesai Fontanetti 2000	Fontanetti 2000	BR	Reserva Florestal do Morro Grande	Sao Paulo	PRESENT	1	a064f300-1bc8-41ea-9364-b864ef4e8938	-23.603506	-46.919464			798.0				2002-06-13	13	6	2002	9424035	9424035	MATERIAL_CITATION	IBSP		IBSP 2039				CC0_1_0		Equipe Biota			2025-11-08T05:37:43.095Z		GEODETIC_DATUM_ASSUMED_WGS84;CONTINENT_DERIVED_FROM_COORDINATES;TAXON_ID_NOT_FOUND;OCCURRENCE_STATUS_INFERRED_FROM_INDIVIDUAL_COUNT;COLLECTION_MATCH_NONE;INSTITUTION_MATCH_FUZZY
4101309635	1d2570da-e150-4d75-94d8-bfc5813062bc	03F887BA1362B1334D5AFD7FFEE75313.mc.3B393CF11362B1304E8BFA48FAED5080	Animalia	Arthropoda	Diplopoda	Spirostreptida	Pseudonannolenidae	Pseudonannolene	Pseudonannolene segmentata		SPECIES	Pseudonannolene segmentata Silvestri, 1895	Pseudonannolene segmentata Silvestri 1895	Silvestri 1895	BR	Pitangueira	Mato Grosso do Sul	PRESENT	2	a064f300-1bc8-41ea-9364-b864ef4e8938	-21.136211	-56.48572			297.0				2002-10		10	2002	1026417	1026417	MATERIAL_CITATION	IBSP		IBSP 1930				CC0_1_0		I. Cizauskas			2025-11-08T05:37:43.087Z		GEODETIC_DATUM_ASSUMED_WGS84;CONTINENT_DERIVED_FROM_COORDINATES;TAXON_ID_NOT_FOUND;OCCURRENCE_STATUS_INFERRED_FROM_INDIVIDUAL_COUNT;COLLECTION_MATCH_NONE;INSTITUTION_MATCH_FUZZY
4101309634	1d2570da-e150-4d75-94d8-bfc5813062bc	03F887BA1309B15F4EA9FEE4FC055083.mc.3B393CF1130FB15D4CA3FDCFFE73575F	Animalia	Arthropoda	Diplopoda	Spirostreptida	Pseudonannolenidae	Pseudonannolene	Pseudonannolene microzoporus		SPECIES	Pseudonannolene microzoporus Mauriès, 1987	Pseudonannolene microzoporus Mauries 1987	Mauries 1987	BR		Bahia	PRESENT	2	a064f300-1bc8-41ea-9364-b864ef4e8938													1026408	1026408	MATERIAL_CITATION	IBSP		IBSP 5728				CC0_1_0					2025-11-08T05:37:43.085Z		CONTINENT_DERIVED_FROM_COUNTRY;TAXON_ID_NOT_FOUND;OCCURRENCE_STATUS_INFERRED_FROM_INDIVIDUAL_COUNT;COLLECTION_MATCH_NONE;INSTITUTION_MATCH_FUZZY
4101309633	1d2570da-e150-4d75-94d8-bfc5813062bc	03F887BA1361B1354D4FF9B8FAB4500B.mc.3B393CF11360B1324D3CFB90FAED51A8	Animalia	Arthropoda	Diplopoda	Spirostreptida	Pseudonannolenidae	Pseudonannolene	Pseudonannolene silvestris		SPECIES	Pseudonannolene silvestris Schubart, 1944	Pseudonannolene silvestris Schubart 1944	Schubart 1944	BR	Parque Estadual Turistico do Alto Ribeira	Sao Paulo	PRESENT	1	a064f300-1bc8-41ea-9364-b864ef4e8938	-24.485867	-48.646698			570.0				2001-11-08	8	11	2001	1026418	1026418	MATERIAL_CITATION	IBSP		IBSP 2238				CC0_1_0		Equipe Biota			2025-11-08T05:37:43.089Z		GEODETIC_DATUM_ASSUMED_WGS84;CONTINENT_DERIVED_FROM_COORDINATES;TAXON_ID_NOT_FOUND;OCCURRENCE_STATUS_INFERRED_FROM_INDIVIDUAL_COUNT;COLLECTION_MATCH_NONE;INSTITUTION_MATCH_FUZZY
4101309631	1d2570da-e150-4d75-94d8-bfc5813062bc	03F887BA135FB10F4D1DFB36FBA9576B.mc.3B393CF1135EB10C4FEBFEC0FB955457	Animalia	Arthropoda	Diplopoda	Spirostreptida	Pseudonannolenidae	Pseudonannolene	Pseudonannolene nicolau		SPECIES	Pseudonannolene nicolau Iniesta, Bouzan & Brescovit, 2023	Pseudonannolene nicolau Iniesta, Bouzan, and Brescovit 2023	Iniesta, Bouzan, and Brescovit 2023	BR	Fazenda Sao Nicolau	Mato Grosso	PRESENT	4	a064f300-1bc8-41ea-9364-b864ef4e8938	-9.902508	-58.568104			370.0				2009-12-08	8	12	2009	12263633	12263633	MATERIAL_CITATION	ABAM		ABAM 0146				CC0_1_0		D. A. Battistela			2025-11-08T05:37:43.082Z		GEODETIC_DATUM_ASSUMED_WGS84;CONTINENT_DERIVED_FROM_COORDINATES;TAXON_ID_NOT_FOUND;OCCURRENCE_STATUS_INFERRED_FROM_INDIVIDUAL_COUNT;INSTITUTION_MATCH_NONE
4101309630	1d2570da-e150-4d75-94d8-bfc5813062bc	03F887BA1369B13C4D45F916FC1A53ED.mc.3B393CF1136FB13D4CC8FAEAFDE6507D	Animalia	Arthropoda	Diplopoda	Spirostreptida	Pseudonannolenidae	Pseudonannolene	Pseudonannolene tricolor		SPECIES	Pseudonannolene tricolor Brölemann, 1902	Pseudonannolene tricolor Brolemann 1902	Brolemann 1902	BR	Emas	Sao Paulo	PRESENT	1	a064f300-1bc8-41ea-9364-b864ef4e8938									1940-01-28	28	1	1940	1026426	1026426	MATERIAL_CITATION	MZSP						CC0_1_0		O. Schubart			2025-11-08T05:37:43.080Z		CONTINENT_DERIVED_FROM_COUNTRY;TAXON_ID_NOT_FOUND;OCCURRENCE_STATUS_INFERRED_FROM_INDIVIDUAL_COUNT;COLLECTION_MATCH_NONE;INSTITUTION_MATCH_FUZZY
4101309629	1d2570da-e150-4d75-94d8-bfc5813062bc	03F887BA1309B15F4EA9FEE4FC055083.mc.3B393CF11308B15A4E0CF8E0FABF5219	Animalia	Arthropoda	Diplopoda	Spirostreptida	Pseudonannolenidae	Pseudonannolene	Pseudonannolene microzoporus		SPECIES	Pseudonannolene microzoporus Mauriès, 1987	Pseudonannolene microzoporus Mauries 1987	Mauries 1987	BR		Bahia	PRESENT	1	a064f300-1bc8-41ea-9364-b864ef4e8938	-19.535425	-44.026974							2011-04-04	4	4	2011	1026408	1026408	MATERIAL_CITATION	MOC		IBSP 5715				CC0_1_0		F. P. Franco			2025-11-08T05:37:43.076Z		GEODETIC_DATUM_ASSUMED_WGS84;CONTINENT_DERIVED_FROM_COORDINATES;TAXON_ID_NOT_FOUND;OCCURRENCE_STATUS_INFERRED_FROM_INDIVIDUAL_COUNT;AMBIGUOUS_INSTITUTION
4101309628	1d2570da-e150-4d75-94d8-bfc5813062bc	03F887BA1309B15F4EA9FEE4FC055083.mc.3B393CF1130FB15D4B3CFD43FCC757D3	Animalia	Arthropoda	Diplopoda	Spirostreptida	Pseudonannolenidae	Pseudonannolene	Pseudonannolene microzoporus		SPECIES	Pseudonannolene microzoporus Mauriès, 1987	Pseudonannolene microzoporus Mauries 1987	Mauries 1987	BR		Bahia	PRESENT	2	a064f300-1bc8-41ea-9364-b864ef4e8938													1026408	1026408	MATERIAL_CITATION	IBSP		IBSP 5696				CC0_1_0					2025-11-08T05:37:43.078Z		CONTINENT_DERIVED_FROM_COUNTRY;TAXON_ID_NOT_FOUND;OCCURRENCE_STATUS_INFERRED_FROM_INDIVIDUAL_COUNT;COLLECTION_MATCH_NONE;INSTITUTION_MATCH_FUZZY
4101309627	1d2570da-e150-4d75-94d8-bfc5813062bc	03F887BA1309B15F4EA9FEE4FC055083.mc.3B393CF1130FB15D4D8BF8D5FAFE526A	Animalia	Arthropoda	Diplopoda	Spirostreptida	Pseudonannolenidae	Pseudonannolene	Pseudonannolene microzoporus		SPECIES	Pseudonannolene microzoporus Mauriès, 1987	Pseudonannolene microzoporus Mauries 1987	Mauries 1987	BR		Bahia	PRESENT	1	a064f300-1bc8-41ea-9364-b864ef4e8938									2011-11-08	8	11	2011	1026408	1026408	MATERIAL_CITATION	IBSP		IBSP 5628				CC0_1_0					2025-11-08T05:37:43.072Z		CONTINENT_DERIVED_FROM_COUNTRY;TAXON_ID_NOT_FOUND;OCCURRENCE_STATUS_INFERRED_FROM_INDIVIDUAL_COUNT;COLLECTION_MATCH_NONE;INSTITUTION_MATCH_FUZZY
4101309626	1d2570da-e150-4d75-94d8-bfc5813062bc	03F887BA1369B13C4D45F916FC1A53ED.mc.3B393CF1136FB13D4C42FB0FFAED51C3	Animalia	Arthropoda	Diplopoda	Spirostreptida	Pseudonannolenidae	Pseudonannolene	Pseudonannolene tricolor		SPECIES	Pseudonannolene tricolor Brölemann, 1902	Pseudonannolene tricolor Brolemann 1902	Brolemann 1902	BR	Cupinzeiro	Sao Paulo	PRESENT	1	a064f300-1bc8-41ea-9364-b864ef4e8938									1943-09		9	1943	1026426	1026426	MATERIAL_CITATION	MZSP						CC0_1_0		O. Schubart			2025-11-08T05:37:42.909Z		CONTINENT_DERIVED_FROM_COUNTRY;TAXON_ID_NOT_FOUND;OCCURRENCE_STATUS_INFERRED_FROM_INDIVIDUAL_COUNT;COLLECTION_MATCH_NONE;INSTITUTION_MATCH_FUZZY
4101309623	1d2570da-e150-4d75-94d8-bfc5813062bc	03F887BA136CB1014D70FB4DFD9352E0.mc.3B393CF11353B1014A14FEA3FCAB54B3	Animalia	Arthropoda	Diplopoda	Spirostreptida	Pseudonannolenidae	Pseudonannolene	Pseudonannolene urbica		SPECIES	Pseudonannolene urbica Schubart, 1945	Pseudonannolene urbica Schubart 1945	Schubart 1945	BR	Sao Paulo	Sao Paulo	PRESENT	2	a064f300-1bc8-41ea-9364-b864ef4e8938	-23.55044	-46.633316			769.0								6186006	6186006	MATERIAL_CITATION	IBSP		IBSP 2008				CC0_1_0					2025-11-08T05:37:42.857Z		GEODETIC_DATUM_ASSUMED_WGS84;CONTINENT_DERIVED_FROM_COORDINATES;TAXON_ID_NOT_FOUND;OCCURRENCE_STATUS_INFERRED_FROM_INDIVIDUAL_COUNT;COLLECTION_MATCH_NONE;INSTITUTION_MATCH_FUZZY
4101309622	1d2570da-e150-4d75-94d8-bfc5813062bc	03F887BA1359B10D4D1CF979FCBE518D.mc.3B393CF11358B10A4CA1FD99FE2F578C	Animalia	Arthropoda	Diplopoda	Spirostreptida	Pseudonannolenidae	Pseudonannolene	Pseudonannolene morettii		SPECIES	Pseudonannolene morettii Iniesta, Bouzan & Brescovit, 2023	Pseudonannolene morettii Iniesta, Bouzan, and Brescovit 2023	Iniesta, Bouzan, and Brescovit 2023	BR	Parque Municipal da Serra do Itapety	Sao Paulo	PRESENT	1	a064f300-1bc8-41ea-9364-b864ef4e8938	-23.493336	-46.19638			881.0				2003-10-13	13	10	2003	12190204	12190204	MATERIAL_CITATION	IBSP		IBSP 2486				CC0_1_0		Mogi das Cruzes & Equipe Biota			2025-11-08T05:37:42.886Z		GEODETIC_DATUM_ASSUMED_WGS84;CONTINENT_DERIVED_FROM_COORDINATES;TAXON_ID_NOT_FOUND;OCCURRENCE_STATUS_INFERRED_FROM_INDIVIDUAL_COUNT;COLLECTION_MATCH_NONE;INSTITUTION_MATCH_FUZZY
4101309621	1d2570da-e150-4d75-94d8-bfc5813062bc	03F887BA132FB17F4EB3FCD4FDA5561E.mc.3B393CF1132EB17C4F99FE9EFCCA54B2	Animalia	Arthropoda	Diplopoda	Spirostreptida	Pseudonannolenidae	Pseudonannolene	Pseudonannolene caatinga		SPECIES	Pseudonannolene caatinga Iniesta & Ferreira, 2014	Pseudonannolene caatinga Iniesta & Ferreira 2014	Iniesta & Ferreira 2014	BR	Estacao Ecologica Murici	Alagoas	PRESENT	1	a064f300-1bc8-41ea-9364-b864ef4e8938	-9.232525	-35.858162			408.0				2003-09-13	13	9	2003	8682135	8682135	MATERIAL_CITATION	IBSP		IBSP 2180				CC0_1_0		Equipe Biota			2025-11-08T05:37:42.854Z		GEODETIC_DATUM_ASSUMED_WGS84;CONTINENT_DERIVED_FROM_COORDINATES;TAXON_ID_NOT_FOUND;OCCURRENCE_STATUS_INFERRED_FROM_INDIVIDUAL_COUNT;COLLECTION_MATCH_NONE;INSTITUTION_MATCH_FUZZY
4101309620	1d2570da-e150-4d75-94d8-bfc5813062bc	03F887BA1361B1354D4FF9B8FAB4500B.mc.3B393CF11360B1324C49FAE5FEA45078	Animalia	Arthropoda	Diplopoda	Spirostreptida	Pseudonannolenidae	Pseudonannolene	Pseudonannolene silvestris		SPECIES	Pseudonannolene silvestris Schubart, 1944	Pseudonannolene silvestris Schubart 1944	Schubart 1944	BR	Parque Estadual Turistico do Alto Ribeira	Sao Paulo	PRESENT	1	a064f300-1bc8-41ea-9364-b864ef4e8938	-24.485867	-48.646698			570.0				2001-11-08	8	11	2001	1026418	1026418	MATERIAL_CITATION	IBSP		IBSP 2291				CC0_1_0		Equipe Biota			2025-11-08T05:37:42.856Z		GEODETIC_DATUM_ASSUMED_WGS84;CONTINENT_DERIVED_FROM_COORDINATES;TAXON_ID_NOT_FOUND;OCCURRENCE_STATUS_INFERRED_FROM_INDIVIDUAL_COUNT;COLLECTION_MATCH_NONE;INSTITUTION_MATCH_FUZZY
4101309619	1d2570da-e150-4d75-94d8-bfc5813062bc	03F887BA1376B1274D46FE33FE985351.mc.3B393CF11376B1244FEBFADDFD675050	Animalia	Arthropoda	Diplopoda	Spirostreptida	Pseudonannolenidae	Pseudonannolene	Pseudonannolene paulista		SPECIES	Pseudonannolene paulista Brölemann, 1902	Pseudonannolene paulista Brolemann 1902	Brolemann 1902	BR	Estacao Ecologica de Assis	Sao Paulo	PRESENT	1	a064f300-1bc8-41ea-9364-b864ef4e8938	-22.661072	-50.419106			576.0				2002-11-25	25	11	2002	1026416	1026416	MATERIAL_CITATION	IBSP		IBSP 7896				CC0_1_0		Equipe Biota			2025-11-08T05:37:42.852Z		GEODETIC_DATUM_ASSUMED_WGS84;CONTINENT_DERIVED_FROM_COORDINATES;TAXON_ID_NOT_FOUND;OCCURRENCE_STATUS_INFERRED_FROM_INDIVIDUAL_COUNT;COLLECTION_MATCH_NONE;INSTITUTION_MATCH_FUZZY
4101309617	1d2570da-e150-4d75-94d8-bfc5813062bc	03F887BA1369B13C4D45F916FC1A53ED.mc.3B393CF1136FB13D4E0AF9AFFC3F5363	Animalia	Arthropoda	Diplopoda	Spirostreptida	Pseudonannolenidae	Pseudonannolene	Pseudonannolene tricolor		SPECIES	Pseudonannolene tricolor Brölemann, 1902	Pseudonannolene tricolor Brolemann 1902	Brolemann 1902	BR		Sao Paulo	PRESENT	3	a064f300-1bc8-41ea-9364-b864ef4e8938									1940-01-13	13	1	1940	1026426	1026426	MATERIAL_CITATION	MZSP						CC0_1_0		O. Schubart			2025-11-08T05:37:42.848Z		CONTINENT_DERIVED_FROM_COUNTRY;TAXON_ID_NOT_FOUND;OCCURRENCE_STATUS_INFERRED_FROM_INDIVIDUAL_COUNT;COLLECTION_MATCH_NONE;INSTITUTION_MATCH_FUZZY
4101309616	1d2570da-e150-4d75-94d8-bfc5813062bc	03F887BA1369B13C4D45F916FC1A53ED.mc.3B393CF1136FB13D4D04F923FE935233	Animalia	Arthropoda	Diplopoda	Spirostreptida	Pseudonannolenidae	Pseudonannolene	Pseudonannolene tricolor		SPECIES	Pseudonannolene tricolor Brölemann, 1902	Pseudonannolene tricolor Brolemann 1902	Brolemann 1902	BR		Sao Paulo	PRESENT	1	a064f300-1bc8-41ea-9364-b864ef4e8938									1941-01		1	1941	1026426	1026426	MATERIAL_CITATION	MZSP						CC0_1_0		Aguirre			2025-11-08T05:37:42.814Z		CONTINENT_DERIVED_FROM_COUNTRY;TAXON_ID_NOT_FOUND;OCCURRENCE_STATUS_INFERRED_FROM_INDIVIDUAL_COUNT;COLLECTION_MATCH_NONE;INSTITUTION_MATCH_FUZZY
4101309615	1d2570da-e150-4d75-94d8-bfc5813062bc	03F887BA137FB12F4E8DFAB8FDBF544A.mc.3B393CF1137EB12C4FEBFE7DFDB454F0	Animalia	Arthropoda	Diplopoda	Spirostreptida	Pseudonannolenidae	Pseudonannolene	Pseudonannolene rolamossa		SPECIES	Pseudonannolene rolamossa Iniesta & Ferreira, 2013	Pseudonannolene rolamossa Iniesta & Ferreira 2013	Iniesta & Ferreira 2013	BR	Minas Gerais	Minas Gerais	PRESENT	1	a064f300-1bc8-41ea-9364-b864ef4e8938	-20.151476	-44.201096			784.0								9543098	9543098	MATERIAL_CITATION	ISLA		ISLA 15054				CC0_1_0		M. P. Oliveira			2025-11-08T05:37:42.816Z		GEODETIC_DATUM_ASSUMED_WGS84;CONTINENT_DERIVED_FROM_COORDINATES;TAXON_ID_NOT_FOUND;OCCURRENCE_STATUS_INFERRED_FROM_INDIVIDUAL_COUNT;INSTITUTION_MATCH_NONE
4101309614	1d2570da-e150-4d75-94d8-bfc5813062bc	03F887BA1306B1564D40FB75FC835700.mc.3B393CF11305B1574FEBFE17FB9B5706	Animalia	Arthropoda	Diplopoda	Spirostreptida	Pseudonannolenidae	Pseudonannolene	Pseudonannolene maritima		SPECIES	Pseudonannolene maritima Schubart, 1949	Pseudonannolene maritima Schubart 1949	Schubart 1949	BR	Ilha da Queimada Grande	Sao Paulo	PRESENT	5	a064f300-1bc8-41ea-9364-b864ef4e8938	-24.487923	-46.674156			103.0				2003-04-01	1	4	2003	6186005	6186005	MATERIAL_CITATION	R		IBSP 1530				CC0_1_0		R. Martins & R. Bertani			2025-11-08T05:37:42.809Z		GEODETIC_DATUM_ASSUMED_WGS84;CONTINENT_DERIVED_FROM_COORDINATES;TAXON_ID_NOT_FOUND;OCCURRENCE_STATUS_INFERRED_FROM_INDIVIDUAL_COUNT;AMBIGUOUS_INSTITUTION
4101309613	1d2570da-e150-4d75-94d8-bfc5813062bc	03F887BA136CB1014D70FB4DFD9352E0.mc.3B393CF11353B1014B26FE30FBCB5727	Animalia	Arthropoda	Diplopoda	Spirostreptida	Pseudonannolenidae	Pseudonannolene	Pseudonannolene urbica		SPECIES	Pseudonannolene urbica Schubart, 1945	Pseudonannolene urbica Schubart 1945	Schubart 1945	BR	Bairro Morumbi	Sao Paulo	PRESENT	1	a064f300-1bc8-41ea-9364-b864ef4e8938	-23.598486	-46.720074			746.0				1948-12-06	6	12	1948	6186006	6186006	MATERIAL_CITATION	MZSP						CC0_1_0		E. Marcus			2025-11-08T05:37:42.811Z		GEODETIC_DATUM_ASSUMED_WGS84;CONTINENT_DERIVED_FROM_COORDINATES;TAXON_ID_NOT_FOUND;OCCURRENCE_STATUS_INFERRED_FROM_INDIVIDUAL_COUNT;COLLECTION_MATCH_NONE;INSTITUTION_MATCH_FUZZY
4101309612	1d2570da-e150-4d75-94d8-bfc5813062bc	03F887BA1359B10D4D1CF979FCBE518D.mc.3B393CF11358B10A4D95FA51FAB750E9	Animalia	Arthropoda	Diplopoda	Spirostreptida	Pseudonannolenidae	Pseudonannolene	Pseudonannolene morettii		SPECIES	Pseudonannolene morettii Iniesta, Bouzan & Brescovit, 2023	Pseudonannolene morettii Iniesta, Bouzan, and Brescovit 2023	Iniesta, Bouzan, and Brescovit 2023	BR	Parque Estadual do Jaragua	Sao Paulo	PRESENT	1	a064f300-1bc8-41ea-9364-b864ef4e8938	-23.459536	-46.75538			783.0				2002-10-14	14	10	2002	12190204	12190204	MATERIAL_CITATION	IBSP		IBSP 2379				CC0_1_0		Equipe Biota			2025-11-08T05:37:42.807Z		GEODETIC_DATUM_ASSUMED_WGS84;CONTINENT_DERIVED_FROM_COORDINATES;TAXON_ID_NOT_FOUND;OCCURRENCE_STATUS_INFERRED_FROM_INDIVIDUAL_COUNT;COLLECTION_MATCH_NONE;INSTITUTION_MATCH_FUZZY
4101309610	1d2570da-e150-4d75-94d8-bfc5813062bc	03F887BA1316B1474E87FEE4FAEF50E2.mc.3B393CF11316B1444CDEFAC4FE5F5058	Animalia	Arthropoda	Diplopoda	Spirostreptida	Pseudonannolenidae	Pseudonannolene	Pseudonannolene fontanettiae		SPECIES	Pseudonannolene fontanettiae Iniesta & Ferreira, 2014	Pseudonannolene fontanettiae Iniesta & Ferreira 2014	Iniesta & Ferreira 2014	BR	Reserva do Boqueirao	Minas Gerais	PRESENT	9	a064f300-1bc8-41ea-9364-b864ef4e8938	-21.34639	-44.990833			1066.0				2010-03-05	5	3	2010	8446495	8446495	MATERIAL_CITATION	IBSP		IBSP 3759				CC0_1_0		J. P. P. P. Barbosa			2025-11-08T05:37:42.780Z		GEODETIC_DATUM_ASSUMED_WGS84;CONTINENT_DERIVED_FROM_COORDINATES;TAXON_ID_NOT_FOUND;OCCURRENCE_STATUS_INFERRED_FROM_INDIVIDUAL_COUNT;COLLECTION_MATCH_NONE;INSTITUTION_MATCH_FUZZY
4101309609	1d2570da-e150-4d75-94d8-bfc5813062bc	03F887BA1359B10D4D1CF979FCBE518D.mc.3B393CF11358B10A4D71FAB8FABE5050	Animalia	Arthropoda	Diplopoda	Spirostreptida	Pseudonannolenidae	Pseudonannolene	Pseudonannolene morettii		SPECIES	Pseudonannolene morettii Iniesta, Bouzan & Brescovit, 2023	Pseudonannolene morettii Iniesta, Bouzan, and Brescovit 2023	Iniesta, Bouzan, and Brescovit 2023	BR	Parque Municipal da Serra do Japi	Sao Paulo	PRESENT	1	a064f300-1bc8-41ea-9364-b864ef4e8938	-23.22663	-46.92475			871.0				2017-10-12	12	10	2017	12190204	12190204	MATERIAL_CITATION	IBSP		IBSP 7894				CC0_1_0		A. D. Brescovit			2025-11-08T05:37:42.778Z		GEODETIC_DATUM_ASSUMED_WGS84;CONTINENT_DERIVED_FROM_COORDINATES;TAXON_ID_NOT_FOUND;OCCURRENCE_STATUS_INFERRED_FROM_INDIVIDUAL_COUNT;COLLECTION_MATCH_NONE;INSTITUTION_MATCH_FUZZY
4101309608	1d2570da-e150-4d75-94d8-bfc5813062bc	03F887BA131EB14E4EA1F88FFBC05194.mc.3B393CF1131DB14F4EAEFA43FC8650D5	Animalia	Arthropoda	Diplopoda	Spirostreptida	Pseudonannolenidae	Pseudonannolene	Pseudonannolene leucocephalus		SPECIES	Pseudonannolene leucocephalus Schubart, 1944	Pseudonannolene leucocephalus Schubart 1944	Schubart 1944	BR	Mata do Procopio	Sao Paulo	PRESENT	4	a064f300-1bc8-41ea-9364-b864ef4e8938	-21.84236	-47.47154			565.0				1944-03-07	7	3	1944	6186009	6186009	MATERIAL_CITATION	MZSP						CC0_1_0		N. dos Santos			2025-11-08T05:37:42.745Z		GEODETIC_DATUM_ASSUMED_WGS84;CONTINENT_DERIVED_FROM_COORDINATES;TAXON_ID_NOT_FOUND;OCCURRENCE_STATUS_INFERRED_FROM_INDIVIDUAL_COUNT;COLLECTION_MATCH_NONE;INSTITUTION_MATCH_FUZZY
4101309607	1d2570da-e150-4d75-94d8-bfc5813062bc	03F887BA1316B1474E87FEE4FAEF50E2.mc.3B393CF11316B1444FBCFBF8FC48516C	Animalia	Arthropoda	Diplopoda	Spirostreptida	Pseudonannolenidae	Pseudonannolene	Pseudonannolene fontanettiae		SPECIES	Pseudonannolene fontanettiae Iniesta & Ferreira, 2014	Pseudonannolene fontanettiae Iniesta & Ferreira 2014	Iniesta & Ferreira 2014	BR	BRAZIL	Minas Gerais	PRESENT	1	a064f300-1bc8-41ea-9364-b864ef4e8938	-21.140467	-44.187565			992.0				2014-02-25	25	2	2014	8446495	8446495	MATERIAL_CITATION	R		ISLA 5034				CC0_1_0		L. Ferreira & L. F. M. Iniesta & M. Souza-Silva & L. Azara & M. Mendonca	Paratype		2025-11-08T05:37:42.744Z		GEODETIC_DATUM_ASSUMED_WGS84;CONTINENT_DERIVED_FROM_COORDINATES;TAXON_ID_NOT_FOUND;OCCURRENCE_STATUS_INFERRED_FROM_INDIVIDUAL_COUNT;AMBIGUOUS_INSTITUTION
4101309606	1d2570da-e150-4d75-94d8-bfc5813062bc	03F887BA1310B1454EA2FC15FC77528B.mc.3B393CF11317B1454E83FE5AFBF854EE	Animalia	Arthropoda	Diplopoda	Spirostreptida	Pseudonannolenidae	Pseudonannolene	Pseudonannolene erikae		SPECIES	Pseudonannolene erikae Iniesta & Ferreira, 2014	Pseudonannolene erikae Iniesta & Ferreira 2014	Iniesta & Ferreira 2014	BR	Sao Jose da Lapa	Minas Gerais	PRESENT	3	a064f300-1bc8-41ea-9364-b864ef4e8938	-19.69921	-43.95831			732.0				2012-12-17	17	12	2012	8568561	8568561	MATERIAL_CITATION	IBSP		IBSP 7613				CC0_1_0		Bueno			2025-11-08T05:37:42.742Z		GEODETIC_DATUM_ASSUMED_WGS84;CONTINENT_DERIVED_FROM_COORDINATES;TAXON_ID_NOT_FOUND;OCCURRENCE_STATUS_INFERRED_FROM_INDIVIDUAL_COUNT;COLLECTION_MATCH_NONE;INSTITUTION_MATCH_FUZZY
4101309604	1d2570da-e150-4d75-94d8-bfc5813062bc	03F887BA1373B1234D42FCF9FB915768.mc.3B393CF11373B1214E48F941FCC053F9	Animalia	Arthropoda	Diplopoda	Spirostreptida	Pseudonannolenidae	Pseudonannolene	Pseudonannolene ophiiulus		SPECIES	Pseudonannolene ophiiulus Schubart, 1944	Pseudonannolene ophiiulus Schubart 1944	Schubart 1944	BR	Amparo	Sao Paulo	PRESENT	1	a064f300-1bc8-41ea-9364-b864ef4e8938	-22.708628	-46.772545			703.0				1943-04		4	1943	6185999	6185999	MATERIAL_CITATION	MZSP						CC0_1_0		F. Lane			2025-11-08T05:37:42.736Z		GEODETIC_DATUM_ASSUMED_WGS84;CONTINENT_DERIVED_FROM_COORDINATES;TAXON_ID_NOT_FOUND;OCCURRENCE_STATUS_INFERRED_FROM_INDIVIDUAL_COUNT;COLLECTION_MATCH_NONE;INSTITUTION_MATCH_FUZZY
4101309603	1d2570da-e150-4d75-94d8-bfc5813062bc	03F887BA1371B1224D74FD91FED55297.mc.3B393CF11370B1224CDFFEE5FEA75478	Animalia	Arthropoda	Diplopoda	Spirostreptida	Pseudonannolenidae	Pseudonannolene	Pseudonannolene parvula		SPECIES	Pseudonannolene parvula Silvestri, 1902	Pseudonannolene parvula Silvestri 1902	Silvestri 1902	BR	Parque Nacional do Iguacu	Parana	PRESENT	1	a064f300-1bc8-41ea-9364-b864ef4e8938	-25.500435	-54.58335			195.0				2002-03-03	3	3	2002	1026412	1026412	MATERIAL_CITATION	IBSP		IBSP 1953				CC0_1_0		Equipe Biota			2025-11-08T05:37:42.738Z		GEODETIC_DATUM_ASSUMED_WGS84;CONTINENT_DERIVED_FROM_COORDINATES;TAXON_ID_NOT_FOUND;OCCURRENCE_STATUS_INFERRED_FROM_INDIVIDUAL_COUNT;COLLECTION_MATCH_NONE;INSTITUTION_MATCH_FUZZY
4101309602	1d2570da-e150-4d75-94d8-bfc5813062bc	03F887BA1362B1334D5AFD7FFEE75313.mc.3B393CF11362B1304C2BFA06FE585319	Animalia	Arthropoda	Diplopoda	Spirostreptida	Pseudonannolenidae	Pseudonannolene	Pseudonannolene segmentata		SPECIES	Pseudonannolene segmentata Silvestri, 1895	Pseudonannolene segmentata Silvestri 1895	Silvestri 1895	BR	Bonito	Mato Grosso do Sul	PRESENT	1	a064f300-1bc8-41ea-9364-b864ef4e8938	-21.128975	-56.48172			294.0				2002-10-14	14	10	2002	1026417	1026417	MATERIAL_CITATION	IBSP		IBSP 2601				CC0_1_0		Equipe Biota			2025-11-08T05:37:42.734Z		GEODETIC_DATUM_ASSUMED_WGS84;CONTINENT_DERIVED_FROM_COORDINATES;TAXON_ID_NOT_FOUND;OCCURRENCE_STATUS_INFERRED_FROM_INDIVIDUAL_COUNT;COLLECTION_MATCH_NONE;INSTITUTION_MATCH_FUZZY
4101309601	1d2570da-e150-4d75-94d8-bfc5813062bc	03F887BA1359B10D4D1CF979FCBE518D.mc.3B393CF11358B10A4FEBFC41FCB056F9	Animalia	Arthropoda	Diplopoda	Spirostreptida	Pseudonannolenidae	Pseudonannolene	Pseudonannolene morettii		SPECIES	Pseudonannolene morettii Iniesta, Bouzan & Brescovit, 2023	Pseudonannolene morettii Iniesta, Bouzan, and Brescovit 2023	Iniesta, Bouzan, and Brescovit 2023	BR	Parque Municipal da Serra do Itapety	Sao Paulo	PRESENT	1	a064f300-1bc8-41ea-9364-b864ef4e8938	-23.493336	-46.19638			881.0				2003-10-13	13	10	2003	12190204	12190204	MATERIAL_CITATION	IBSP		IBSP 2468				CC0_1_0		Mogi das Cruzes & Equipe Biota			2025-11-08T05:37:42.733Z		GEODETIC_DATUM_ASSUMED_WGS84;CONTINENT_DERIVED_FROM_COORDINATES;TAXON_ID_NOT_FOUND;OCCURRENCE_STATUS_INFERRED_FROM_INDIVIDUAL_COUNT;COLLECTION_MATCH_NONE;INSTITUTION_MATCH_FUZZY
4101309600	1d2570da-e150-4d75-94d8-bfc5813062bc	03F887BA1350B1054D00FAAAFAAC52DE.mc.3B393CF11357B1054D3FFDD4FAFC576D	Animalia	Arthropoda	Diplopoda	Spirostreptida	Pseudonannolenidae	Pseudonannolene	Pseudonannolene aurea		SPECIES	Pseudonannolene aurea Iniesta, Bouzan & Brescovit, 2023	Pseudonannolene aurea Iniesta, Bouzan, and Brescovit 2023	Iniesta, Bouzan, and Brescovit 2023	BR	Coluna cave	Tocantins	PRESENT	1	a064f300-1bc8-41ea-9364-b864ef4e8938									2008-05-21	21	5	2008	12242100	12242100	MATERIAL_CITATION	IBSP		IBSP 5836				CC0_1_0		F. Pellegatti			2025-11-08T05:37:42.731Z		CONTINENT_DERIVED_FROM_COUNTRY;TAXON_ID_NOT_FOUND;OCCURRENCE_STATUS_INFERRED_FROM_INDIVIDUAL_COUNT;COLLECTION_MATCH_NONE;INSTITUTION_MATCH_FUZZY
4101309597	1d2570da-e150-4d75-94d8-bfc5813062bc	03F887BA1309B15F4EA9FEE4FC055083.mc.3B393CF1130FB15D4E07FE7AFD92548F	Animalia	Arthropoda	Diplopoda	Spirostreptida	Pseudonannolenidae	Pseudonannolene	Pseudonannolene microzoporus		SPECIES	Pseudonannolene microzoporus Mauriès, 1987	Pseudonannolene microzoporus Mauries 1987	Mauries 1987	BR		Bahia	PRESENT	1	a064f300-1bc8-41ea-9364-b864ef4e8938													1026408	1026408	MATERIAL_CITATION	IBSP		IBSP 5726				CC0_1_0					2025-11-08T05:37:42.724Z		CONTINENT_DERIVED_FROM_COUNTRY;TAXON_ID_NOT_FOUND;OCCURRENCE_STATUS_INFERRED_FROM_INDIVIDUAL_COUNT;COLLECTION_MATCH_NONE;INSTITUTION_MATCH_FUZZY
4101309596	1d2570da-e150-4d75-94d8-bfc5813062bc	03F887BA1369B13C4D45F916FC1A53ED.mc.3B393CF1136FB13D4DF0FC6FFA8C56A3	Animalia	Arthropoda	Diplopoda	Spirostreptida	Pseudonannolenidae	Pseudonannolene	Pseudonannolene tricolor		SPECIES	Pseudonannolene tricolor Brölemann, 1902	Pseudonannolene tricolor Brolemann 1902	Brolemann 1902	BR	Fazenda Ponte Alta	Sao Paulo	PRESENT	2	a064f300-1bc8-41ea-9364-b864ef4e8938	-22.69015	-46.682655			767.0				1943-10-30	30	10	1943	1026426	1026426	MATERIAL_CITATION	MZSP						CC0_1_0		O. Schubart			2025-11-08T05:37:42.723Z		GEODETIC_DATUM_ASSUMED_WGS84;CONTINENT_DERIVED_FROM_COORDINATES;TAXON_ID_NOT_FOUND;OCCURRENCE_STATUS_INFERRED_FROM_INDIVIDUAL_COUNT;COLLECTION_MATCH_NONE;INSTITUTION_MATCH_FUZZY
4101309595	1d2570da-e150-4d75-94d8-bfc5813062bc	03F887BA137CB1304EACFD5CFB445752.mc.3B393CF11363B1314D7FFE13FAB75727	Animalia	Arthropoda	Diplopoda	Spirostreptida	Pseudonannolenidae	Pseudonannolene	Pseudonannolene sebastianus		SPECIES	Pseudonannolene sebastianus Brölemann, 1902	Pseudonannolene sebastianus Brolemann 1902	Brolemann 1902	BR	Ilha Anchieta	Sao Paulo	PRESENT	1	a064f300-1bc8-41ea-9364-b864ef4e8938	-23.550426	-45.066635			162.0				2001-07-23	23	7	2001	6186003	6186003	MATERIAL_CITATION	IBSP		IBSP 1406				CC0_1_0		Equipe Biota			2025-11-08T05:37:42.721Z		GEODETIC_DATUM_ASSUMED_WGS84;CONTINENT_DERIVED_FROM_COORDINATES;TAXON_ID_NOT_FOUND;OCCURRENCE_STATUS_INFERRED_FROM_INDIVIDUAL_COUNT;COLLECTION_MATCH_NONE;INSTITUTION_MATCH_FUZZY
4101309594	1d2570da-e150-4d75-94d8-bfc5813062bc	03F887BA1369B13C4D45F916FC1A53ED.mc.3B393CF1136FB13D4F86FBBAFB87514E	Animalia	Arthropoda	Diplopoda	Spirostreptida	Pseudonannolenidae	Pseudonannolene	Pseudonannolene tricolor		SPECIES	Pseudonannolene tricolor Brölemann, 1902	Pseudonannolene tricolor Brolemann 1902	Brolemann 1902	BR	Cachoeira	Sao Paulo	PRESENT	2	a064f300-1bc8-41ea-9364-b864ef4e8938									1939-12-05	5	12	1939	1026426	1026426	MATERIAL_CITATION	MZSP						CC0_1_0		O. Schubart			2025-11-08T05:37:42.719Z		CONTINENT_DERIVED_FROM_COUNTRY;TAXON_ID_NOT_FOUND;OCCURRENCE_STATUS_INFERRED_FROM_INDIVIDUAL_COUNT;COLLECTION_MATCH_NONE;INSTITUTION_MATCH_FUZZY
4101309593	1d2570da-e150-4d75-94d8-bfc5813062bc	03F887BA1362B1334D5AFD7FFEE75313.mc.3B393CF11362B1304F87FA06FCFA533B	Animalia	Arthropoda	Diplopoda	Spirostreptida	Pseudonannolenidae	Pseudonannolene	Pseudonannolene segmentata		SPECIES	Pseudonannolene segmentata Silvestri, 1895	Pseudonannolene segmentata Silvestri 1895	Silvestri 1895	BR	Bonito	Mato Grosso do Sul	PRESENT	1	a064f300-1bc8-41ea-9364-b864ef4e8938	-21.128975	-56.48172			294.0				2002-10-14	14	10	2002	1026417	1026417	MATERIAL_CITATION	IBSP		IBSP 2599				CC0_1_0		Equipe Biota			2025-11-08T05:37:42.715Z		GEODETIC_DATUM_ASSUMED_WGS84;CONTINENT_DERIVED_FROM_COORDINATES;TAXON_ID_NOT_FOUND;OCCURRENCE_STATUS_INFERRED_FROM_INDIVIDUAL_COUNT;COLLECTION_MATCH_NONE;INSTITUTION_MATCH_FUZZY
4101309592	1d2570da-e150-4d75-94d8-bfc5813062bc	03F887BA1371B1224D74FD91FED55297.mc.3B393CF11371B1234BBFF9BBFD5353AD	Animalia	Arthropoda	Diplopoda	Spirostreptida	Pseudonannolenidae	Pseudonannolene	Pseudonannolene parvula		SPECIES	Pseudonannolene parvula Silvestri, 1902	Pseudonannolene parvula Silvestri 1902	Silvestri 1902	BR	Parque Nacional do Iguacu	Parana	PRESENT	2	a064f300-1bc8-41ea-9364-b864ef4e8938	-25.500435	-54.58335			195.0				2002-03-03	3	3	2002	1026412	1026412	MATERIAL_CITATION	IBSP		IBSP 1462				CC0_1_0		Equipe Biota			2025-11-08T05:37:42.716Z		GEODETIC_DATUM_ASSUMED_WGS84;CONTINENT_DERIVED_FROM_COORDINATES;TAXON_ID_NOT_FOUND;OCCURRENCE_STATUS_INFERRED_FROM_INDIVIDUAL_COUNT;COLLECTION_MATCH_NONE;INSTITUTION_MATCH_FUZZY
4101309591	1d2570da-e150-4d75-94d8-bfc5813062bc	03F887BA1309B15F4EA9FEE4FC055083.mc.3B393CF11308B15A4E07F94FFB6F5383	Animalia	Arthropoda	Diplopoda	Spirostreptida	Pseudonannolenidae	Pseudonannolene	Pseudonannolene microzoporus		SPECIES	Pseudonannolene microzoporus Mauriès, 1987	Pseudonannolene microzoporus Mauries 1987	Mauries 1987	BR	Mocambeiro	Bahia	PRESENT	1	a064f300-1bc8-41ea-9364-b864ef4e8938	-19.535425	-44.026974							2011-04-04	4	4	2011	1026408	1026408	MATERIAL_CITATION	IBSP		IBSP 5695				CC0_1_0		F. P. Franco			2025-11-08T05:37:42.711Z		GEODETIC_DATUM_ASSUMED_WGS84;CONTINENT_DERIVED_FROM_COORDINATES;TAXON_ID_NOT_FOUND;OCCURRENCE_STATUS_INFERRED_FROM_INDIVIDUAL_COUNT;COLLECTION_MATCH_NONE;INSTITUTION_MATCH_FUZZY
4101309590	1d2570da-e150-4d75-94d8-bfc5813062bc	03F887BA1369B13C4D45F916FC1A53ED.mc.3B393CF1136FB13D4A12FAA0FCB650B7	Animalia	Arthropoda	Diplopoda	Spirostreptida	Pseudonannolenidae	Pseudonannolene	Pseudonannolene tricolor		SPECIES	Pseudonannolene tricolor Brölemann, 1902	Pseudonannolene tricolor Brolemann 1902	Brolemann 1902	BR	Laranja Azeda	Sao Paulo	PRESENT	1	a064f300-1bc8-41ea-9364-b864ef4e8938									1939-01-05	5	1	1939	1026426	1026426	MATERIAL_CITATION	MZSP						CC0_1_0		O. Schubart			2025-11-08T05:37:42.709Z		CONTINENT_DERIVED_FROM_COUNTRY;TAXON_ID_NOT_FOUND;OCCURRENCE_STATUS_INFERRED_FROM_INDIVIDUAL_COUNT;COLLECTION_MATCH_NONE;INSTITUTION_MATCH_FUZZY
4101309589	1d2570da-e150-4d75-94d8-bfc5813062bc	03F887BA130BB1584D75FB43FAF3524B.mc.3B393CF1130AB1584C5CFEBDFEA754B0	Animalia	Arthropoda	Diplopoda	Spirostreptida	Pseudonannolenidae	Pseudonannolene	Pseudonannolene mesai		SPECIES	Pseudonannolene mesai Fontanetti, 2000	Pseudonannolene mesai Fontanetti 2000	Fontanetti 2000	BR	Estacao Biologica de Boraceia	Sao Paulo	PRESENT	1	a064f300-1bc8-41ea-9364-b864ef4e8938	-23.633125	-45.882183			943.0				2001-05		5	2001	9424035	9424035	MATERIAL_CITATION	IBSP		IBSP 1890				CC0_1_0		Equipe Biota			2025-11-08T05:37:42.706Z		GEODETIC_DATUM_ASSUMED_WGS84;CONTINENT_DERIVED_FROM_COORDINATES;TAXON_ID_NOT_FOUND;OCCURRENCE_STATUS_INFERRED_FROM_INDIVIDUAL_COUNT;COLLECTION_MATCH_NONE;INSTITUTION_MATCH_FUZZY
4101309588	1d2570da-e150-4d75-94d8-bfc5813062bc	03F887BA1309B15F4EA9FEE4FC055083.mc.3B393CF1130FB15D4E0FFEC0FABF5479	Animalia	Arthropoda	Diplopoda	Spirostreptida	Pseudonannolenidae	Pseudonannolene	Pseudonannolene microzoporus		SPECIES	Pseudonannolene microzoporus Mauriès, 1987	Pseudonannolene microzoporus Mauries 1987	Mauries 1987	BR	Mocambeiro	Bahia	PRESENT	1	a064f300-1bc8-41ea-9364-b864ef4e8938	-19.535425	-44.026974							2011-04-04	4	4	2011	1026408	1026408	MATERIAL_CITATION	IBSP		IBSP 5719				CC0_1_0		F. P. Franco			2025-11-08T05:37:42.704Z		GEODETIC_DATUM_ASSUMED_WGS84;CONTINENT_DERIVED_FROM_COORDINATES;TAXON_ID_NOT_FOUND;OCCURRENCE_STATUS_INFERRED_FROM_INDIVIDUAL_COUNT;COLLECTION_MATCH_NONE;INSTITUTION_MATCH_FUZZY
4101309587	1d2570da-e150-4d75-94d8-bfc5813062bc	03F887BA1306B1564D40FB75FC835700.mc.3B393CF11305B1574ED3FD47FEA657D6	Animalia	Arthropoda	Diplopoda	Spirostreptida	Pseudonannolenidae	Pseudonannolene	Pseudonannolene maritima		SPECIES	Pseudonannolene maritima Schubart, 1949	Pseudonannolene maritima Schubart 1949	Schubart 1949	BR	Ilha dos Alcatrazes	Sao Paulo	PRESENT	11	a064f300-1bc8-41ea-9364-b864ef4e8938	-24.098785	-45.69324			60.0				1994-05-15	15	5	1994	6186005	6186005	MATERIAL_CITATION	IBSP		IBSP 1102				CC0_1_0		A. Eterovic			2025-11-08T05:37:42.702Z		GEODETIC_DATUM_ASSUMED_WGS84;CONTINENT_DERIVED_FROM_COORDINATES;TAXON_ID_NOT_FOUND;OCCURRENCE_STATUS_INFERRED_FROM_INDIVIDUAL_COUNT;COLLECTION_MATCH_NONE;INSTITUTION_MATCH_FUZZY
4101309586	1d2570da-e150-4d75-94d8-bfc5813062bc	03F887BA132FB17F4EB3FCD4FDA5561E.mc.3B393CF1132EB17C4D42FC71FEA156E4	Animalia	Arthropoda	Diplopoda	Spirostreptida	Pseudonannolenidae	Pseudonannolene	Pseudonannolene caatinga		SPECIES	Pseudonannolene caatinga Iniesta & Ferreira, 2014	Pseudonannolene caatinga Iniesta & Ferreira 2014	Iniesta & Ferreira 2014	BR	Caetite	Bahia	PRESENT	1	a064f300-1bc8-41ea-9364-b864ef4e8938	-14.066228	-42.486908							2008-12-08	8	12	2008	8682135	8682135	MATERIAL_CITATION	IBSP		IBSP 5793				CC0_1_0		Andrade			2025-11-08T05:37:42.700Z		GEODETIC_DATUM_ASSUMED_WGS84;CONTINENT_DERIVED_FROM_COORDINATES;TAXON_ID_NOT_FOUND;OCCURRENCE_STATUS_INFERRED_FROM_INDIVIDUAL_COUNT;COLLECTION_MATCH_NONE;INSTITUTION_MATCH_FUZZY
4101309585	1d2570da-e150-4d75-94d8-bfc5813062bc	03F887BA1309B15F4EA9FEE4FC055083.mc.3B393CF1130FB15D4C50F8FAFD58526A	Animalia	Arthropoda	Diplopoda	Spirostreptida	Pseudonannolenidae	Pseudonannolene	Pseudonannolene microzoporus		SPECIES	Pseudonannolene microzoporus Mauriès, 1987	Pseudonannolene microzoporus Mauries 1987	Mauries 1987	BR		Bahia	PRESENT	1	a064f300-1bc8-41ea-9364-b864ef4e8938									2011-11-08	8	11	2011	1026408	1026408	MATERIAL_CITATION	IBSP		IBSP 5627				CC0_1_0					2025-11-08T05:37:42.698Z		CONTINENT_DERIVED_FROM_COUNTRY;TAXON_ID_NOT_FOUND;OCCURRENCE_STATUS_INFERRED_FROM_INDIVIDUAL_COUNT;COLLECTION_MATCH_NONE;INSTITUTION_MATCH_FUZZY
4101309584	1d2570da-e150-4d75-94d8-bfc5813062bc	03F887BA137CB1304EACFD5CFB445752.mc.3B393CF11363B1314CC4FEC0FD5A5454	Animalia	Arthropoda	Diplopoda	Spirostreptida	Pseudonannolenidae	Pseudonannolene	Pseudonannolene sebastianus		SPECIES	Pseudonannolene sebastianus Brölemann, 1902	Pseudonannolene sebastianus Brolemann 1902	Brolemann 1902	BR	Ilha Anchieta	Sao Paulo	PRESENT	7	a064f300-1bc8-41ea-9364-b864ef4e8938	-23.550426	-45.066635			162.0				2001-07-23	23	7	2001	6186003	6186003	MATERIAL_CITATION	IBSP		IBSP 1435				CC0_1_0		Equipe Biota			2025-11-08T05:37:42.696Z		GEODETIC_DATUM_ASSUMED_WGS84;CONTINENT_DERIVED_FROM_COORDINATES;TAXON_ID_NOT_FOUND;OCCURRENCE_STATUS_INFERRED_FROM_INDIVIDUAL_COUNT;COLLECTION_MATCH_NONE;INSTITUTION_MATCH_FUZZY
4101309583	1d2570da-e150-4d75-94d8-bfc5813062bc	03F887BA1369B13C4D45F916FC1A53ED.mc.3B393CF11368B13A4FEBFAF7FBE05066	Animalia	Arthropoda	Diplopoda	Spirostreptida	Pseudonannolenidae	Pseudonannolene	Pseudonannolene tricolor		SPECIES	Pseudonannolene tricolor Brölemann, 1902	Pseudonannolene tricolor Brolemann 1902	Brolemann 1902	BR	Fazenda Santa Maria	Sao Paulo	PRESENT	1	a064f300-1bc8-41ea-9364-b864ef4e8938	-22.689959	-46.682377			779.0				1942-02-27	27	2	1942	1026426	1026426	MATERIAL_CITATION	MZSP						CC0_1_0		F. Lane	Holotype		2025-11-08T05:37:42.653Z		GEODETIC_DATUM_ASSUMED_WGS84;CONTINENT_DERIVED_FROM_COORDINATES;TAXON_ID_NOT_FOUND;OCCURRENCE_STATUS_INFERRED_FROM_INDIVIDUAL_COUNT;COLLECTION_MATCH_NONE;INSTITUTION_MATCH_FUZZY
4101309582	1d2570da-e150-4d75-94d8-bfc5813062bc	03F887BA1309B15F4EA9FEE4FC055083.mc.3B393CF1130EB15C4FEBFEA3FBF35454	Animalia	Arthropoda	Diplopoda	Spirostreptida	Pseudonannolenidae	Pseudonannolene	Pseudonannolene microzoporus		SPECIES	Pseudonannolene microzoporus Mauriès, 1987	Pseudonannolene microzoporus Mauries 1987	Mauries 1987	BR		Bahia	PRESENT	1	a064f300-1bc8-41ea-9364-b864ef4e8938									2011-06-28	28	6	2011	1026408	1026408	MATERIAL_CITATION	IBSP		IBSP 5646				CC0_1_0					2025-11-08T05:37:42.559Z		CONTINENT_DERIVED_FROM_COUNTRY;TAXON_ID_NOT_FOUND;OCCURRENCE_STATUS_INFERRED_FROM_INDIVIDUAL_COUNT;COLLECTION_MATCH_NONE;INSTITUTION_MATCH_FUZZY
4101309579	1d2570da-e150-4d75-94d8-bfc5813062bc	03F887BA136EB13E4D7BF916FB3C5145.mc.3B393CF1136DB13F4FEBFB27FC5651DA	Animalia	Arthropoda	Diplopoda	Spirostreptida	Pseudonannolenidae	Pseudonannolene	Pseudonannolene typica		SPECIES	Pseudonannolene typica Silvestri, 1895	Pseudonannolene typica Silvestri 1895	Silvestri 1895	BR	Parana	Parana	PRESENT	1	a064f300-1bc8-41ea-9364-b864ef4e8938													1026409	1026409	MATERIAL_CITATION	USNM						CC0_1_0		G. Bove	Syntype		2025-11-08T05:37:42.517Z		CONTINENT_DERIVED_FROM_COUNTRY;TAXON_ID_NOT_FOUND;OCCURRENCE_STATUS_INFERRED_FROM_INDIVIDUAL_COUNT;COLLECTION_MATCH_NONE;INSTITUTION_MATCH_FUZZY
4101309577	1d2570da-e150-4d75-94d8-bfc5813062bc	03F887BA1350B1054D00FAAAFAAC52DE.mc.3B393CF11357B1054FBCFEE5FD735456	Animalia	Arthropoda	Diplopoda	Spirostreptida	Pseudonannolenidae	Pseudonannolene	Pseudonannolene aurea		SPECIES	Pseudonannolene aurea Iniesta, Bouzan & Brescovit, 2023	Pseudonannolene aurea Iniesta, Bouzan, and Brescovit 2023	Iniesta, Bouzan, and Brescovit 2023	BR	Areia cave	Tocantins	PRESENT	7	a064f300-1bc8-41ea-9364-b864ef4e8938	-11.624226	-46.820595			670.0				2008-05-21	21	5	2008	12242100	12242100	MATERIAL_CITATION	IBSP		IBSP 5854				CC0_1_0		F. Pellegatti	Paratype		2025-11-08T05:37:42.515Z		GEODETIC_DATUM_ASSUMED_WGS84;CONTINENT_DERIVED_FROM_COORDINATES;TAXON_ID_NOT_FOUND;OCCURRENCE_STATUS_INFERRED_FROM_INDIVIDUAL_COUNT;COLLECTION_MATCH_NONE;INSTITUTION_MATCH_FUZZY
4101309576	1d2570da-e150-4d75-94d8-bfc5813062bc	03F887BA135AB10B4D12FBEDFA895350.mc.3B393CF1135AB1084E03F872FB775286	Animalia	Arthropoda	Diplopoda	Spirostreptida	Pseudonannolenidae	Pseudonannolene	Pseudonannolene insularis		SPECIES	Pseudonannolene insularis Iniesta, Bouzan & Brescovit, 2023	Pseudonannolene insularis Iniesta, Bouzan, and Brescovit 2023	Iniesta, Bouzan, and Brescovit 2023	BR	Ilha Prumirim	Sao Paulo	PRESENT	7	a064f300-1bc8-41ea-9364-b864ef4e8938	-23.385075	-44.944206			75.0				1994-09-02	2	9	1994	12196671	12196671	MATERIAL_CITATION	IBSP		IBSP 1116				CC0_1_0		C. F. Viera & A. Eterovic			2025-11-08T05:37:42.498Z		GEODETIC_DATUM_ASSUMED_WGS84;CONTINENT_DERIVED_FROM_COORDINATES;TAXON_ID_NOT_FOUND;OCCURRENCE_STATUS_INFERRED_FROM_INDIVIDUAL_COUNT;COLLECTION_MATCH_NONE;INSTITUTION_MATCH_FUZZY
4101309575	1d2570da-e150-4d75-94d8-bfc5813062bc	03F887BA1316B1474E87FEE4FAEF50E2.mc.3B393CF11316B1444CB9F9AEFE7253BE	Animalia	Arthropoda	Diplopoda	Spirostreptida	Pseudonannolenidae	Pseudonannolene	Pseudonannolene fontanettiae		SPECIES	Pseudonannolene fontanettiae Iniesta & Ferreira, 2014	Pseudonannolene fontanettiae Iniesta & Ferreira 2014	Iniesta & Ferreira 2014	BR	Sete Lagoas	Minas Gerais	PRESENT	2	a064f300-1bc8-41ea-9364-b864ef4e8938	-19.457188	-44.236374			775.0				2014-03-13	13	3	2014	8446495	8446495	MATERIAL_CITATION	IBSP		IBSP 7075				CC0_1_0		Equipe Carste			2025-11-08T05:37:42.494Z		GEODETIC_DATUM_ASSUMED_WGS84;CONTINENT_DERIVED_FROM_COORDINATES;TAXON_ID_NOT_FOUND;OCCURRENCE_STATUS_INFERRED_FROM_INDIVIDUAL_COUNT;COLLECTION_MATCH_NONE;INSTITUTION_MATCH_FUZZY
4101309573	1d2570da-e150-4d75-94d8-bfc5813062bc	03F887BA130BB1584D75FB43FAF3524B.mc.3B393CF1130AB1584E00FE98FC5354B0	Animalia	Arthropoda	Diplopoda	Spirostreptida	Pseudonannolenidae	Pseudonannolene	Pseudonannolene mesai		SPECIES	Pseudonannolene mesai Fontanetti, 2000	Pseudonannolene mesai Fontanetti 2000	Fontanetti 2000	BR	Estacao Biologica de Boraceia	Sao Paulo	PRESENT	1	a064f300-1bc8-41ea-9364-b864ef4e8938	-23.633125	-45.882183			943.0				2001-05		5	2001	9424035	9424035	MATERIAL_CITATION	IBSP		IBSP 816				CC0_1_0		Equipe Biota			2025-11-08T05:37:42.490Z		GEODETIC_DATUM_ASSUMED_WGS84;CONTINENT_DERIVED_FROM_COORDINATES;TAXON_ID_NOT_FOUND;OCCURRENCE_STATUS_INFERRED_FROM_INDIVIDUAL_COUNT;COLLECTION_MATCH_NONE;INSTITUTION_MATCH_FUZZY
4101309571	1d2570da-e150-4d75-94d8-bfc5813062bc	03F887BA1351B1024D0DFD47FEA05021.mc.3B393CF11351B1034B7AFA50FD9450C7	Animalia	Arthropoda	Diplopoda	Spirostreptida	Pseudonannolenidae	Pseudonannolene	Pseudonannolene alata		SPECIES	Pseudonannolene alata Iniesta, Bouzan & Brescovit, 2023	Pseudonannolene alata Iniesta, Bouzan, and Brescovit 2023	Iniesta, Bouzan, and Brescovit 2023	BR	Ilha do Arvoredo	Santa Catarina	PRESENT	4	a064f300-1bc8-41ea-9364-b864ef4e8938	-27.281094	-48.36661			130.0				2018-05-15	15	5	2018	12252733	12252733	MATERIAL_CITATION	IBSP		IBSP 7877				CC0_1_0		S. Bouzan			2025-11-08T05:37:42.474Z		GEODETIC_DATUM_ASSUMED_WGS84;CONTINENT_DERIVED_FROM_COORDINATES;TAXON_ID_NOT_FOUND;OCCURRENCE_STATUS_INFERRED_FROM_INDIVIDUAL_COUNT;COLLECTION_MATCH_NONE;INSTITUTION_MATCH_FUZZY
4101309570	1d2570da-e150-4d75-94d8-bfc5813062bc	03F887BA130BB1584D75FB43FAF3524B.mc.3B393CF1130BB1594FBCF881FD3252F2	Animalia	Arthropoda	Diplopoda	Spirostreptida	Pseudonannolenidae	Pseudonannolene	Pseudonannolene mesai		SPECIES	Pseudonannolene mesai Fontanetti, 2000	Pseudonannolene mesai Fontanetti 2000	Fontanetti 2000	BR	Sao Paulo	Sao Paulo	PRESENT	1	a064f300-1bc8-41ea-9364-b864ef4e8938	-23.633125	-45.882183			943.0				1990-11		11	1990	9424035	9424035	MATERIAL_CITATION	MZSP						CC0_1_0		A. Mesa & J. A. Diniz-Filho	Paratype		2025-11-08T05:37:42.470Z		GEODETIC_DATUM_ASSUMED_WGS84;CONTINENT_DERIVED_FROM_COORDINATES;TAXON_ID_NOT_FOUND;OCCURRENCE_STATUS_INFERRED_FROM_INDIVIDUAL_COUNT;COLLECTION_MATCH_NONE;INSTITUTION_MATCH_FUZZY
4101309569	1d2570da-e150-4d75-94d8-bfc5813062bc	03F887BA1373B1234D42FCF9FB915768.mc.3B393CF11372B1204BA1FEA3FB4154B3	Animalia	Arthropoda	Diplopoda	Spirostreptida	Pseudonannolenidae	Pseudonannolene	Pseudonannolene ophiiulus		SPECIES	Pseudonannolene ophiiulus Schubart, 1944	Pseudonannolene ophiiulus Schubart 1944	Schubart 1944	BR	Estacao Experimental de Pirassununga	Sao Paulo	PRESENT	3	a064f300-1bc8-41ea-9364-b864ef4e8938									1940-05-24	24	5	1940	6185999	6185999	MATERIAL_CITATION	MZSP						CC0_1_0		O. Schubart			2025-11-08T05:37:42.468Z		CONTINENT_DERIVED_FROM_COUNTRY;TAXON_ID_NOT_FOUND;OCCURRENCE_STATUS_INFERRED_FROM_INDIVIDUAL_COUNT;COLLECTION_MATCH_NONE;INSTITUTION_MATCH_FUZZY
4101309568	1d2570da-e150-4d75-94d8-bfc5813062bc	03F887BA1367B1374EBAFAB0FAD650FC.mc.3B393CF11366B1344FEBFB71FAFF5186	Animalia	Arthropoda	Diplopoda	Spirostreptida	Pseudonannolenidae	Pseudonannolene	Pseudonannolene spelaea		SPECIES	Pseudonannolene spelaea Iniesta & Ferreira, 2013	Pseudonannolene spelaea Iniesta & Ferreira 2013	Iniesta & Ferreira 2013	BR		Para	PRESENT	2	a064f300-1bc8-41ea-9364-b864ef4e8938	-6.038547	-50.160736							2010-04-20	20	4	2010	9516060	9516060	MATERIAL_CITATION	R		IBSP 6254				CC0_1_0		R. Andrade			2025-11-08T05:37:42.466Z		GEODETIC_DATUM_ASSUMED_WGS84;CONTINENT_DERIVED_FROM_COORDINATES;TAXON_ID_NOT_FOUND;OCCURRENCE_STATUS_INFERRED_FROM_INDIVIDUAL_COUNT;AMBIGUOUS_INSTITUTION
4101309567	1d2570da-e150-4d75-94d8-bfc5813062bc	03F887BA1355B1094D1DFA3DFEA154EA.mc.3B393CF11354B1064FBCFEDBFD2D54A6	Animalia	Arthropoda	Diplopoda	Spirostreptida	Pseudonannolenidae	Pseudonannolene	Pseudonannolene curvata		SPECIES	Pseudonannolene curvata Iniesta, Bouzan & Brescovit, 2023	Pseudonannolene curvata Iniesta, Bouzan, and Brescovit 2023	Iniesta, Bouzan, and Brescovit 2023	BR	APA Cerrito	Rio Grande do Sul	PRESENT	1	a064f300-1bc8-41ea-9364-b864ef4e8938	-30.87725	-55.538788							2012-12-10	10	12	2012	12235657	12235657	MATERIAL_CITATION	MCN						CC0_1_0		R. Ott	Holotype		2025-11-08T05:37:42.401Z		GEODETIC_DATUM_ASSUMED_WGS84;CONTINENT_DERIVED_FROM_COORDINATES;TAXON_ID_NOT_FOUND;OCCURRENCE_STATUS_INFERRED_FROM_INDIVIDUAL_COUNT;COLLECTION_MATCH_NONE;INSTITUTION_MATCH_FUZZY
4101309566	1d2570da-e150-4d75-94d8-bfc5813062bc	03F887BA131AB14A4D51FDA7FE6054B2.mc.3B393CF1131AB1484D41F939FA8F53D1	Animalia	Arthropoda	Diplopoda	Spirostreptida	Pseudonannolenidae	Pseudonannolene	Pseudonannolene imbirensis		SPECIES	Pseudonannolene imbirensis Fontanetti, 1996	Pseudonannolene imbirensis Fontanetti 1996	Fontanetti 1996	BR	cave Passa Tres	Goias	PRESENT	3	a064f300-1bc8-41ea-9364-b864ef4e8938	-13.612953	-46.368477			711.0				2001-05-09	9	5	2001	11693169	11693169	MATERIAL_CITATION	MNRJ						CC0_1_0		M. E. Bichuette			2025-11-08T05:37:42.451Z		GEODETIC_DATUM_ASSUMED_WGS84;CONTINENT_DERIVED_FROM_COORDINATES;TAXON_ID_NOT_FOUND;OCCURRENCE_STATUS_INFERRED_FROM_INDIVIDUAL_COUNT;COLLECTION_MATCH_NONE;INSTITUTION_MATCH_FUZZY
4101309565	1d2570da-e150-4d75-94d8-bfc5813062bc	03F887BA1310B1454EA2FC15FC77528B.mc.3B393CF11317B1454ECDFE10FB1E5728	Animalia	Arthropoda	Diplopoda	Spirostreptida	Pseudonannolenidae	Pseudonannolene	Pseudonannolene erikae		SPECIES	Pseudonannolene erikae Iniesta & Ferreira, 2014	Pseudonannolene erikae Iniesta & Ferreira 2014	Iniesta & Ferreira 2014	BR		Minas Gerais	PRESENT	1	a064f300-1bc8-41ea-9364-b864ef4e8938	-19.570189	-44.010147											8568561	8568561	MATERIAL_CITATION	CAMP		IBSP 5980				CC0_1_0					2025-11-08T05:37:42.385Z		GEODETIC_DATUM_ASSUMED_WGS84;CONTINENT_DERIVED_FROM_COORDINATES;TAXON_ID_NOT_FOUND;OCCURRENCE_STATUS_INFERRED_FROM_INDIVIDUAL_COUNT;COLLECTION_MATCH_NONE;INSTITUTION_MATCH_FUZZY
4101309564	1d2570da-e150-4d75-94d8-bfc5813062bc	03F887BA1359B10D4D1CF979FCBE518D.mc.3B393CF11358B10A4FEBF9E8FCB15320	Animalia	Arthropoda	Diplopoda	Spirostreptida	Pseudonannolenidae	Pseudonannolene	Pseudonannolene morettii		SPECIES	Pseudonannolene morettii Iniesta, Bouzan & Brescovit, 2023	Pseudonannolene morettii Iniesta, Bouzan, and Brescovit 2023	Iniesta, Bouzan, and Brescovit 2023	BR	Parque Estadual do Jaragua	Sao Paulo	PRESENT	1	a064f300-1bc8-41ea-9364-b864ef4e8938	-23.459536	-46.75538			783.0				2002-10-14	14	10	2002	12190204	12190204	MATERIAL_CITATION	IBSP		IBSP 2374				CC0_1_0		Equipe Biota			2025-11-08T05:37:42.382Z		GEODETIC_DATUM_ASSUMED_WGS84;CONTINENT_DERIVED_FROM_COORDINATES;TAXON_ID_NOT_FOUND;OCCURRENCE_STATUS_INFERRED_FROM_INDIVIDUAL_COUNT;COLLECTION_MATCH_NONE;INSTITUTION_MATCH_FUZZY
4101309563	1d2570da-e150-4d75-94d8-bfc5813062bc	03F887BA1329B17D4D53F927FEA0562F.mc.3B393CF11328B17A4BD1FC58FDD456CF	Animalia	Arthropoda	Diplopoda	Spirostreptida	Pseudonannolenidae	Pseudonannolene	Pseudonannolene buhrnheimi		SPECIES	Pseudonannolene buhrnheimi Schubart, 1960	Pseudonannolene buhrnheimi Schubart 1960	Schubart 1960	BR	Reserva Ecologica Guapiassu	Rio de Janeiro	PRESENT	1	a064f300-1bc8-41ea-9364-b864ef4e8938	-22.452806	-42.770294			34.0				2001-10-08	8	10	2001	9535141	9535141	MATERIAL_CITATION	IBSP		IBSP 2397				CC0_1_0		Equipe Biota			2025-11-08T05:37:42.347Z		GEODETIC_DATUM_ASSUMED_WGS84;CONTINENT_DERIVED_FROM_COORDINATES;TAXON_ID_NOT_FOUND;OCCURRENCE_STATUS_INFERRED_FROM_INDIVIDUAL_COUNT;COLLECTION_MATCH_NONE;INSTITUTION_MATCH_FUZZY
4101309562	1d2570da-e150-4d75-94d8-bfc5813062bc	03F887BA1373B1234D42FCF9FB915768.mc.3B393CF11372B1204D1DFEE5FEDC5478	Animalia	Arthropoda	Diplopoda	Spirostreptida	Pseudonannolenidae	Pseudonannolene	Pseudonannolene ophiiulus		SPECIES	Pseudonannolene ophiiulus Schubart, 1944	Pseudonannolene ophiiulus Schubart 1944	Schubart 1944	BR	Emas	Sao Paulo	PRESENT	1	a064f300-1bc8-41ea-9364-b864ef4e8938	-22.001669	-47.427853			631.0				1940-04-03	3	4	1940	6185999	6185999	MATERIAL_CITATION	MZSP						CC0_1_0		O. Schubart			2025-11-08T05:37:42.343Z		GEODETIC_DATUM_ASSUMED_WGS84;CONTINENT_DERIVED_FROM_COORDINATES;TAXON_ID_NOT_FOUND;OCCURRENCE_STATUS_INFERRED_FROM_INDIVIDUAL_COUNT;COLLECTION_MATCH_NONE;INSTITUTION_MATCH_FUZZY
4101309561	1d2570da-e150-4d75-94d8-bfc5813062bc	03F887BA1369B13C4D45F916FC1A53ED.mc.3B393CF11368B13A4FEBF9C6FCD55359	Animalia	Arthropoda	Diplopoda	Spirostreptida	Pseudonannolenidae	Pseudonannolene	Pseudonannolene tricolor		SPECIES	Pseudonannolene tricolor Brölemann, 1902	Pseudonannolene tricolor Brolemann 1902	Brolemann 1902	BR	Alto da Serra	Sao Paulo	PRESENT	2	a064f300-1bc8-41ea-9364-b864ef4e8938	-23.77753	-46.29986							1897-01		1	1897	1026426	1026426	MATERIAL_CITATION	MZSP						CC0_1_0		Diego	Paralectotype		2025-11-08T05:37:42.328Z		GEODETIC_DATUM_ASSUMED_WGS84;CONTINENT_DERIVED_FROM_COORDINATES;TAXON_ID_NOT_FOUND;OCCURRENCE_STATUS_INFERRED_FROM_INDIVIDUAL_COUNT;COLLECTION_MATCH_NONE;INSTITUTION_MATCH_FUZZY
4101309560	1d2570da-e150-4d75-94d8-bfc5813062bc	03F887BA1309B15F4EA9FEE4FC055083.mc.3B393CF11308B15A4FEBFB57FD5051C7	Animalia	Arthropoda	Diplopoda	Spirostreptida	Pseudonannolenidae	Pseudonannolene	Pseudonannolene microzoporus		SPECIES	Pseudonannolene microzoporus Mauriès, 1987	Pseudonannolene microzoporus Mauries 1987	Mauries 1987	BR	Pains	Minas Gerais	PRESENT	1	a064f300-1bc8-41ea-9364-b864ef4e8938	-20.369646	-45.669437							2009-01-25	25	1	2009	1026408	1026408	MATERIAL_CITATION	R		ISLA 4095				CC0_1_0		R. Zampaulo	Paratype		2025-11-08T05:37:42.327Z		GEODETIC_DATUM_ASSUMED_WGS84;CONTINENT_DERIVED_FROM_COORDINATES;TAXON_ID_NOT_FOUND;OCCURRENCE_STATUS_INFERRED_FROM_INDIVIDUAL_COUNT;AMBIGUOUS_INSTITUTION
4101309559	1d2570da-e150-4d75-94d8-bfc5813062bc	03F887BA1309B15F4EA9FEE4FC055083.mc.3B393CF1130FB15D4CA3FAC5FC835059	Animalia	Arthropoda	Diplopoda	Spirostreptida	Pseudonannolenidae	Pseudonannolene	Pseudonannolene microzoporus		SPECIES	Pseudonannolene microzoporus Mauriès, 1987	Pseudonannolene microzoporus Mauries 1987	Mauries 1987	BR		Bahia	PRESENT	2	a064f300-1bc8-41ea-9364-b864ef4e8938									2011-02-08	8	2	2011	1026408	1026408	MATERIAL_CITATION	IBSP		IBSP 5680				CC0_1_0					2025-11-08T05:37:42.325Z		CONTINENT_DERIVED_FROM_COUNTRY;TAXON_ID_NOT_FOUND;OCCURRENCE_STATUS_INFERRED_FROM_INDIVIDUAL_COUNT;COLLECTION_MATCH_NONE;INSTITUTION_MATCH_FUZZY
4101309558	1d2570da-e150-4d75-94d8-bfc5813062bc	03F887BA1356B1074D60FEE4FB225095.mc.3B393CF11356B1044FBCFCC0FD7656B3	Animalia	Arthropoda	Diplopoda	Spirostreptida	Pseudonannolenidae	Pseudonannolene	Pseudonannolene bucculenta		SPECIES	Pseudonannolene bucculenta Iniesta, Bouzan & Brescovit, 2023	Pseudonannolene bucculenta Iniesta, Bouzan, and Brescovit 2023	Iniesta, Bouzan, and Brescovit 2023	BR	Samuel de Paula	Minas Gerais	PRESENT	1	a064f300-1bc8-41ea-9364-b864ef4e8938	-20.001055	-43.871086			975.0				2006-10		10	2006	12224748	12224748	MATERIAL_CITATION	RPPN		IBSP 3352				CC0_1_0		J. P. P. Pena-Barbosa	Holotype		2025-11-08T05:37:42.323Z		GEODETIC_DATUM_ASSUMED_WGS84;CONTINENT_DERIVED_FROM_COORDINATES;TAXON_ID_NOT_FOUND;OCCURRENCE_STATUS_INFERRED_FROM_INDIVIDUAL_COUNT;INSTITUTION_MATCH_NONE
4101309557	1d2570da-e150-4d75-94d8-bfc5813062bc	03F887BA136AB13B4D5CFBE1FAA853ED.mc.3B393CF11369B13B4FEBFEC0FBDF5457	Animalia	Arthropoda	Diplopoda	Spirostreptida	Pseudonannolenidae	Pseudonannolene	Pseudonannolene tocaiensis		SPECIES	Pseudonannolene tocaiensis Fontanetti, 1996	Pseudonannolene tocaiensis Fontanetti 1996	Fontanetti 1996	BR	Toca cave	Sao Paulo	PRESENT	6	a064f300-1bc8-41ea-9364-b864ef4e8938	-22.2531	-47.8228			776.0				1989-02-24	24	2	1989	11585214	11585214	MATERIAL_CITATION	MZSP						CC0_1_0		A. Mesa			2025-11-08T05:37:42.313Z		GEODETIC_DATUM_ASSUMED_WGS84;CONTINENT_DERIVED_FROM_COORDINATES;TAXON_ID_NOT_FOUND;OCCURRENCE_STATUS_INFERRED_FROM_INDIVIDUAL_COUNT;COLLECTION_MATCH_NONE;INSTITUTION_MATCH_FUZZY
4101309555	1d2570da-e150-4d75-94d8-bfc5813062bc	03F887BA137CB1304EACFD5CFB445752.mc.3B393CF1137CB12E4BAAF963FBA253F2	Animalia	Arthropoda	Diplopoda	Spirostreptida	Pseudonannolenidae	Pseudonannolene	Pseudonannolene sebastianus		SPECIES	Pseudonannolene sebastianus Brölemann, 1902	Pseudonannolene sebastianus Brolemann 1902	Brolemann 1902	BR	Ilhabela	Sao Paulo	PRESENT	1	a064f300-1bc8-41ea-9364-b864ef4e8938	-23.818665	-45.36816			1.0				2001-10-09	9	10	2001	6186003	6186003	MATERIAL_CITATION	IBSP		IBSP 1389				CC0_1_0		Equipe Biota			2025-11-08T05:37:42.304Z		GEODETIC_DATUM_ASSUMED_WGS84;CONTINENT_DERIVED_FROM_COORDINATES;TAXON_ID_NOT_FOUND;OCCURRENCE_STATUS_INFERRED_FROM_INDIVIDUAL_COUNT;COLLECTION_MATCH_NONE;INSTITUTION_MATCH_FUZZY
4101309553	1d2570da-e150-4d75-94d8-bfc5813062bc	03F887BA1359B10D4D1CF979FCBE518D.mc.3B393CF11358B10A4D1FFBFBFB29510F	Animalia	Arthropoda	Diplopoda	Spirostreptida	Pseudonannolenidae	Pseudonannolene	Pseudonannolene morettii		SPECIES	Pseudonannolene morettii Iniesta, Bouzan & Brescovit, 2023	Pseudonannolene morettii Iniesta, Bouzan, and Brescovit 2023	Iniesta, Bouzan, and Brescovit 2023	BR	Parque Municipal da Serra do Itapety	Sao Paulo	PRESENT	1	a064f300-1bc8-41ea-9364-b864ef4e8938	-23.493336	-46.19638			881.0				2003-10-13	13	10	2003	12190204	12190204	MATERIAL_CITATION	IBSP		IBSP 2475				CC0_1_0		Mogi das Cruzes & Equipe Biota			2025-11-08T05:37:42.302Z		GEODETIC_DATUM_ASSUMED_WGS84;CONTINENT_DERIVED_FROM_COORDINATES;TAXON_ID_NOT_FOUND;OCCURRENCE_STATUS_INFERRED_FROM_INDIVIDUAL_COUNT;COLLECTION_MATCH_NONE;INSTITUTION_MATCH_FUZZY
4101309552	1d2570da-e150-4d75-94d8-bfc5813062bc	03F887BA1310B1454EA2FC15FC77528B.mc.3B393CF11317B1454C7CFE9DFF625493	Animalia	Arthropoda	Diplopoda	Spirostreptida	Pseudonannolenidae	Pseudonannolene	Pseudonannolene erikae		SPECIES	Pseudonannolene erikae Iniesta & Ferreira, 2014	Pseudonannolene erikae Iniesta & Ferreira 2014	Iniesta & Ferreira 2014	BR	Sao Jose da Lapa	Minas Gerais	PRESENT	1	a064f300-1bc8-41ea-9364-b864ef4e8938	-19.69921	-43.95831			732.0				2012-12-17	17	12	2012	8568561	8568561	MATERIAL_CITATION	IBSP		IBSP 7610				CC0_1_0		Bueno			2025-11-08T05:37:42.300Z		GEODETIC_DATUM_ASSUMED_WGS84;CONTINENT_DERIVED_FROM_COORDINATES;TAXON_ID_NOT_FOUND;OCCURRENCE_STATUS_INFERRED_FROM_INDIVIDUAL_COUNT;COLLECTION_MATCH_NONE;INSTITUTION_MATCH_FUZZY
4101309550	1d2570da-e150-4d75-94d8-bfc5813062bc	03F887BA1371B1224D74FD91FED55297.mc.3B393CF11370B1224E44FEA2FC305456	Animalia	Arthropoda	Diplopoda	Spirostreptida	Pseudonannolenidae	Pseudonannolene	Pseudonannolene parvula		SPECIES	Pseudonannolene parvula Silvestri, 1902	Pseudonannolene parvula Silvestri 1902	Silvestri 1902	BR	Parque Nacional do Iguacu	Parana	PRESENT	2	a064f300-1bc8-41ea-9364-b864ef4e8938	-25.500435	-54.58335			195.0				2016-07-28	28	7	2016	1026412	1026412	MATERIAL_CITATION	IBSP		IBSP 7630				CC0_1_0		Calvanese			2025-11-08T05:37:42.296Z		GEODETIC_DATUM_ASSUMED_WGS84;CONTINENT_DERIVED_FROM_COORDINATES;TAXON_ID_NOT_FOUND;OCCURRENCE_STATUS_INFERRED_FROM_INDIVIDUAL_COUNT;COLLECTION_MATCH_NONE;INSTITUTION_MATCH_FUZZY
4101309548	1d2570da-e150-4d75-94d8-bfc5813062bc	03F887BA130BB1584D75FB43FAF3524B.mc.3B393CF1130AB1584C23FE50FEA654C7	Animalia	Arthropoda	Diplopoda	Spirostreptida	Pseudonannolenidae	Pseudonannolene	Pseudonannolene mesai		SPECIES	Pseudonannolene mesai Fontanetti, 2000	Pseudonannolene mesai Fontanetti 2000	Fontanetti 2000	BR	Reserva Florestal do Morro Grande	Sao Paulo	PRESENT	1	a064f300-1bc8-41ea-9364-b864ef4e8938	-23.603506	-46.919464			798.0				2002-06-13	13	6	2002	9424035	9424035	MATERIAL_CITATION	IBSP		IBSP 2042				CC0_1_0		Equipe Biota			2025-11-08T05:37:42.266Z		GEODETIC_DATUM_ASSUMED_WGS84;CONTINENT_DERIVED_FROM_COORDINATES;TAXON_ID_NOT_FOUND;OCCURRENCE_STATUS_INFERRED_FROM_INDIVIDUAL_COUNT;COLLECTION_MATCH_NONE;INSTITUTION_MATCH_FUZZY
4101309547	1d2570da-e150-4d75-94d8-bfc5813062bc	03F887BA130DB1214D53FA08FE5057D0.mc.3B393CF1130CB15E4A79FD36FE645604	Animalia	Arthropoda	Diplopoda	Spirostreptida	Pseudonannolenidae	Pseudonannolene	Pseudonannolene occidentalis		SPECIES	Pseudonannolene occidentalis Schubart, 1958	Pseudonannolene occidentalis Schubart 1958	Schubart 1958	BR	Chapada Aventura	Mato Grosso	PRESENT	7	a064f300-1bc8-41ea-9364-b864ef4e8938	-15.464283	-55.759724			820.0				2015-11-07	7	11	2015	6186007	6186007	MATERIAL_CITATION	CZUFMT		CZUFMT 818				CC0_1_0		A. Chagas-Jr			2025-11-08T05:37:42.129Z		GEODETIC_DATUM_ASSUMED_WGS84;CONTINENT_DERIVED_FROM_COORDINATES;TAXON_ID_NOT_FOUND;OCCURRENCE_STATUS_INFERRED_FROM_INDIVIDUAL_COUNT;INSTITUTION_MATCH_NONE
4101309546	1d2570da-e150-4d75-94d8-bfc5813062bc	03F887BA1356B1074D60FEE4FB225095.mc.3B393CF11356B1044C54F97EFF6253F1	Animalia	Arthropoda	Diplopoda	Spirostreptida	Pseudonannolenidae	Pseudonannolene	Pseudonannolene bucculenta		SPECIES	Pseudonannolene bucculenta Iniesta, Bouzan & Brescovit, 2023	Pseudonannolene bucculenta Iniesta, Bouzan, and Brescovit 2023	Iniesta, Bouzan, and Brescovit 2023	BR	Samuel de Paula	Minas Gerais	PRESENT	3	a064f300-1bc8-41ea-9364-b864ef4e8938	-20.001055	-43.871086			975.0				2006-10		10	2006	12224748	12224748	MATERIAL_CITATION	IBSP		IBSP 3402				CC0_1_0		de Paula & J. P. P. Pena-Barbosa			2025-11-08T05:37:42.123Z		GEODETIC_DATUM_ASSUMED_WGS84;CONTINENT_DERIVED_FROM_COORDINATES;TAXON_ID_NOT_FOUND;OCCURRENCE_STATUS_INFERRED_FROM_INDIVIDUAL_COUNT;COLLECTION_MATCH_NONE;INSTITUTION_MATCH_FUZZY
4101309545	1d2570da-e150-4d75-94d8-bfc5813062bc	03F887BA1369B13C4D45F916FC1A53ED.mc.3B393CF1136FB13D4DC3FAC5FD865058	Animalia	Arthropoda	Diplopoda	Spirostreptida	Pseudonannolenidae	Pseudonannolene	Pseudonannolene tricolor		SPECIES	Pseudonannolene tricolor Brölemann, 1902	Pseudonannolene tricolor Brolemann 1902	Brolemann 1902	BR	Fazenda Campo Alegre	Sao Paulo	PRESENT	2	a064f300-1bc8-41ea-9364-b864ef4e8938									1945-02-24	24	2	1945	1026426	1026426	MATERIAL_CITATION	MZSP						CC0_1_0		O. Schubart			2025-11-08T05:37:42.121Z		CONTINENT_DERIVED_FROM_COUNTRY;TAXON_ID_NOT_FOUND;OCCURRENCE_STATUS_INFERRED_FROM_INDIVIDUAL_COUNT;COLLECTION_MATCH_NONE;INSTITUTION_MATCH_FUZZY
4101309544	1d2570da-e150-4d75-94d8-bfc5813062bc	03F887BA1361B1354D4FF9B8FAB4500B.mc.3B393CF11360B1324EACFC69FA8356A1	Animalia	Arthropoda	Diplopoda	Spirostreptida	Pseudonannolenidae	Pseudonannolene	Pseudonannolene silvestris		SPECIES	Pseudonannolene silvestris Schubart, 1944	Pseudonannolene silvestris Schubart 1944	Schubart 1944	BR	Parque Estadual Turistico do Alto Ribeira	Sao Paulo	PRESENT	2	a064f300-1bc8-41ea-9364-b864ef4e8938	-24.485867	-48.646698			570.0				2001-11-08	8	11	2001	1026418	1026418	MATERIAL_CITATION	IBSP		IBSP 2230				CC0_1_0		Equipe Biota			2025-11-08T05:37:42.119Z		GEODETIC_DATUM_ASSUMED_WGS84;CONTINENT_DERIVED_FROM_COORDINATES;TAXON_ID_NOT_FOUND;OCCURRENCE_STATUS_INFERRED_FROM_INDIVIDUAL_COUNT;COLLECTION_MATCH_NONE;INSTITUTION_MATCH_FUZZY
4101309543	1d2570da-e150-4d75-94d8-bfc5813062bc	03F887BA132FB17F4EB3FCD4FDA5561E.mc.3B393CF1132EB17C4C42FD21FE605634	Animalia	Arthropoda	Diplopoda	Spirostreptida	Pseudonannolenidae	Pseudonannolene	Pseudonannolene caatinga		SPECIES	Pseudonannolene caatinga Iniesta & Ferreira, 2014	Pseudonannolene caatinga Iniesta & Ferreira 2014	Iniesta & Ferreira 2014	BR	Caetite	Bahia	PRESENT	2	a064f300-1bc8-41ea-9364-b864ef4e8938	-14.066228	-42.486908							2008-12-08	8	12	2008	8682135	8682135	MATERIAL_CITATION	IBSP		IBSP 5776				CC0_1_0		Andrade			2025-11-08T05:37:42.117Z		GEODETIC_DATUM_ASSUMED_WGS84;CONTINENT_DERIVED_FROM_COORDINATES;TAXON_ID_NOT_FOUND;OCCURRENCE_STATUS_INFERRED_FROM_INDIVIDUAL_COUNT;COLLECTION_MATCH_NONE;INSTITUTION_MATCH_FUZZY
4101309542	1d2570da-e150-4d75-94d8-bfc5813062bc	03F887BA1315B1484D45F9EEFC01571A.mc.3B393CF11314B1464B9EF998FB49538F	Animalia	Arthropoda	Diplopoda	Spirostreptida	Pseudonannolenidae	Pseudonannolene	Pseudonannolene halophila		SPECIES	Pseudonannolene halophila Schubart, 1949	Pseudonannolene halophila Schubart 1949	Schubart 1949	BR	Jabaquara	Sao Paulo	PRESENT	1	a064f300-1bc8-41ea-9364-b864ef4e8938	-23.94308	-46.339855			9.0				1955-11-12	12	11	1955	6186012	6186012	MATERIAL_CITATION	MZSP						CC0_1_0		O. Schubart			2025-11-08T05:37:42.094Z		GEODETIC_DATUM_ASSUMED_WGS84;CONTINENT_DERIVED_FROM_COORDINATES;TAXON_ID_NOT_FOUND;OCCURRENCE_STATUS_INFERRED_FROM_INDIVIDUAL_COUNT;COLLECTION_MATCH_NONE;INSTITUTION_MATCH_FUZZY
4101309541	1d2570da-e150-4d75-94d8-bfc5813062bc	03F887BA1367B1374EBAFAB0FAD650FC.mc.3B393CF11366B1344B1EFC4BFD8056DA	Animalia	Arthropoda	Diplopoda	Spirostreptida	Pseudonannolenidae	Pseudonannolene	Pseudonannolene spelaea		SPECIES	Pseudonannolene spelaea Iniesta & Ferreira, 2013	Pseudonannolene spelaea Iniesta & Ferreira 2013	Iniesta & Ferreira 2013	BR	Parauapebas	Para	PRESENT	1	a064f300-1bc8-41ea-9364-b864ef4e8938	-6.030922	-50.27478							2007-09-28	28	9	2007	9516060	9516060	MATERIAL_CITATION	IBSP		IBSP 7328				CC0_1_0		Carajas, N & Andrade			2025-11-08T05:37:42.092Z		GEODETIC_DATUM_ASSUMED_WGS84;CONTINENT_DERIVED_FROM_COORDINATES;TAXON_ID_NOT_FOUND;OCCURRENCE_STATUS_INFERRED_FROM_INDIVIDUAL_COUNT;COLLECTION_MATCH_NONE;INSTITUTION_MATCH_FUZZY
4101309540	1d2570da-e150-4d75-94d8-bfc5813062bc	03F887BA1324B1794EADFDD1FBC951E8.mc.3B393CF11324B1764FEBFA39FCE9532E	Animalia	Arthropoda	Diplopoda	Spirostreptida	Pseudonannolenidae	Pseudonannolene	Pseudonannolene anapophysis		SPECIES	Pseudonannolene anapophysis Fontanetti, 1996	Pseudonannolene anapophysis Fontanetti 1996	Fontanetti 1996	BR	cave Lapao de Lendres	Bahia	PRESENT	2	a064f300-1bc8-41ea-9364-b864ef4e8938	-12.561843	-41.38981			397.0				2010-01-03	3	1	2010	12228983	12228983	MATERIAL_CITATION	R		ISLA 20617				CC0_1_0		R. L. Ferreira			2025-11-08T05:37:42.072Z		GEODETIC_DATUM_ASSUMED_WGS84;CONTINENT_DERIVED_FROM_COORDINATES;TAXON_ID_NOT_FOUND;OCCURRENCE_STATUS_INFERRED_FROM_INDIVIDUAL_COUNT;AMBIGUOUS_INSTITUTION
4101309539	1d2570da-e150-4d75-94d8-bfc5813062bc	03F887BA137CB1304EACFD5CFB445752.mc.3B393CF1137CB12E4E40F8F0FC30520B	Animalia	Arthropoda	Diplopoda	Spirostreptida	Pseudonannolenidae	Pseudonannolene	Pseudonannolene sebastianus		SPECIES	Pseudonannolene sebastianus Brölemann, 1902	Pseudonannolene sebastianus Brolemann 1902	Brolemann 1902	BR	Ilhabela	Sao Paulo	PRESENT	1	a064f300-1bc8-41ea-9364-b864ef4e8938	-23.818665	-45.36816			1.0				2001-10-09	9	10	2001	6186003	6186003	MATERIAL_CITATION	IBSP		IBSP 1396				CC0_1_0		Equipe Biota			2025-11-08T05:37:42.068Z		GEODETIC_DATUM_ASSUMED_WGS84;CONTINENT_DERIVED_FROM_COORDINATES;TAXON_ID_NOT_FOUND;OCCURRENCE_STATUS_INFERRED_FROM_INDIVIDUAL_COUNT;COLLECTION_MATCH_NONE;INSTITUTION_MATCH_FUZZY
4101309538	1d2570da-e150-4d75-94d8-bfc5813062bc	03F887BA1321B1724D58FEE4FBC35029.mc.3B393CF11321B1734BACFA34FD1E532B	Animalia	Arthropoda	Diplopoda	Spirostreptida	Pseudonannolenidae	Pseudonannolene	Pseudonannolene albiventris		SPECIES	Pseudonannolene albiventris Schubart, 1952	Pseudonannolene albiventris Schubart 1952	Schubart 1952	BR	Centro de Citricultura Sylvio Moreira	Sao Paulo	PRESENT	1	a064f300-1bc8-41ea-9364-b864ef4e8938	-22.462172	-47.39919			737.0				1952-02		2	1952	6185997	6185997	MATERIAL_CITATION	MZSP						CC0_1_0		L. G. Lordello			2025-11-08T05:37:42.065Z		GEODETIC_DATUM_ASSUMED_WGS84;CONTINENT_DERIVED_FROM_COORDINATES;TAXON_ID_NOT_FOUND;OCCURRENCE_STATUS_INFERRED_FROM_INDIVIDUAL_COUNT;COLLECTION_MATCH_NONE;INSTITUTION_MATCH_FUZZY
4101309537	1d2570da-e150-4d75-94d8-bfc5813062bc	03F887BA1309B15F4EA9FEE4FC055083.mc.3B393CF1130FB15D4BACFB95FD585189	Animalia	Arthropoda	Diplopoda	Spirostreptida	Pseudonannolenidae	Pseudonannolene	Pseudonannolene microzoporus		SPECIES	Pseudonannolene microzoporus Mauriès, 1987	Pseudonannolene microzoporus Mauries 1987	Mauries 1987	BR		Bahia	PRESENT	1	a064f300-1bc8-41ea-9364-b864ef4e8938									2011-02-08	8	2	2011	1026408	1026408	MATERIAL_CITATION	IBSP		IBSP 5686				CC0_1_0					2025-11-08T05:37:42.036Z		CONTINENT_DERIVED_FROM_COUNTRY;TAXON_ID_NOT_FOUND;OCCURRENCE_STATUS_INFERRED_FROM_INDIVIDUAL_COUNT;COLLECTION_MATCH_NONE;INSTITUTION_MATCH_FUZZY
4101309536	1d2570da-e150-4d75-94d8-bfc5813062bc	03F887BA1376B1274D46FE33FE985351.mc.3B393CF11376B1244B93F9C4FD2B535B	Animalia	Arthropoda	Diplopoda	Spirostreptida	Pseudonannolenidae	Pseudonannolene	Pseudonannolene paulista		SPECIES	Pseudonannolene paulista Brölemann, 1902	Pseudonannolene paulista Brolemann 1902	Brolemann 1902	BR	Escola Superior de Agricultura Luiz de Queiroz	Sao Paulo	PRESENT	2	a064f300-1bc8-41ea-9364-b864ef4e8938	-22.711636	-47.627785			548.0				1994-03-11	11	3	1994	1026416	1026416	MATERIAL_CITATION	IBSP		IBSP 1261				CC0_1_0		A. Eterovic			2025-11-08T05:37:42.037Z		GEODETIC_DATUM_ASSUMED_WGS84;CONTINENT_DERIVED_FROM_COORDINATES;TAXON_ID_NOT_FOUND;OCCURRENCE_STATUS_INFERRED_FROM_INDIVIDUAL_COUNT;COLLECTION_MATCH_NONE;INSTITUTION_MATCH_FUZZY
4101309535	1d2570da-e150-4d75-94d8-bfc5813062bc	03F887BA1309B15F4EA9FEE4FC055083.mc.3B393CF1130EB15C4C69FE13FDB45703	Animalia	Arthropoda	Diplopoda	Spirostreptida	Pseudonannolenidae	Pseudonannolene	Pseudonannolene microzoporus		SPECIES	Pseudonannolene microzoporus Mauriès, 1987	Pseudonannolene microzoporus Mauries 1987	Mauries 1987	BR		Bahia	PRESENT	1	a064f300-1bc8-41ea-9364-b864ef4e8938									2011-03-01	1	3	2011	1026408	1026408	MATERIAL_CITATION	IBSP		IBSP 5630				CC0_1_0					2025-11-08T05:37:42.034Z		CONTINENT_DERIVED_FROM_COUNTRY;TAXON_ID_NOT_FOUND;OCCURRENCE_STATUS_INFERRED_FROM_INDIVIDUAL_COUNT;COLLECTION_MATCH_NONE;INSTITUTION_MATCH_FUZZY
4101309533	1d2570da-e150-4d75-94d8-bfc5813062bc	03F887BA1307B1544E86FD86FACB514C.mc.3B393CF11307B1554FBCFB65FDD151D7	Animalia	Arthropoda	Diplopoda	Spirostreptida	Pseudonannolenidae	Pseudonannolene	Pseudonannolene magna		SPECIES	Pseudonannolene magna Udulutsch & Pietrobon, 2003	Pseudonannolene magna Udulutsch & Pietrobon 2003	Udulutsch & Pietrobon 2003	BR	Valinhos	Sao Paulo	PRESENT	1	a064f300-1bc8-41ea-9364-b864ef4e8938	-23.024107	-46.894115							2000-03		3	2000	12209996	12209996	MATERIAL_CITATION	MZSP		MZSP 941				CC0_1_0		Serra dos Cocais & F. B. Britto	Holotype		2025-11-08T05:37:41.984Z		GEODETIC_DATUM_ASSUMED_WGS84;CONTINENT_DERIVED_FROM_COORDINATES;TAXON_ID_NOT_FOUND;OCCURRENCE_STATUS_INFERRED_FROM_INDIVIDUAL_COUNT;COLLECTION_MATCH_NONE;INSTITUTION_MATCH_FUZZY
4101309532	1d2570da-e150-4d75-94d8-bfc5813062bc	03F887BA1309B15F4EA9FEE4FC055083.mc.3B393CF1130FB15D4C66FC00FDB75114	Animalia	Arthropoda	Diplopoda	Spirostreptida	Pseudonannolenidae	Pseudonannolene	Pseudonannolene microzoporus		SPECIES	Pseudonannolene microzoporus Mauriès, 1987	Pseudonannolene microzoporus Mauries 1987	Mauries 1987	BR		Bahia	PRESENT	1	a064f300-1bc8-41ea-9364-b864ef4e8938									2011-02-08	8	2	2011	1026408	1026408	MATERIAL_CITATION	IBSP		IBSP 5691				CC0_1_0					2025-11-08T05:37:41.976Z		CONTINENT_DERIVED_FROM_COUNTRY;TAXON_ID_NOT_FOUND;OCCURRENCE_STATUS_INFERRED_FROM_INDIVIDUAL_COUNT;COLLECTION_MATCH_NONE;INSTITUTION_MATCH_FUZZY
4101309531	1d2570da-e150-4d75-94d8-bfc5813062bc	03F887BA1310B1454EA2FC15FC77528B.mc.3B393CF11317B1454E42FE78FC055493	Animalia	Arthropoda	Diplopoda	Spirostreptida	Pseudonannolenidae	Pseudonannolene	Pseudonannolene erikae		SPECIES	Pseudonannolene erikae Iniesta & Ferreira, 2014	Pseudonannolene erikae Iniesta & Ferreira 2014	Iniesta & Ferreira 2014	BR	Sao Jose da Lapa	Minas Gerais	PRESENT	1	a064f300-1bc8-41ea-9364-b864ef4e8938	-19.69921	-43.95831			732.0				2012-12-17	17	12	2012	8568561	8568561	MATERIAL_CITATION	IBSP		IBSP 7611				CC0_1_0		Bueno			2025-11-08T05:37:41.980Z		GEODETIC_DATUM_ASSUMED_WGS84;CONTINENT_DERIVED_FROM_COORDINATES;TAXON_ID_NOT_FOUND;OCCURRENCE_STATUS_INFERRED_FROM_INDIVIDUAL_COUNT;COLLECTION_MATCH_NONE;INSTITUTION_MATCH_FUZZY
4101309530	1d2570da-e150-4d75-94d8-bfc5813062bc	03F887BA1310B1454EA2FC15FC77528B.mc.3B393CF11310B1424FEBF8B3FC1652A2	Animalia	Arthropoda	Diplopoda	Spirostreptida	Pseudonannolenidae	Pseudonannolene	Pseudonannolene erikae		SPECIES	Pseudonannolene erikae Iniesta & Ferreira, 2014	Pseudonannolene erikae Iniesta & Ferreira 2014	Iniesta & Ferreira 2014	BR	Fazenda Sape	Minas Gerais	PRESENT	6	a064f300-1bc8-41ea-9364-b864ef4e8938	-19.474888	-44.159214			759.0				2005-12-08	8	12	2005	8568561	8568561	MATERIAL_CITATION	IBSP		IBSP 3331				CC0_1_0		E. S. S. Alvares			2025-11-08T05:37:41.963Z		GEODETIC_DATUM_ASSUMED_WGS84;CONTINENT_DERIVED_FROM_COORDINATES;TAXON_ID_NOT_FOUND;OCCURRENCE_STATUS_INFERRED_FROM_INDIVIDUAL_COUNT;COLLECTION_MATCH_NONE;INSTITUTION_MATCH_FUZZY
4101309528	1d2570da-e150-4d75-94d8-bfc5813062bc	03F887BA131AB14A4D51FDA7FE6054B2.mc.3B393CF1131AB1484E39F8D2FC255267	Animalia	Arthropoda	Diplopoda	Spirostreptida	Pseudonannolenidae	Pseudonannolene	Pseudonannolene imbirensis		SPECIES	Pseudonannolene imbirensis Fontanetti, 1996	Pseudonannolene imbirensis Fontanetti 1996	Fontanetti 1996	BR	cave Sao Vicente	Goias	PRESENT	1	a064f300-1bc8-41ea-9364-b864ef4e8938	-13.587311	-46.35823			626.0				2000-07-29	29	7	2000	11693169	11693169	MATERIAL_CITATION	MNRJ						CC0_1_0		A. Chagas Jr. & M. E. Bichuette			2025-11-08T05:37:41.960Z		GEODETIC_DATUM_ASSUMED_WGS84;CONTINENT_DERIVED_FROM_COORDINATES;TAXON_ID_NOT_FOUND;OCCURRENCE_STATUS_INFERRED_FROM_INDIVIDUAL_COUNT;COLLECTION_MATCH_NONE;INSTITUTION_MATCH_FUZZY
4101309526	1d2570da-e150-4d75-94d8-bfc5813062bc	03F887BA1309B15F4EA9FEE4FC055083.mc.3B393CF1130FB15D4BACF923FC725233	Animalia	Arthropoda	Diplopoda	Spirostreptida	Pseudonannolenidae	Pseudonannolene	Pseudonannolene microzoporus		SPECIES	Pseudonannolene microzoporus Mauriès, 1987	Pseudonannolene microzoporus Mauries 1987	Mauries 1987	BR		Bahia	PRESENT	1	a064f300-1bc8-41ea-9364-b864ef4e8938									2011-02-08	8	2	2011	1026408	1026408	MATERIAL_CITATION	IBSP		IBSP 5688				CC0_1_0					2025-11-08T05:37:41.956Z		CONTINENT_DERIVED_FROM_COUNTRY;TAXON_ID_NOT_FOUND;OCCURRENCE_STATUS_INFERRED_FROM_INDIVIDUAL_COUNT;COLLECTION_MATCH_NONE;INSTITUTION_MATCH_FUZZY
4101309525	1d2570da-e150-4d75-94d8-bfc5813062bc	03F887BA1356B1074D60FEE4FB225095.mc.3B393CF11356B1044CB0FAB9FD2D50AD	Animalia	Arthropoda	Diplopoda	Spirostreptida	Pseudonannolenidae	Pseudonannolene	Pseudonannolene bucculenta		SPECIES	Pseudonannolene bucculenta Iniesta, Bouzan & Brescovit, 2023	Pseudonannolene bucculenta Iniesta, Bouzan, and Brescovit 2023	Iniesta, Bouzan, and Brescovit 2023	BR	Samuel de Paula	Minas Gerais	PRESENT	6	a064f300-1bc8-41ea-9364-b864ef4e8938	-20.001055	-43.871086			975.0				2006-10		10	2006	12224748	12224748	MATERIAL_CITATION	IBSP		IBSP 3415				CC0_1_0		de Paula & J. P. P. Pena-Barbosa			2025-11-08T05:37:41.954Z		GEODETIC_DATUM_ASSUMED_WGS84;CONTINENT_DERIVED_FROM_COORDINATES;TAXON_ID_NOT_FOUND;OCCURRENCE_STATUS_INFERRED_FROM_INDIVIDUAL_COUNT;COLLECTION_MATCH_NONE;INSTITUTION_MATCH_FUZZY
4101309524	1d2570da-e150-4d75-94d8-bfc5813062bc	03F887BA132DB17E4D5CFCA9FC3D53AC.mc.3B393CF1132DB17F4FEBF9B9FEE553AF	Animalia	Arthropoda	Diplopoda	Spirostreptida	Pseudonannolenidae	Pseudonannolene	Pseudonannolene callipyge		SPECIES	Pseudonannolene callipyge Brölemann, 1902	Pseudonannolene callipyge Brolemann 1902	Brolemann 1902	BR	Santa Clara	Parana	PRESENT	4	a064f300-1bc8-41ea-9364-b864ef4e8938	-25.6674	-51.967915			753.0				2007			2007	1026425	1026425	MATERIAL_CITATION	IBSP		IBSP5388				CC0_1_0					2025-11-08T05:37:41.938Z		GEODETIC_DATUM_ASSUMED_WGS84;CONTINENT_DERIVED_FROM_COORDINATES;TAXON_ID_NOT_FOUND;OCCURRENCE_STATUS_INFERRED_FROM_INDIVIDUAL_COUNT;COLLECTION_MATCH_NONE;INSTITUTION_MATCH_FUZZY
4101309523	1d2570da-e150-4d75-94d8-bfc5813062bc	03F887BA1369B13C4D45F916FC1A53ED.mc.3B393CF1136FB13D4E75F893FBE852A7	Animalia	Arthropoda	Diplopoda	Spirostreptida	Pseudonannolenidae	Pseudonannolene	Pseudonannolene tricolor		SPECIES	Pseudonannolene tricolor Brölemann, 1902	Pseudonannolene tricolor Brolemann 1902	Brolemann 1902	BR	Piquete	Sao Paulo	PRESENT	1	a064f300-1bc8-41ea-9364-b864ef4e8938	-22.612999	-45.17902			642.0				1897-01		1	1897	1026426	1026426	MATERIAL_CITATION	MZSP						CC0_1_0					2025-11-08T05:37:41.918Z		GEODETIC_DATUM_ASSUMED_WGS84;CONTINENT_DERIVED_FROM_COORDINATES;TAXON_ID_NOT_FOUND;OCCURRENCE_STATUS_INFERRED_FROM_INDIVIDUAL_COUNT;COLLECTION_MATCH_NONE;INSTITUTION_MATCH_FUZZY
4101309522	1d2570da-e150-4d75-94d8-bfc5813062bc	03F887BA137CB1304EACFD5CFB445752.mc.3B393CF1137CB12E4F86F88EFCC05242	Animalia	Arthropoda	Diplopoda	Spirostreptida	Pseudonannolenidae	Pseudonannolene	Pseudonannolene sebastianus		SPECIES	Pseudonannolene sebastianus Brölemann, 1902	Pseudonannolene sebastianus Brolemann 1902	Brolemann 1902	BR	Ilhabela	Sao Paulo	PRESENT	1	a064f300-1bc8-41ea-9364-b864ef4e8938	-23.818665	-45.36816			1.0				2001-10-09	9	10	2001	6186003	6186003	MATERIAL_CITATION	IBSP		IBSP 1392				CC0_1_0		Equipe Biota			2025-11-08T05:37:41.916Z		GEODETIC_DATUM_ASSUMED_WGS84;CONTINENT_DERIVED_FROM_COORDINATES;TAXON_ID_NOT_FOUND;OCCURRENCE_STATUS_INFERRED_FROM_INDIVIDUAL_COUNT;COLLECTION_MATCH_NONE;INSTITUTION_MATCH_FUZZY
4101309521	1d2570da-e150-4d75-94d8-bfc5813062bc	03F887BA1356B1074D60FEE4FB225095.mc.3B393CF11356B1044F9BF9A0FCF05358	Animalia	Arthropoda	Diplopoda	Spirostreptida	Pseudonannolenidae	Pseudonannolene	Pseudonannolene bucculenta		SPECIES	Pseudonannolene bucculenta Iniesta, Bouzan & Brescovit, 2023	Pseudonannolene bucculenta Iniesta, Bouzan, and Brescovit 2023	Iniesta, Bouzan, and Brescovit 2023	BR	Samuel de Paula	Minas Gerais	PRESENT	2	a064f300-1bc8-41ea-9364-b864ef4e8938	-20.001055	-43.871086			975.0				2006-10		10	2006	12224748	12224748	MATERIAL_CITATION	IBSP		IBSP 3404				CC0_1_0		de Paula & J. P. P. Pena-Barbosa			2025-11-08T05:37:41.898Z		GEODETIC_DATUM_ASSUMED_WGS84;CONTINENT_DERIVED_FROM_COORDINATES;TAXON_ID_NOT_FOUND;OCCURRENCE_STATUS_INFERRED_FROM_INDIVIDUAL_COUNT;COLLECTION_MATCH_NONE;INSTITUTION_MATCH_FUZZY
4101309517	1d2570da-e150-4d75-94d8-bfc5813062bc	03F887BA1359B10D4D1CF979FCBE518D.mc.3B393CF11358B10A4E87F9CBFBD8537F	Animalia	Arthropoda	Diplopoda	Spirostreptida	Pseudonannolenidae	Pseudonannolene	Pseudonannolene morettii		SPECIES	Pseudonannolene morettii Iniesta, Bouzan & Brescovit, 2023	Pseudonannolene morettii Iniesta, Bouzan, and Brescovit 2023	Iniesta, Bouzan, and Brescovit 2023	BR	Parque Estadual do Jaragua	Sao Paulo	PRESENT	1	a064f300-1bc8-41ea-9364-b864ef4e8938	-23.459536	-46.75538			783.0				2002-10-14	14	10	2002	12190204	12190204	MATERIAL_CITATION	IBSP		IBSP 2360				CC0_1_0		Equipe Biota			2025-11-08T05:37:41.893Z		GEODETIC_DATUM_ASSUMED_WGS84;CONTINENT_DERIVED_FROM_COORDINATES;TAXON_ID_NOT_FOUND;OCCURRENCE_STATUS_INFERRED_FROM_INDIVIDUAL_COUNT;COLLECTION_MATCH_NONE;INSTITUTION_MATCH_FUZZY
4101309516	1d2570da-e150-4d75-94d8-bfc5813062bc	03F887BA1361B1354D4FF9B8FAB4500B.mc.3B393CF11360B1324BA4FC20FBFB5137	Animalia	Arthropoda	Diplopoda	Spirostreptida	Pseudonannolenidae	Pseudonannolene	Pseudonannolene silvestris		SPECIES	Pseudonannolene silvestris Schubart, 1944	Pseudonannolene silvestris Schubart 1944	Schubart 1944	BR	Parque Estadual Turistico do Alto Ribeira	Sao Paulo	PRESENT	6	a064f300-1bc8-41ea-9364-b864ef4e8938	-24.485867	-48.646698			570.0				2001-11-08	8	11	2001	1026418	1026418	MATERIAL_CITATION	IBSP		IBSP 2261				CC0_1_0		Equipe Biota			2025-11-08T05:37:41.891Z		GEODETIC_DATUM_ASSUMED_WGS84;CONTINENT_DERIVED_FROM_COORDINATES;TAXON_ID_NOT_FOUND;OCCURRENCE_STATUS_INFERRED_FROM_INDIVIDUAL_COUNT;COLLECTION_MATCH_NONE;INSTITUTION_MATCH_FUZZY
4101309515	1d2570da-e150-4d75-94d8-bfc5813062bc	03F887BA1361B1354D4FF9B8FAB4500B.mc.3B393CF11360B1324D5DFA79FD1450ED	Animalia	Arthropoda	Diplopoda	Spirostreptida	Pseudonannolenidae	Pseudonannolene	Pseudonannolene silvestris		SPECIES	Pseudonannolene silvestris Schubart, 1944	Pseudonannolene silvestris Schubart 1944	Schubart 1944	BR	Sao Sebastiao	Sao Paulo	PRESENT	2	a064f300-1bc8-41ea-9364-b864ef4e8938	-22.129316	-47.66285			663.0				1951-12-28	28	12	1951	1026418	1026418	MATERIAL_CITATION	MZSP						CC0_1_0		O. Schubart			2025-11-08T05:37:41.885Z		GEODETIC_DATUM_ASSUMED_WGS84;CONTINENT_DERIVED_FROM_COORDINATES;TAXON_ID_NOT_FOUND;OCCURRENCE_STATUS_INFERRED_FROM_INDIVIDUAL_COUNT;COLLECTION_MATCH_NONE;INSTITUTION_MATCH_FUZZY
4101309514	1d2570da-e150-4d75-94d8-bfc5813062bc	03F887BA1321B1724D58FEE4FBC35029.mc.3B393CF11321B1734C41F9ADFE155341	Animalia	Arthropoda	Diplopoda	Spirostreptida	Pseudonannolenidae	Pseudonannolene	Pseudonannolene albiventris		SPECIES	Pseudonannolene albiventris Schubart, 1952	Pseudonannolene albiventris Schubart 1952	Schubart 1952	BR	Centro de Citricultura Sylvio Moreira	Sao Paulo	PRESENT	1	a064f300-1bc8-41ea-9364-b864ef4e8938	-22.462172	-47.39919			737.0				1953-02		2	1953	6185997	6185997	MATERIAL_CITATION	MZSP						CC0_1_0		L. G. Lordello			2025-11-08T05:37:41.883Z		GEODETIC_DATUM_ASSUMED_WGS84;CONTINENT_DERIVED_FROM_COORDINATES;TAXON_ID_NOT_FOUND;OCCURRENCE_STATUS_INFERRED_FROM_INDIVIDUAL_COUNT;COLLECTION_MATCH_NONE;INSTITUTION_MATCH_FUZZY
4101309513	1d2570da-e150-4d75-94d8-bfc5813062bc	03F887BA1367B1374EBAFAB0FAD650FC.mc.3B393CF11366B1344D6DFC26FD9B5139	Animalia	Arthropoda	Diplopoda	Spirostreptida	Pseudonannolenidae	Pseudonannolene	Pseudonannolene spelaea		SPECIES	Pseudonannolene spelaea Iniesta & Ferreira, 2013	Pseudonannolene spelaea Iniesta & Ferreira 2013	Iniesta & Ferreira 2013	BR		Para	PRESENT	1	a064f300-1bc8-41ea-9364-b864ef4e8938	-6.038547	-50.160736							2010-04-20	20	4	2010	9516060	9516060	MATERIAL_CITATION	R		IBSP 6222				CC0_1_0		R. Andrade			2025-11-08T05:37:41.881Z		GEODETIC_DATUM_ASSUMED_WGS84;CONTINENT_DERIVED_FROM_COORDINATES;TAXON_ID_NOT_FOUND;OCCURRENCE_STATUS_INFERRED_FROM_INDIVIDUAL_COUNT;AMBIGUOUS_INSTITUTION
4101309510	1d2570da-e150-4d75-94d8-bfc5813062bc	03F887BA1356B1074D60FEE4FB225095.mc.3B393CF11356B1044E44FA70FC685088	Animalia	Arthropoda	Diplopoda	Spirostreptida	Pseudonannolenidae	Pseudonannolene	Pseudonannolene bucculenta		SPECIES	Pseudonannolene bucculenta Iniesta, Bouzan & Brescovit, 2023	Pseudonannolene bucculenta Iniesta, Bouzan, and Brescovit 2023	Iniesta, Bouzan, and Brescovit 2023	BR	Samuel de Paula	Minas Gerais	PRESENT	5	a064f300-1bc8-41ea-9364-b864ef4e8938	-20.001055	-43.871086			975.0				2006-10		10	2006	12224748	12224748	MATERIAL_CITATION	IBSP		IBSP 3426				CC0_1_0		de Paula & J. P. P. Pena-Barbosa			2025-11-08T05:37:41.875Z		GEODETIC_DATUM_ASSUMED_WGS84;CONTINENT_DERIVED_FROM_COORDINATES;TAXON_ID_NOT_FOUND;OCCURRENCE_STATUS_INFERRED_FROM_INDIVIDUAL_COUNT;COLLECTION_MATCH_NONE;INSTITUTION_MATCH_FUZZY
4101309509	1d2570da-e150-4d75-94d8-bfc5813062bc	03F887BA1369B13C4D45F916FC1A53ED.mc.3B393CF1136FB13D4D02FEC0FAFC5478	Animalia	Arthropoda	Diplopoda	Spirostreptida	Pseudonannolenidae	Pseudonannolene	Pseudonannolene tricolor		SPECIES	Pseudonannolene tricolor Brölemann, 1902	Pseudonannolene tricolor Brolemann 1902	Brolemann 1902	BR	Sitio de Oliveira Pinto	Sao Paulo	PRESENT	1	a064f300-1bc8-41ea-9364-b864ef4e8938									1949-12-21	21	12	1949	1026426	1026426	MATERIAL_CITATION	MZSP						CC0_1_0		O. Schubart			2025-11-08T05:37:41.873Z		CONTINENT_DERIVED_FROM_COUNTRY;TAXON_ID_NOT_FOUND;OCCURRENCE_STATUS_INFERRED_FROM_INDIVIDUAL_COUNT;COLLECTION_MATCH_NONE;INSTITUTION_MATCH_FUZZY
4101309507	1d2570da-e150-4d75-94d8-bfc5813062bc	03F887BA1306B1564D40FB75FC835700.mc.3B393CF11305B1574D65FDADFF6D5740	Animalia	Arthropoda	Diplopoda	Spirostreptida	Pseudonannolenidae	Pseudonannolene	Pseudonannolene maritima		SPECIES	Pseudonannolene maritima Schubart, 1949	Pseudonannolene maritima Schubart 1949	Schubart 1949	BR	Ilha da Queimada Grande	Sao Paulo	PRESENT	7	a064f300-1bc8-41ea-9364-b864ef4e8938	-24.487923	-46.674156			103.0				2003-04-01	1	4	2003	6186005	6186005	MATERIAL_CITATION	IBSP		IBSP 1176				CC0_1_0		Martins & Bertani			2025-11-08T05:37:41.870Z		GEODETIC_DATUM_ASSUMED_WGS84;CONTINENT_DERIVED_FROM_COORDINATES;TAXON_ID_NOT_FOUND;OCCURRENCE_STATUS_INFERRED_FROM_INDIVIDUAL_COUNT;COLLECTION_MATCH_NONE;INSTITUTION_MATCH_FUZZY
4101309506	1d2570da-e150-4d75-94d8-bfc5813062bc	03F887BA1315B1484D45F9EEFC01571A.mc.3B393CF11314B1464C20FA28FE59533F	Animalia	Arthropoda	Diplopoda	Spirostreptida	Pseudonannolenidae	Pseudonannolene	Pseudonannolene halophila		SPECIES	Pseudonannolene halophila Schubart, 1949	Pseudonannolene halophila Schubart 1949	Schubart 1949	BR	Vale do Rio Jurubatuba	Sao Paulo	PRESENT	1	a064f300-1bc8-41ea-9364-b864ef4e8938	-23.876179	-46.305065			201.0				2007-03		3	2007	6186012	6186012	MATERIAL_CITATION	IBSP		IBSP 3161				CC0_1_0					2025-11-08T05:37:41.868Z		GEODETIC_DATUM_ASSUMED_WGS84;CONTINENT_DERIVED_FROM_COORDINATES;TAXON_ID_NOT_FOUND;OCCURRENCE_STATUS_INFERRED_FROM_INDIVIDUAL_COUNT;COLLECTION_MATCH_NONE;INSTITUTION_MATCH_FUZZY
4101309505	1d2570da-e150-4d75-94d8-bfc5813062bc	03F887BA1309B15F4EA9FEE4FC055083.mc.3B393CF1130FB15D4A57FD85FD2F5799	Animalia	Arthropoda	Diplopoda	Spirostreptida	Pseudonannolenidae	Pseudonannolene	Pseudonannolene microzoporus		SPECIES	Pseudonannolene microzoporus Mauriès, 1987	Pseudonannolene microzoporus Mauries 1987	Mauries 1987	BR		Bahia	PRESENT	1	a064f300-1bc8-41ea-9364-b864ef4e8938													1026408	1026408	MATERIAL_CITATION	IBSP		IBSP 5724				CC0_1_0					2025-11-08T05:37:41.866Z		CONTINENT_DERIVED_FROM_COUNTRY;TAXON_ID_NOT_FOUND;OCCURRENCE_STATUS_INFERRED_FROM_INDIVIDUAL_COUNT;COLLECTION_MATCH_NONE;INSTITUTION_MATCH_FUZZY
4101309504	1d2570da-e150-4d75-94d8-bfc5813062bc	03F887BA1310B1454EA2FC15FC77528B.mc.3B393CF11317B1454CEDFE78FE2454EE	Animalia	Arthropoda	Diplopoda	Spirostreptida	Pseudonannolenidae	Pseudonannolene	Pseudonannolene erikae		SPECIES	Pseudonannolene erikae Iniesta & Ferreira, 2014	Pseudonannolene erikae Iniesta & Ferreira 2014	Iniesta & Ferreira 2014	BR	Sao Jose da Lapa	Minas Gerais	PRESENT	2	a064f300-1bc8-41ea-9364-b864ef4e8938	-19.69921	-43.95831			732.0				2012-12-17	17	12	2012	8568561	8568561	MATERIAL_CITATION	IBSP		IBSP 7612				CC0_1_0		Bueno			2025-11-08T05:37:41.745Z		GEODETIC_DATUM_ASSUMED_WGS84;CONTINENT_DERIVED_FROM_COORDINATES;TAXON_ID_NOT_FOUND;OCCURRENCE_STATUS_INFERRED_FROM_INDIVIDUAL_COUNT;COLLECTION_MATCH_NONE;INSTITUTION_MATCH_FUZZY
4101309503	1d2570da-e150-4d75-94d8-bfc5813062bc	03F887BA1309B15F4EA9FEE4FC055083.mc.3B393CF1130FB15D4C3BFCD0FDFF5644	Animalia	Arthropoda	Diplopoda	Spirostreptida	Pseudonannolenidae	Pseudonannolene	Pseudonannolene microzoporus		SPECIES	Pseudonannolene microzoporus Mauriès, 1987	Pseudonannolene microzoporus Mauries 1987	Mauries 1987	BR		Bahia	PRESENT	2	a064f300-1bc8-41ea-9364-b864ef4e8938													1026408	1026408	MATERIAL_CITATION	IBSP		IBSP 5694				CC0_1_0					2025-11-08T05:37:41.741Z		CONTINENT_DERIVED_FROM_COUNTRY;TAXON_ID_NOT_FOUND;OCCURRENCE_STATUS_INFERRED_FROM_INDIVIDUAL_COUNT;COLLECTION_MATCH_NONE;INSTITUTION_MATCH_FUZZY
4101309499	1d2570da-e150-4d75-94d8-bfc5813062bc	03F887BA131AB14A4D51FDA7FE6054B2.mc.3B393CF1131AB1484C8FF8D2FB9D5242	Animalia	Arthropoda	Diplopoda	Spirostreptida	Pseudonannolenidae	Pseudonannolene	Pseudonannolene imbirensis		SPECIES	Pseudonannolene imbirensis Fontanetti, 1996	Pseudonannolene imbirensis Fontanetti 1996	Fontanetti 1996	BR	cave Sao Vicente	Goias	PRESENT	4	a064f300-1bc8-41ea-9364-b864ef4e8938	-13.587311	-46.35823			626.0				2001-05-11	11	5	2001	11693169	11693169	MATERIAL_CITATION	MNRJ						CC0_1_0		A. Chagas Jr. & E. Trajano			2025-11-08T05:37:41.688Z		GEODETIC_DATUM_ASSUMED_WGS84;CONTINENT_DERIVED_FROM_COORDINATES;TAXON_ID_NOT_FOUND;OCCURRENCE_STATUS_INFERRED_FROM_INDIVIDUAL_COUNT;COLLECTION_MATCH_NONE;INSTITUTION_MATCH_FUZZY
4101309498	1d2570da-e150-4d75-94d8-bfc5813062bc	03F887BA132DB17E4D5CFCA9FC3D53AC.mc.3B393CF1132DB17F4FEBF937FAFC53CB	Animalia	Arthropoda	Diplopoda	Spirostreptida	Pseudonannolenidae	Pseudonannolene	Pseudonannolene callipyge		SPECIES	Pseudonannolene callipyge Brölemann, 1902	Pseudonannolene callipyge Brolemann 1902	Brolemann 1902	BR	cave Passaro Preto	Parana	PRESENT	6	a064f300-1bc8-41ea-9364-b864ef4e8938					362.0				2017-12-10	10	12	2017	1026425	1026425	MATERIAL_CITATION	R		IBSP 7616				CC0_1_0		C. A. R. Souza			2025-11-08T05:37:41.685Z		CONTINENT_DERIVED_FROM_COUNTRY;TAXON_ID_NOT_FOUND;OCCURRENCE_STATUS_INFERRED_FROM_INDIVIDUAL_COUNT;AMBIGUOUS_INSTITUTION
4101309497	1d2570da-e150-4d75-94d8-bfc5813062bc	03F887BA137CB1304EACFD5CFB445752.mc.3B393CF1137CB12E4FBCFA2CFD3C531F	Animalia	Arthropoda	Diplopoda	Spirostreptida	Pseudonannolenidae	Pseudonannolene	Pseudonannolene sebastianus		SPECIES	Pseudonannolene sebastianus Brölemann, 1902	Pseudonannolene sebastianus Brolemann 1902	Brolemann 1902	BR	Ilha de Sao Sebastiao	Sao Paulo	PRESENT	2	a064f300-1bc8-41ea-9364-b864ef4e8938	-23.812819	-45.36257			1.0				1896-09		9	1896	6186003	6186003	MATERIAL_CITATION	MZSP						CC0_1_0			Paralectotype		2025-11-08T05:37:41.648Z		GEODETIC_DATUM_ASSUMED_WGS84;CONTINENT_DERIVED_FROM_COORDINATES;TAXON_ID_NOT_FOUND;OCCURRENCE_STATUS_INFERRED_FROM_INDIVIDUAL_COUNT;COLLECTION_MATCH_NONE;INSTITUTION_MATCH_FUZZY
4101309496	1d2570da-e150-4d75-94d8-bfc5813062bc	03F887BA1361B1354D4FF9B8FAB4500B.mc.3B393CF11360B1324BBEFB09FC9F501D	Animalia	Arthropoda	Diplopoda	Spirostreptida	Pseudonannolenidae	Pseudonannolene	Pseudonannolene silvestris		SPECIES	Pseudonannolene silvestris Schubart, 1944	Pseudonannolene silvestris Schubart 1944	Schubart 1944	BR	Parque Estadual Turistico do Alto Ribeira	Sao Paulo	PRESENT	1	a064f300-1bc8-41ea-9364-b864ef4e8938	-24.485867	-48.646698			570.0				2001-11-08	8	11	2001	1026418	1026418	MATERIAL_CITATION	IBSP		IBSP 2252				CC0_1_0		Equipe Biota			2025-11-08T05:37:41.640Z		GEODETIC_DATUM_ASSUMED_WGS84;CONTINENT_DERIVED_FROM_COORDINATES;TAXON_ID_NOT_FOUND;OCCURRENCE_STATUS_INFERRED_FROM_INDIVIDUAL_COUNT;COLLECTION_MATCH_NONE;INSTITUTION_MATCH_FUZZY
4101309495	1d2570da-e150-4d75-94d8-bfc5813062bc	03F887BA131FB14C4EB4FB9AFCE85203.mc.3B393CF1131FB14D4FBCF93BFB775209	Animalia	Arthropoda	Diplopoda	Spirostreptida	Pseudonannolenidae	Pseudonannolene	Pseudonannolene leopoldoi		SPECIES	Pseudonannolene leopoldoi Iniesta & Ferreira, 2014	Pseudonannolene leopoldoi Iniesta & Ferreira 2014	Iniesta & Ferreira 2014	BR	cave Zu	Minas Gerais	PRESENT	1	a064f300-1bc8-41ea-9364-b864ef4e8938	-16.843178	-44.263016							2013-09-25	25	9	2013	8502029	8502029	MATERIAL_CITATION	R		ISLA 4123				CC0_1_0		R. L. Ferreira & L. F. M. Iniesta & M. Souza-Silva & L. Azara & M. Mendonca	Holotype		2025-11-08T05:37:41.644Z		GEODETIC_DATUM_ASSUMED_WGS84;CONTINENT_DERIVED_FROM_COORDINATES;TAXON_ID_NOT_FOUND;OCCURRENCE_STATUS_INFERRED_FROM_INDIVIDUAL_COUNT;AMBIGUOUS_INSTITUTION
4101309494	1d2570da-e150-4d75-94d8-bfc5813062bc	03F887BA1371B1224D74FD91FED55297.mc.3B393CF11371B1234D01F9BBFB48534C	Animalia	Arthropoda	Diplopoda	Spirostreptida	Pseudonannolenidae	Pseudonannolene	Pseudonannolene parvula		SPECIES	Pseudonannolene parvula Silvestri, 1902	Pseudonannolene parvula Silvestri 1902	Silvestri 1902	BR	Parque Nacional do Iguacu	Parana	PRESENT	1	a064f300-1bc8-41ea-9364-b864ef4e8938	-25.500435	-54.58335			195.0				2002-03-03	3	3	2002	1026412	1026412	MATERIAL_CITATION	IBSP		IBSP 1451				CC0_1_0		Equipe Biota			2025-11-08T05:37:41.636Z		GEODETIC_DATUM_ASSUMED_WGS84;CONTINENT_DERIVED_FROM_COORDINATES;TAXON_ID_NOT_FOUND;OCCURRENCE_STATUS_INFERRED_FROM_INDIVIDUAL_COUNT;COLLECTION_MATCH_NONE;INSTITUTION_MATCH_FUZZY
4101309493	1d2570da-e150-4d75-94d8-bfc5813062bc	03F887BA137CB1304EACFD5CFB445752.mc.3B393CF1137CB12E4C91F8F0FD8B5267	Animalia	Arthropoda	Diplopoda	Spirostreptida	Pseudonannolenidae	Pseudonannolene	Pseudonannolene sebastianus		SPECIES	Pseudonannolene sebastianus Brölemann, 1902	Pseudonannolene sebastianus Brolemann 1902	Brolemann 1902	BR	Ilhabela	Sao Paulo	PRESENT	1	a064f300-1bc8-41ea-9364-b864ef4e8938	-23.818665	-45.36816			1.0				2001-10-09	9	10	2001	6186003	6186003	MATERIAL_CITATION	IBSP		IBSP 7789				CC0_1_0		Equipe Biota			2025-11-08T05:37:41.638Z		GEODETIC_DATUM_ASSUMED_WGS84;CONTINENT_DERIVED_FROM_COORDINATES;TAXON_ID_NOT_FOUND;OCCURRENCE_STATUS_INFERRED_FROM_INDIVIDUAL_COUNT;COLLECTION_MATCH_NONE;INSTITUTION_MATCH_FUZZY
4101309491	1d2570da-e150-4d75-94d8-bfc5813062bc	03F887BA1309B15F4EA9FEE4FC055083.mc.3B393CF11308B15A4F9BF9B0FBEB5349	Animalia	Arthropoda	Diplopoda	Spirostreptida	Pseudonannolenidae	Pseudonannolene	Pseudonannolene microzoporus		SPECIES	Pseudonannolene microzoporus Mauriès, 1987	Pseudonannolene microzoporus Mauries 1987	Mauries 1987	BR	Mocambeiro	Bahia	PRESENT	1	a064f300-1bc8-41ea-9364-b864ef4e8938	-19.535425	-44.026974							2011-04-04	4	4	2011	1026408	1026408	MATERIAL_CITATION	IBSP		IBSP 5752				CC0_1_0		F. P. Franco			2025-11-08T05:37:41.633Z		GEODETIC_DATUM_ASSUMED_WGS84;CONTINENT_DERIVED_FROM_COORDINATES;TAXON_ID_NOT_FOUND;OCCURRENCE_STATUS_INFERRED_FROM_INDIVIDUAL_COUNT;COLLECTION_MATCH_NONE;INSTITUTION_MATCH_FUZZY
4101309490	1d2570da-e150-4d75-94d8-bfc5813062bc	03F887BA1309B15F4EA9FEE4FC055083.mc.3B393CF11308B15A4C7CF92AFF62523A	Animalia	Arthropoda	Diplopoda	Spirostreptida	Pseudonannolenidae	Pseudonannolene	Pseudonannolene microzoporus		SPECIES	Pseudonannolene microzoporus Mauriès, 1987	Pseudonannolene microzoporus Mauries 1987	Mauries 1987	BR	Mocambeiro	Bahia	PRESENT	1	a064f300-1bc8-41ea-9364-b864ef4e8938	-19.535425	-44.026974							2011-04-04	4	4	2011	1026408	1026408	MATERIAL_CITATION	IBSP		IBSP 5701				CC0_1_0		F. P. Franco			2025-11-08T05:37:41.631Z		GEODETIC_DATUM_ASSUMED_WGS84;CONTINENT_DERIVED_FROM_COORDINATES;TAXON_ID_NOT_FOUND;OCCURRENCE_STATUS_INFERRED_FROM_INDIVIDUAL_COUNT;COLLECTION_MATCH_NONE;INSTITUTION_MATCH_FUZZY
4101309489	1d2570da-e150-4d75-94d8-bfc5813062bc	03F887BA1356B1074D60FEE4FB225095.mc.3B393CF11356B1044E02F983FC6553B7	Animalia	Arthropoda	Diplopoda	Spirostreptida	Pseudonannolenidae	Pseudonannolene	Pseudonannolene bucculenta		SPECIES	Pseudonannolene bucculenta Iniesta, Bouzan & Brescovit, 2023	Pseudonannolene bucculenta Iniesta, Bouzan, and Brescovit 2023	Iniesta, Bouzan, and Brescovit 2023	BR	Samuel de Paula	Minas Gerais	PRESENT	2	a064f300-1bc8-41ea-9364-b864ef4e8938	-20.001055	-43.871086			975.0				2006-10		10	2006	12224748	12224748	MATERIAL_CITATION	IBSP		IBSP 3424				CC0_1_0		de Paula & J. P. P. Pena-Barbosa			2025-11-08T05:37:41.629Z		GEODETIC_DATUM_ASSUMED_WGS84;CONTINENT_DERIVED_FROM_COORDINATES;TAXON_ID_NOT_FOUND;OCCURRENCE_STATUS_INFERRED_FROM_INDIVIDUAL_COUNT;COLLECTION_MATCH_NONE;INSTITUTION_MATCH_FUZZY
4101309485	1d2570da-e150-4d75-94d8-bfc5813062bc	03F887BA135DB10F4D7BFD90FCFD50D3.mc.3B393CF1135DB10F4FBCFC7EFD9456CD	Animalia	Arthropoda	Diplopoda	Spirostreptida	Pseudonannolenidae	Pseudonannolene	Pseudonannolene brevis		SPECIES	Pseudonannolene brevis Silvestri, 1902	Pseudonannolene brevis Silvestri 1902	Silvestri 1902	BR	Urucum	Mato Grosso do Sul	PRESENT	1	a064f300-1bc8-41ea-9364-b864ef4e8938	-19.200684	-57.6							1900-10-20	20	10	1900	1026414	1026414	MATERIAL_CITATION	USNM		USNM 2021				CC0_1_0		A. Borelli	Syntype		2025-11-08T05:37:41.609Z		GEODETIC_DATUM_ASSUMED_WGS84;CONTINENT_DERIVED_FROM_COORDINATES;TAXON_ID_NOT_FOUND;OCCURRENCE_STATUS_INFERRED_FROM_INDIVIDUAL_COUNT;COLLECTION_MATCH_NONE;INSTITUTION_MATCH_FUZZY
4101309483	1d2570da-e150-4d75-94d8-bfc5813062bc	03F887BA1369B13C4D45F916FC1A53ED.mc.3B393CF11368B13A4CA1F939FCE5522D	Animalia	Arthropoda	Diplopoda	Spirostreptida	Pseudonannolenidae	Pseudonannolene	Pseudonannolene tricolor		SPECIES	Pseudonannolene tricolor Brölemann, 1902	Pseudonannolene tricolor Brolemann 1902	Brolemann 1902	BR	Pocos de Caldas	Minas Gerais	PRESENT	1	a064f300-1bc8-41ea-9364-b864ef4e8938	-21.797215	-46.559998			1216.0								1026426	1026426	MATERIAL_CITATION	IBSP		IBSP 7885				CC0_1_0					2025-11-08T05:37:41.581Z		GEODETIC_DATUM_ASSUMED_WGS84;COUNTRY_DERIVED_FROM_COORDINATES;CONTINENT_DERIVED_FROM_COORDINATES;TAXON_ID_NOT_FOUND;OCCURRENCE_STATUS_INFERRED_FROM_INDIVIDUAL_COUNT;COLLECTION_MATCH_NONE;INSTITUTION_MATCH_FUZZY
4101309482	1d2570da-e150-4d75-94d8-bfc5813062bc	03F887BA130DB1214D53FA08FE5057D0.mc.3B393CF1130CB15E4FBCFDC3FC0E5752	Animalia	Arthropoda	Diplopoda	Spirostreptida	Pseudonannolenidae	Pseudonannolene	Pseudonannolene occidentalis		SPECIES	Pseudonannolene occidentalis Schubart, 1958	Pseudonannolene occidentalis Schubart 1958	Schubart 1958	BR	BRAZIL	Mato Grosso do Sul	PRESENT	4	a064f300-1bc8-41ea-9364-b864ef4e8938	-20.187515	-56.547016			112.0				1955-01-22	22	1	1955	6186007	6186007	MATERIAL_CITATION	MZSP						CC0_1_0		L. Travassos	Paratype		2025-11-08T05:37:41.541Z		GEODETIC_DATUM_ASSUMED_WGS84;CONTINENT_DERIVED_FROM_COORDINATES;TAXON_ID_NOT_FOUND;OCCURRENCE_STATUS_INFERRED_FROM_INDIVIDUAL_COUNT;COLLECTION_MATCH_NONE;INSTITUTION_MATCH_FUZZY
4101309481	1d2570da-e150-4d75-94d8-bfc5813062bc	03F887BA1369B13C4D45F916FC1A53ED.mc.3B393CF1136FB13D4E84FD3FFAFE57D3	Animalia	Arthropoda	Diplopoda	Spirostreptida	Pseudonannolenidae	Pseudonannolene	Pseudonannolene tricolor		SPECIES	Pseudonannolene tricolor Brölemann, 1902	Pseudonannolene tricolor Brolemann 1902	Brolemann 1902	BR	Fazenda Ponte Alta	Sao Paulo	PRESENT	1	a064f300-1bc8-41ea-9364-b864ef4e8938	-22.69015	-46.682655			767.0				1949-12		12	1949	1026426	1026426	MATERIAL_CITATION	MZSP						CC0_1_0		J. Schubart			2025-11-08T05:37:41.537Z		GEODETIC_DATUM_ASSUMED_WGS84;CONTINENT_DERIVED_FROM_COORDINATES;TAXON_ID_NOT_FOUND;OCCURRENCE_STATUS_INFERRED_FROM_INDIVIDUAL_COUNT;COLLECTION_MATCH_NONE;INSTITUTION_MATCH_FUZZY
4101309480	1d2570da-e150-4d75-94d8-bfc5813062bc	03F887BA1373B1234D42FCF9FB915768.mc.3B393CF11372B1204D23FE55FAED54ED	Animalia	Arthropoda	Diplopoda	Spirostreptida	Pseudonannolenidae	Pseudonannolene	Pseudonannolene ophiiulus		SPECIES	Pseudonannolene ophiiulus Schubart, 1944	Pseudonannolene ophiiulus Schubart 1944	Schubart 1944	BR	Fazenda Pedra Branca	Sao Paulo	PRESENT	1	a064f300-1bc8-41ea-9364-b864ef4e8938									1944-03-30	30	3	1944	6185999	6185999	MATERIAL_CITATION	MZSP						CC0_1_0		J. Gaspar			2025-11-08T05:37:41.535Z		CONTINENT_DERIVED_FROM_COUNTRY;TAXON_ID_NOT_FOUND;OCCURRENCE_STATUS_INFERRED_FROM_INDIVIDUAL_COUNT;COLLECTION_MATCH_NONE;INSTITUTION_MATCH_FUZZY
4101309479	1d2570da-e150-4d75-94d8-bfc5813062bc	03F887BA1315B1484D45F9EEFC01571A.mc.3B393CF11314B1464A17FA0BFC94531B	Animalia	Arthropoda	Diplopoda	Spirostreptida	Pseudonannolenidae	Pseudonannolene	Pseudonannolene halophila		SPECIES	Pseudonannolene halophila Schubart, 1949	Pseudonannolene halophila Schubart 1949	Schubart 1949	BR	Vale do Rio Jurubatuba	Sao Paulo	PRESENT	1	a064f300-1bc8-41ea-9364-b864ef4e8938	-23.876179	-46.305065			201.0				2007-03		3	2007	6186012	6186012	MATERIAL_CITATION	IBSP		IBSP 3154				CC0_1_0					2025-11-08T05:37:41.507Z		GEODETIC_DATUM_ASSUMED_WGS84;CONTINENT_DERIVED_FROM_COORDINATES;TAXON_ID_NOT_FOUND;OCCURRENCE_STATUS_INFERRED_FROM_INDIVIDUAL_COUNT;COLLECTION_MATCH_NONE;INSTITUTION_MATCH_FUZZY
4101309478	1d2570da-e150-4d75-94d8-bfc5813062bc	03F887BA137CB1304EACFD5CFB445752.mc.3B393CF11363B1314C87FE30FD945727	Animalia	Arthropoda	Diplopoda	Spirostreptida	Pseudonannolenidae	Pseudonannolene	Pseudonannolene sebastianus		SPECIES	Pseudonannolene sebastianus Brölemann, 1902	Pseudonannolene sebastianus Brolemann 1902	Brolemann 1902	BR	Ilha Anchieta	Sao Paulo	PRESENT	1	a064f300-1bc8-41ea-9364-b864ef4e8938	-23.550426	-45.066635			162.0				2001-07-23	23	7	2001	6186003	6186003	MATERIAL_CITATION	IBSP		IBSP 1411				CC0_1_0		Equipe Biota			2025-11-08T05:37:41.505Z		GEODETIC_DATUM_ASSUMED_WGS84;CONTINENT_DERIVED_FROM_COORDINATES;TAXON_ID_NOT_FOUND;OCCURRENCE_STATUS_INFERRED_FROM_INDIVIDUAL_COUNT;COLLECTION_MATCH_NONE;INSTITUTION_MATCH_FUZZY
4101309476	1d2570da-e150-4d75-94d8-bfc5813062bc	03F887BA135AB10B4D12FBEDFA895350.mc.3B393CF1135AB1084CB7F93CFE2F5233	Animalia	Arthropoda	Diplopoda	Spirostreptida	Pseudonannolenidae	Pseudonannolene	Pseudonannolene insularis		SPECIES	Pseudonannolene insularis Iniesta, Bouzan & Brescovit, 2023	Pseudonannolene insularis Iniesta, Bouzan, and Brescovit 2023	Iniesta, Bouzan, and Brescovit 2023	BR	Ilha Prumirim	Sao Paulo	PRESENT	2	a064f300-1bc8-41ea-9364-b864ef4e8938	-23.385244	-44.944145			75.0				1994-09-02	2	9	1994	12196671	12196671	MATERIAL_CITATION	IBSP		IBSP 1231				CC0_1_0		C. F. Vieira & A. Eterovic			2025-11-08T05:37:41.485Z		GEODETIC_DATUM_ASSUMED_WGS84;CONTINENT_DERIVED_FROM_COORDINATES;TAXON_ID_NOT_FOUND;OCCURRENCE_STATUS_INFERRED_FROM_INDIVIDUAL_COUNT;COLLECTION_MATCH_NONE;INSTITUTION_MATCH_FUZZY
4101309475	1d2570da-e150-4d75-94d8-bfc5813062bc	03F887BA1315B1484D45F9EEFC01571A.mc.3B393CF1131BB1494C65FE9FFB36548E	Animalia	Arthropoda	Diplopoda	Spirostreptida	Pseudonannolenidae	Pseudonannolene	Pseudonannolene halophila		SPECIES	Pseudonannolene halophila Schubart, 1949	Pseudonannolene halophila Schubart 1949	Schubart 1949	BR	Paranapua	Sao Paulo	PRESENT	3	a064f300-1bc8-41ea-9364-b864ef4e8938	-20.105474	-50.586006			474.0				1960-11-01	1	11	1960	6186012	6186012	MATERIAL_CITATION	MZSP						CC0_1_0		O. Schubart & O. Schubart Filho			2025-11-08T05:37:41.479Z		GEODETIC_DATUM_ASSUMED_WGS84;CONTINENT_DERIVED_FROM_COORDINATES;TAXON_ID_NOT_FOUND;OCCURRENCE_STATUS_INFERRED_FROM_INDIVIDUAL_COUNT;COLLECTION_MATCH_NONE;INSTITUTION_MATCH_FUZZY
4101309474	1d2570da-e150-4d75-94d8-bfc5813062bc	03F887BA1311B1424D4BFEE4FBEC56ED.mc.3B393CF11311B1434BD3FB82FDD65194	Animalia	Arthropoda	Diplopoda	Spirostreptida	Pseudonannolenidae	Pseudonannolene	Pseudonannolene curtipes		SPECIES	Pseudonannolene curtipes Schubart, 1960	Pseudonannolene curtipes Schubart 1960	Schubart 1960	BR	Fazenda Forquilha Grande	Goias	PRESENT	1	a064f300-1bc8-41ea-9364-b864ef4e8938	-14.732396	-46.15362							1960-02		2	1960	6185993	6185993	MATERIAL_CITATION	MZSP		MZSP 1023				CC0_1_0		J. Evangelista			2025-11-08T05:37:41.477Z		GEODETIC_DATUM_ASSUMED_WGS84;CONTINENT_DERIVED_FROM_COORDINATES;TAXON_ID_NOT_FOUND;OCCURRENCE_STATUS_INFERRED_FROM_INDIVIDUAL_COUNT;COLLECTION_MATCH_NONE;INSTITUTION_MATCH_FUZZY
4101309473	1d2570da-e150-4d75-94d8-bfc5813062bc	03F887BA1316B1474E87FEE4FAEF50E2.mc.3B393CF11316B1444FBCFC85FF6556D3	Animalia	Arthropoda	Diplopoda	Spirostreptida	Pseudonannolenidae	Pseudonannolene	Pseudonannolene fontanettiae		SPECIES	Pseudonannolene fontanettiae Iniesta & Ferreira, 2014	Pseudonannolene fontanettiae Iniesta & Ferreira 2014	Iniesta & Ferreira 2014	BR	cave Casa de Pedra	Minas Gerais	PRESENT	1	a064f300-1bc8-41ea-9364-b864ef4e8938	-21.140467	-44.187565			992.0				2014-02-25	25	2	2014	8446495	8446495	MATERIAL_CITATION	R		ISLA 5033				CC0_1_0		R. L. Ferreira & L. F. M. Iniesta & M. Souza-Silva & L. Azara & M. Mendonca	Holotype		2025-11-08T05:37:41.475Z		GEODETIC_DATUM_ASSUMED_WGS84;CONTINENT_DERIVED_FROM_COORDINATES;TAXON_ID_NOT_FOUND;OCCURRENCE_STATUS_INFERRED_FROM_INDIVIDUAL_COUNT;AMBIGUOUS_INSTITUTION
4101309471	1d2570da-e150-4d75-94d8-bfc5813062bc	03F887BA1311B1424D4BFEE4FBEC56ED.mc.3B393CF11311B1434FBCFBC5FC4D515B	Animalia	Arthropoda	Diplopoda	Spirostreptida	Pseudonannolenidae	Pseudonannolene	Pseudonannolene curtipes		SPECIES	Pseudonannolene curtipes Schubart, 1960	Pseudonannolene curtipes Schubart 1960	Schubart 1960	BR	BRAZIL	Goias	PRESENT	14	a064f300-1bc8-41ea-9364-b864ef4e8938	-14.732396	-46.15362							1960-02		2	1960	6185993	6185993	MATERIAL_CITATION	MZSP		MZSP 1027				CC0_1_0		J. Evangelista	Paratype		2025-11-08T05:37:41.471Z		GEODETIC_DATUM_ASSUMED_WGS84;CONTINENT_DERIVED_FROM_COORDINATES;TAXON_ID_NOT_FOUND;OCCURRENCE_STATUS_INFERRED_FROM_INDIVIDUAL_COUNT;COLLECTION_MATCH_NONE;INSTITUTION_MATCH_FUZZY
4101309470	1d2570da-e150-4d75-94d8-bfc5813062bc	03F887BA132FB17F4EB3FCD4FDA5561E.mc.3B393CF1132EB17C4A14FD89FB50579F	Animalia	Arthropoda	Diplopoda	Spirostreptida	Pseudonannolenidae	Pseudonannolene	Pseudonannolene caatinga		SPECIES	Pseudonannolene caatinga Iniesta & Ferreira, 2014	Pseudonannolene caatinga Iniesta & Ferreira 2014	Iniesta & Ferreira 2014	BR	Caetite	Bahia	PRESENT	1	a064f300-1bc8-41ea-9364-b864ef4e8938	-14.066228	-42.486908							2008-12-08	8	12	2008	8682135	8682135	MATERIAL_CITATION	R						CC0_1_0		R. Andrade			2025-11-08T05:37:41.456Z		GEODETIC_DATUM_ASSUMED_WGS84;CONTINENT_DERIVED_FROM_COORDINATES;TAXON_ID_NOT_FOUND;OCCURRENCE_STATUS_INFERRED_FROM_INDIVIDUAL_COUNT;AMBIGUOUS_INSTITUTION
4101309468	1d2570da-e150-4d75-94d8-bfc5813062bc	03F887BA1321B1724D58FEE4FBC35029.mc.3B393CF11321B1734BA3FA17FC2B5306	Animalia	Arthropoda	Diplopoda	Spirostreptida	Pseudonannolenidae	Pseudonannolene	Pseudonannolene albiventris		SPECIES	Pseudonannolene albiventris Schubart, 1952	Pseudonannolene albiventris Schubart 1952	Schubart 1952	BR	Centro de Citricultura Sylvio Moreira	Sao Paulo	PRESENT	11	a064f300-1bc8-41ea-9364-b864ef4e8938	-22.462172	-47.39919			737.0				1952-02		2	1952	6185997	6185997	MATERIAL_CITATION	MZSP						CC0_1_0		L. G. Lordello			2025-11-08T05:37:41.447Z		GEODETIC_DATUM_ASSUMED_WGS84;CONTINENT_DERIVED_FROM_COORDINATES;TAXON_ID_NOT_FOUND;OCCURRENCE_STATUS_INFERRED_FROM_INDIVIDUAL_COUNT;COLLECTION_MATCH_NONE;INSTITUTION_MATCH_FUZZY
4101309467	1d2570da-e150-4d75-94d8-bfc5813062bc	03F887BA1371B1224D74FD91FED55297.mc.3B393CF11371B1234BABF8EFFD53527E	Animalia	Arthropoda	Diplopoda	Spirostreptida	Pseudonannolenidae	Pseudonannolene	Pseudonannolene parvula		SPECIES	Pseudonannolene parvula Silvestri, 1902	Pseudonannolene parvula Silvestri 1902	Silvestri 1902	BR	Parque Nacional do Iguacu	Parana	PRESENT	1	a064f300-1bc8-41ea-9364-b864ef4e8938	-25.500435	-54.58335			195.0				2002-03-03	3	3	2002	1026412	1026412	MATERIAL_CITATION	IBSP		IBSP 1952				CC0_1_0		Equipe Biota			2025-11-08T05:37:41.445Z		GEODETIC_DATUM_ASSUMED_WGS84;CONTINENT_DERIVED_FROM_COORDINATES;TAXON_ID_NOT_FOUND;OCCURRENCE_STATUS_INFERRED_FROM_INDIVIDUAL_COUNT;COLLECTION_MATCH_NONE;INSTITUTION_MATCH_FUZZY
4101309466	1d2570da-e150-4d75-94d8-bfc5813062bc	03F887BA1311B1424D4BFEE4FBEC56ED.mc.3B393CF11311B1434FBCFC4FFCC1513C	Animalia	Arthropoda	Diplopoda	Spirostreptida	Pseudonannolenidae	Pseudonannolene	Pseudonannolene curtipes		SPECIES	Pseudonannolene curtipes Schubart, 1960	Pseudonannolene curtipes Schubart 1960	Schubart 1960	BR	Fazenda Forquilha Grande	Goias	PRESENT	1	a064f300-1bc8-41ea-9364-b864ef4e8938	-14.732396	-46.15362							1960-02		2	1960	6185993	6185993	MATERIAL_CITATION	MZSP		MZSP 1001				CC0_1_0		J. Evangelista	Holotype		2025-11-08T05:37:41.443Z		GEODETIC_DATUM_ASSUMED_WGS84;CONTINENT_DERIVED_FROM_COORDINATES;TAXON_ID_NOT_FOUND;OCCURRENCE_STATUS_INFERRED_FROM_INDIVIDUAL_COUNT;COLLECTION_MATCH_NONE;INSTITUTION_MATCH_FUZZY
4101309465	1d2570da-e150-4d75-94d8-bfc5813062bc	03F887BA135FB10F4D1DFB36FBA9576B.mc.3B393CF1135FB10D4FBCF951FD3A5220	Animalia	Arthropoda	Diplopoda	Spirostreptida	Pseudonannolenidae	Pseudonannolene	Pseudonannolene nicolau		SPECIES	Pseudonannolene nicolau Iniesta, Bouzan & Brescovit, 2023	Pseudonannolene nicolau Iniesta, Bouzan, and Brescovit 2023	Iniesta, Bouzan, and Brescovit 2023	BR	Fazenda Sao Nicolau	Mato Grosso	PRESENT	1	a064f300-1bc8-41ea-9364-b864ef4e8938	-9.902508	-58.568104			370.0				2009-12-09	9	12	2009	12263633	12263633	MATERIAL_CITATION	ABAM						CC0_1_0		D. Rodrigues	Holotype		2025-11-08T05:37:41.441Z		GEODETIC_DATUM_ASSUMED_WGS84;CONTINENT_DERIVED_FROM_COORDINATES;TAXON_ID_NOT_FOUND;OCCURRENCE_STATUS_INFERRED_FROM_INDIVIDUAL_COUNT;INSTITUTION_MATCH_NONE
4101309464	1d2570da-e150-4d75-94d8-bfc5813062bc	03F887BA1361B1354D4FF9B8FAB4500B.mc.3B393CF11360B1324FEBFA9EFC3350B2	Animalia	Arthropoda	Diplopoda	Spirostreptida	Pseudonannolenidae	Pseudonannolene	Pseudonannolene silvestris		SPECIES	Pseudonannolene silvestris Schubart, 1944	Pseudonannolene silvestris Schubart 1944	Schubart 1944	BR	Parque Estadual Turistico do Alto Ribeira	Sao Paulo	PRESENT	1	a064f300-1bc8-41ea-9364-b864ef4e8938	-24.485867	-48.646698			570.0				2001-11-08	8	11	2001	1026418	1026418	MATERIAL_CITATION	IBSP		IBSP 2248				CC0_1_0		Equipe Biota			2025-11-08T05:37:41.439Z		GEODETIC_DATUM_ASSUMED_WGS84;CONTINENT_DERIVED_FROM_COORDINATES;TAXON_ID_NOT_FOUND;OCCURRENCE_STATUS_INFERRED_FROM_INDIVIDUAL_COUNT;COLLECTION_MATCH_NONE;INSTITUTION_MATCH_FUZZY
4101309462	1d2570da-e150-4d75-94d8-bfc5813062bc	03F887BA1369B13C4D45F916FC1A53ED.mc.3B393CF1136FB13D4EBAF9F3FEDE5363	Animalia	Arthropoda	Diplopoda	Spirostreptida	Pseudonannolenidae	Pseudonannolene	Pseudonannolene tricolor		SPECIES	Pseudonannolene tricolor Brölemann, 1902	Pseudonannolene tricolor Brolemann 1902	Brolemann 1902	BR	Jaguari-Mirim River	Sao Paulo	PRESENT	1	a064f300-1bc8-41ea-9364-b864ef4e8938									1947-11-11	11	11	1947	1026426	1026426	MATERIAL_CITATION	MZSP						CC0_1_0		O. Schubart			2025-11-08T05:37:41.436Z		CONTINENT_DERIVED_FROM_COUNTRY;TAXON_ID_NOT_FOUND;OCCURRENCE_STATUS_INFERRED_FROM_INDIVIDUAL_COUNT;COLLECTION_MATCH_NONE;INSTITUTION_MATCH_FUZZY
4101309461	1d2570da-e150-4d75-94d8-bfc5813062bc	03F887BA1359B10D4D1CF979FCBE518D.mc.3B393CF11358B10A4D99FC3CFEA05130	Animalia	Arthropoda	Diplopoda	Spirostreptida	Pseudonannolenidae	Pseudonannolene	Pseudonannolene morettii		SPECIES	Pseudonannolene morettii Iniesta, Bouzan & Brescovit, 2023	Pseudonannolene morettii Iniesta, Bouzan, and Brescovit 2023	Iniesta, Bouzan, and Brescovit 2023	BR	Parque Municipal da Serra do Itapety	Sao Paulo	PRESENT	2	a064f300-1bc8-41ea-9364-b864ef4e8938	-23.493336	-46.19638			881.0				2003-10-13	13	10	2003	12190204	12190204	MATERIAL_CITATION	IBSP		IBSP 2465				CC0_1_0		Mogi das Cruzes & Equipe Biota			2025-11-08T05:37:41.434Z		GEODETIC_DATUM_ASSUMED_WGS84;CONTINENT_DERIVED_FROM_COORDINATES;TAXON_ID_NOT_FOUND;OCCURRENCE_STATUS_INFERRED_FROM_INDIVIDUAL_COUNT;COLLECTION_MATCH_NONE;INSTITUTION_MATCH_FUZZY
4101309460	1d2570da-e150-4d75-94d8-bfc5813062bc	03F887BA131AB14A4D51FDA7FE6054B2.mc.3B393CF11319B14B4DE4FEA3FD1654B3	Animalia	Arthropoda	Diplopoda	Spirostreptida	Pseudonannolenidae	Pseudonannolene	Pseudonannolene imbirensis		SPECIES	Pseudonannolene imbirensis Fontanetti, 1996	Pseudonannolene imbirensis Fontanetti 1996	Fontanetti 1996	BR	cave Bezerra	Goias	PRESENT	1	a064f300-1bc8-41ea-9364-b864ef4e8938	-13.547301	-46.37629			626.0				2000-07-30	30	7	2000	11693169	11693169	MATERIAL_CITATION	MNRJ						CC0_1_0		A. Chagas Jr.			2025-11-08T05:37:41.432Z		GEODETIC_DATUM_ASSUMED_WGS84;CONTINENT_DERIVED_FROM_COORDINATES;TAXON_ID_NOT_FOUND;OCCURRENCE_STATUS_INFERRED_FROM_INDIVIDUAL_COUNT;COLLECTION_MATCH_NONE;INSTITUTION_MATCH_FUZZY
4101309459	1d2570da-e150-4d75-94d8-bfc5813062bc	03F887BA1373B1234D42FCF9FB915768.mc.3B393CF11373B1214C0EF84FFDC852DF	Animalia	Arthropoda	Diplopoda	Spirostreptida	Pseudonannolenidae	Pseudonannolene	Pseudonannolene ophiiulus		SPECIES	Pseudonannolene ophiiulus Schubart, 1944	Pseudonannolene ophiiulus Schubart 1944	Schubart 1944	BR	Emas	Sao Paulo	PRESENT	2	a064f300-1bc8-41ea-9364-b864ef4e8938	-22.001669	-47.427853			631.0				1955-01-13	13	1	1955	6185999	6185999	MATERIAL_CITATION	MZSP						CC0_1_0		Guimaraes			2025-11-08T05:37:41.430Z		GEODETIC_DATUM_ASSUMED_WGS84;CONTINENT_DERIVED_FROM_COORDINATES;TAXON_ID_NOT_FOUND;OCCURRENCE_STATUS_INFERRED_FROM_INDIVIDUAL_COUNT;COLLECTION_MATCH_NONE;INSTITUTION_MATCH_FUZZY
4101309457	1d2570da-e150-4d75-94d8-bfc5813062bc	03F887BA137CB1304EACFD5CFB445752.mc.3B393CF11363B1314D34FE55FAFE54EA	Animalia	Arthropoda	Diplopoda	Spirostreptida	Pseudonannolenidae	Pseudonannolene	Pseudonannolene sebastianus		SPECIES	Pseudonannolene sebastianus Brölemann, 1902	Pseudonannolene sebastianus Brolemann 1902	Brolemann 1902	BR	Ilha Anchieta	Sao Paulo	PRESENT	1	a064f300-1bc8-41ea-9364-b864ef4e8938	-23.550426	-45.066635			162.0				2001-07-23	23	7	2001	6186003	6186003	MATERIAL_CITATION	IBSP		IBSP 1425				CC0_1_0		Equipe Biota			2025-11-08T05:37:41.407Z		GEODETIC_DATUM_ASSUMED_WGS84;CONTINENT_DERIVED_FROM_COORDINATES;TAXON_ID_NOT_FOUND;OCCURRENCE_STATUS_INFERRED_FROM_INDIVIDUAL_COUNT;COLLECTION_MATCH_NONE;INSTITUTION_MATCH_FUZZY
4101309455	1d2570da-e150-4d75-94d8-bfc5813062bc	03F887BA1361B1354D4FF9B8FAB4500B.mc.3B393CF11360B1324A79FC69FC0656FD	Animalia	Arthropoda	Diplopoda	Spirostreptida	Pseudonannolenidae	Pseudonannolene	Pseudonannolene silvestris		SPECIES	Pseudonannolene silvestris Schubart, 1944	Pseudonannolene silvestris Schubart 1944	Schubart 1944	BR	Parque Estadual Turistico do Alto Ribeira	Sao Paulo	PRESENT	3	a064f300-1bc8-41ea-9364-b864ef4e8938	-24.485867	-48.646698			570.0				2001-11-08	8	11	2001	1026418	1026418	MATERIAL_CITATION	IBSP		IBSP 2234				CC0_1_0		Equipe Biota			2025-11-08T05:37:41.405Z		GEODETIC_DATUM_ASSUMED_WGS84;CONTINENT_DERIVED_FROM_COORDINATES;TAXON_ID_NOT_FOUND;OCCURRENCE_STATUS_INFERRED_FROM_INDIVIDUAL_COUNT;COLLECTION_MATCH_NONE;INSTITUTION_MATCH_FUZZY
4101309454	1d2570da-e150-4d75-94d8-bfc5813062bc	03F887BA1309B15F4EA9FEE4FC055083.mc.3B393CF1130FB15D4C47FEA3FE6754B3	Animalia	Arthropoda	Diplopoda	Spirostreptida	Pseudonannolenidae	Pseudonannolene	Pseudonannolene microzoporus		SPECIES	Pseudonannolene microzoporus Mauriès, 1987	Pseudonannolene microzoporus Mauries 1987	Mauries 1987	BR	Mocambeiro	Bahia	PRESENT	1	a064f300-1bc8-41ea-9364-b864ef4e8938	-19.535425	-44.026974							2011-04-04	4	4	2011	1026408	1026408	MATERIAL_CITATION	IBSP		IBSP 5735				CC0_1_0		F. P. Franco			2025-11-08T05:37:41.403Z		GEODETIC_DATUM_ASSUMED_WGS84;CONTINENT_DERIVED_FROM_COORDINATES;TAXON_ID_NOT_FOUND;OCCURRENCE_STATUS_INFERRED_FROM_INDIVIDUAL_COUNT;COLLECTION_MATCH_NONE;INSTITUTION_MATCH_FUZZY
4101309453	1d2570da-e150-4d75-94d8-bfc5813062bc	03F887BA1361B1354D4FF9B8FAB4500B.mc.3B393CF11360B1324C90FA9EFE755091	Animalia	Arthropoda	Diplopoda	Spirostreptida	Pseudonannolenidae	Pseudonannolene	Pseudonannolene silvestris		SPECIES	Pseudonannolene silvestris Schubart, 1944	Pseudonannolene silvestris Schubart 1944	Schubart 1944	BR	Parque Estadual Turistico do Alto Ribeira	Sao Paulo	PRESENT	1	a064f300-1bc8-41ea-9364-b864ef4e8938	-24.485867	-48.646698			570.0				2001-11-08	8	11	2001	1026418	1026418	MATERIAL_CITATION	IBSP		IBSP 2242				CC0_1_0		Equipe Biota			2025-11-08T05:37:41.400Z		GEODETIC_DATUM_ASSUMED_WGS84;CONTINENT_DERIVED_FROM_COORDINATES;TAXON_ID_NOT_FOUND;OCCURRENCE_STATUS_INFERRED_FROM_INDIVIDUAL_COUNT;COLLECTION_MATCH_NONE;INSTITUTION_MATCH_FUZZY
4101309452	1d2570da-e150-4d75-94d8-bfc5813062bc	03F887BA1376B1274D46FE33FE985351.mc.3B393CF11376B1244B5FFA94FC14508B	Animalia	Arthropoda	Diplopoda	Spirostreptida	Pseudonannolenidae	Pseudonannolene	Pseudonannolene paulista		SPECIES	Pseudonannolene paulista Brölemann, 1902	Pseudonannolene paulista Brolemann 1902	Brolemann 1902	BR	Estacao Ecologica de Assis	Sao Paulo	PRESENT	2	a064f300-1bc8-41ea-9364-b864ef4e8938	-22.661072	-50.419106			576.0				2002-10-20	20	10	2002	1026416	1026416	MATERIAL_CITATION	IBSP		IBSP 2982				CC0_1_0		Equipe Biota			2025-11-08T05:37:41.374Z		GEODETIC_DATUM_ASSUMED_WGS84;CONTINENT_DERIVED_FROM_COORDINATES;TAXON_ID_NOT_FOUND;OCCURRENCE_STATUS_INFERRED_FROM_INDIVIDUAL_COUNT;COLLECTION_MATCH_NONE;INSTITUTION_MATCH_FUZZY
4101309451	1d2570da-e150-4d75-94d8-bfc5813062bc	03F887BA1356B1074D60FEE4FB225095.mc.3B393CF11356B1044CD6F9A0FEA153B7	Animalia	Arthropoda	Diplopoda	Spirostreptida	Pseudonannolenidae	Pseudonannolene	Pseudonannolene bucculenta		SPECIES	Pseudonannolene bucculenta Iniesta, Bouzan & Brescovit, 2023	Pseudonannolene bucculenta Iniesta, Bouzan, and Brescovit 2023	Iniesta, Bouzan, and Brescovit 2023	BR	Samuel de Paula	Minas Gerais	PRESENT	2	a064f300-1bc8-41ea-9364-b864ef4e8938	-20.001055	-43.871086			975.0				2006-10		10	2006	12224748	12224748	MATERIAL_CITATION	IBSP		IBSP 3411				CC0_1_0		de Paula & J. P. P. Pena-Barbosa			2025-11-08T05:37:41.373Z		GEODETIC_DATUM_ASSUMED_WGS84;CONTINENT_DERIVED_FROM_COORDINATES;TAXON_ID_NOT_FOUND;OCCURRENCE_STATUS_INFERRED_FROM_INDIVIDUAL_COUNT;COLLECTION_MATCH_NONE;INSTITUTION_MATCH_FUZZY
4101309449	1d2570da-e150-4d75-94d8-bfc5813062bc	03F887BA137FB12F4E8DFAB8FDBF544A.mc.3B393CF1137EB12C4FBCFEE5FC2F5478	Animalia	Arthropoda	Diplopoda	Spirostreptida	Pseudonannolenidae	Pseudonannolene	Pseudonannolene rolamossa		SPECIES	Pseudonannolene rolamossa Iniesta & Ferreira, 2013	Pseudonannolene rolamossa Iniesta & Ferreira 2013	Iniesta & Ferreira 2013	BR	BRAZIL	Minas Gerais	PRESENT	2	a064f300-1bc8-41ea-9364-b864ef4e8938	-20.020857	-43.81252							2012-03-22	22	3	2012	9543098	9543098	MATERIAL_CITATION	R		ISLA 4005				CC0_1_0		Rola Moca I & L. Ferreira & M. Souza-Silva	Paratype		2025-11-08T05:37:41.342Z		GEODETIC_DATUM_ASSUMED_WGS84;CONTINENT_DERIVED_FROM_COORDINATES;TAXON_ID_NOT_FOUND;OCCURRENCE_STATUS_INFERRED_FROM_INDIVIDUAL_COUNT;AMBIGUOUS_INSTITUTION
4101309448	1d2570da-e150-4d75-94d8-bfc5813062bc	03F887BA1309B15F4EA9FEE4FC055083.mc.3B393CF1130EB15C4C2DFE30FCB35724	Animalia	Arthropoda	Diplopoda	Spirostreptida	Pseudonannolenidae	Pseudonannolene	Pseudonannolene microzoporus		SPECIES	Pseudonannolene microzoporus Mauriès, 1987	Pseudonannolene microzoporus Mauries 1987	Mauries 1987	BR		Bahia	PRESENT	1	a064f300-1bc8-41ea-9364-b864ef4e8938									2011-03-01	1	3	2011	1026408	1026408	MATERIAL_CITATION	IBSP		IBSP 5634				CC0_1_0					2025-11-08T05:37:41.340Z		CONTINENT_DERIVED_FROM_COUNTRY;TAXON_ID_NOT_FOUND;OCCURRENCE_STATUS_INFERRED_FROM_INDIVIDUAL_COUNT;COLLECTION_MATCH_NONE;INSTITUTION_MATCH_FUZZY
4101309447	1d2570da-e150-4d75-94d8-bfc5813062bc	03F887BA131EB14E4EA1F88FFBC05194.mc.3B393CF1131DB14F4FEBFB6DFD0C5183	Animalia	Arthropoda	Diplopoda	Spirostreptida	Pseudonannolenidae	Pseudonannolene	Pseudonannolene leucocephalus		SPECIES	Pseudonannolene leucocephalus Schubart, 1944	Pseudonannolene leucocephalus Schubart 1944	Schubart 1944	BR	Usina Mogi-Guacu	Sao Paulo	PRESENT	1	a064f300-1bc8-41ea-9364-b864ef4e8938	-22.432213	-46.95087			623.0				1941-10-12	12	10	1941	6186009	6186009	MATERIAL_CITATION	MZSP		MZSP 1054				CC0_1_0		J. Gaspar			2025-11-08T05:37:41.338Z		GEODETIC_DATUM_ASSUMED_WGS84;CONTINENT_DERIVED_FROM_COORDINATES;TAXON_ID_NOT_FOUND;OCCURRENCE_STATUS_INFERRED_FROM_INDIVIDUAL_COUNT;COLLECTION_MATCH_NONE;INSTITUTION_MATCH_FUZZY
4101309446	1d2570da-e150-4d75-94d8-bfc5813062bc	03F887BA1361B1354D4FF9B8FAB4500B.mc.3B393CF11360B1324CE1FC44FDDB56D8	Animalia	Arthropoda	Diplopoda	Spirostreptida	Pseudonannolenidae	Pseudonannolene	Pseudonannolene silvestris		SPECIES	Pseudonannolene silvestris Schubart, 1944	Pseudonannolene silvestris Schubart 1944	Schubart 1944	BR	Parque Estadual Turistico do Alto Ribeira	Sao Paulo	PRESENT	6	a064f300-1bc8-41ea-9364-b864ef4e8938	-24.485867	-48.646698			570.0				2001-11-08	8	11	2001	1026418	1026418	MATERIAL_CITATION	IBSP		IBSP 2262				CC0_1_0		Equipe Biota			2025-11-08T05:37:41.337Z		GEODETIC_DATUM_ASSUMED_WGS84;CONTINENT_DERIVED_FROM_COORDINATES;TAXON_ID_NOT_FOUND;OCCURRENCE_STATUS_INFERRED_FROM_INDIVIDUAL_COUNT;COLLECTION_MATCH_NONE;INSTITUTION_MATCH_FUZZY
4101309444	1d2570da-e150-4d75-94d8-bfc5813062bc	03F887BA1309B15F4EA9FEE4FC055083.mc.3B393CF11308B15A4D9DF9FAFE3F536A	Animalia	Arthropoda	Diplopoda	Spirostreptida	Pseudonannolenidae	Pseudonannolene	Pseudonannolene microzoporus		SPECIES	Pseudonannolene microzoporus Mauriès, 1987	Pseudonannolene microzoporus Mauries 1987	Mauries 1987	BR	Mocambeiro	Bahia	PRESENT	1	a064f300-1bc8-41ea-9364-b864ef4e8938	-19.535425	-44.026974							2011-04-04	4	4	2011	1026408	1026408	MATERIAL_CITATION	IBSP		IBSP 5742				CC0_1_0		F. P. Franco			2025-11-08T05:37:41.330Z		GEODETIC_DATUM_ASSUMED_WGS84;CONTINENT_DERIVED_FROM_COORDINATES;TAXON_ID_NOT_FOUND;OCCURRENCE_STATUS_INFERRED_FROM_INDIVIDUAL_COUNT;COLLECTION_MATCH_NONE;INSTITUTION_MATCH_FUZZY
4101309443	1d2570da-e150-4d75-94d8-bfc5813062bc	03F887BA132FB17F4EB3FCD4FDA5561E.mc.3B393CF1132EB17C4BB4FDAEFAB35741	Animalia	Arthropoda	Diplopoda	Spirostreptida	Pseudonannolenidae	Pseudonannolene	Pseudonannolene caatinga		SPECIES	Pseudonannolene caatinga Iniesta & Ferreira, 2014	Pseudonannolene caatinga Iniesta & Ferreira 2014	Iniesta & Ferreira 2014	BR	Piata	Bahia	PRESENT	1	a064f300-1bc8-41ea-9364-b864ef4e8938	-13.151128	-41.77567			1293.0				2010-12-23	23	12	2010	8682135	8682135	MATERIAL_CITATION	IBSP		IBSP 3944				CC0_1_0		M. Teixeira Jr.			2025-11-08T05:37:41.312Z		GEODETIC_DATUM_ASSUMED_WGS84;CONTINENT_DERIVED_FROM_COORDINATES;TAXON_ID_NOT_FOUND;OCCURRENCE_STATUS_INFERRED_FROM_INDIVIDUAL_COUNT;COLLECTION_MATCH_NONE;INSTITUTION_MATCH_FUZZY
4101309441	1d2570da-e150-4d75-94d8-bfc5813062bc	03F887BA1373B1234D42FCF9FB915768.mc.3B393CF11373B1214FEBF966FE9353F9	Animalia	Arthropoda	Diplopoda	Spirostreptida	Pseudonannolenidae	Pseudonannolene	Pseudonannolene ophiiulus		SPECIES	Pseudonannolene ophiiulus Schubart, 1944	Pseudonannolene ophiiulus Schubart 1944	Schubart 1944	BR	Amparo	Sao Paulo	PRESENT	1	a064f300-1bc8-41ea-9364-b864ef4e8938	-22.708628	-46.772545			703.0				1943-04		4	1943	6185999	6185999	MATERIAL_CITATION	MZSP						CC0_1_0		F. Lane			2025-11-08T05:37:41.262Z		GEODETIC_DATUM_ASSUMED_WGS84;CONTINENT_DERIVED_FROM_COORDINATES;TAXON_ID_NOT_FOUND;OCCURRENCE_STATUS_INFERRED_FROM_INDIVIDUAL_COUNT;COLLECTION_MATCH_NONE;INSTITUTION_MATCH_FUZZY
4101309440	1d2570da-e150-4d75-94d8-bfc5813062bc	03F887BA1306B1564D40FB75FC835700.mc.3B393CF11305B1574E03FD22FEE05635	Animalia	Arthropoda	Diplopoda	Spirostreptida	Pseudonannolenidae	Pseudonannolene	Pseudonannolene maritima		SPECIES	Pseudonannolene maritima Schubart, 1949	Pseudonannolene maritima Schubart 1949	Schubart 1949	BR	Ilha dos Alcatrazes	Sao Paulo	PRESENT	3	a064f300-1bc8-41ea-9364-b864ef4e8938	-24.098785	-45.69324			60.0				2005-08-26	26	8	2005	6186005	6186005	MATERIAL_CITATION	IBSP		IBSP 3932				CC0_1_0		Equipe Herpetologia			2025-11-08T05:37:41.260Z		GEODETIC_DATUM_ASSUMED_WGS84;CONTINENT_DERIVED_FROM_COORDINATES;TAXON_ID_NOT_FOUND;OCCURRENCE_STATUS_INFERRED_FROM_INDIVIDUAL_COUNT;COLLECTION_MATCH_NONE;INSTITUTION_MATCH_FUZZY
4101309439	1d2570da-e150-4d75-94d8-bfc5813062bc	03F887BA131EB14E4EA1F88FFBC05194.mc.3B393CF1131DB14F4C20FB28FC0951C1	Animalia	Arthropoda	Diplopoda	Spirostreptida	Pseudonannolenidae	Pseudonannolene	Pseudonannolene leucocephalus		SPECIES	Pseudonannolene leucocephalus Schubart, 1944	Pseudonannolene leucocephalus Schubart 1944	Schubart 1944	BR	Escaramuca	Sao Paulo	PRESENT	1	a064f300-1bc8-41ea-9364-b864ef4e8938	-21.916758	-47.620296			0.0				1941-03-04	4	3	1941	6186009	6186009	MATERIAL_CITATION	MZSP						CC0_1_0		O. Schubart			2025-11-08T05:37:41.254Z		GEODETIC_DATUM_ASSUMED_WGS84;CONTINENT_DERIVED_FROM_COORDINATES;TAXON_ID_NOT_FOUND;OCCURRENCE_STATUS_INFERRED_FROM_INDIVIDUAL_COUNT;COLLECTION_MATCH_NONE;INSTITUTION_MATCH_FUZZY
4101309438	1d2570da-e150-4d75-94d8-bfc5813062bc	03F887BA131EB14E4EA1F88FFBC05194.mc.3B393CF1131DB14F4A78FA80FE4650F7	Animalia	Arthropoda	Diplopoda	Spirostreptida	Pseudonannolenidae	Pseudonannolene	Pseudonannolene leucocephalus		SPECIES	Pseudonannolene leucocephalus Schubart, 1944	Pseudonannolene leucocephalus Schubart 1944	Schubart 1944	BR	Fazenda Graminha	Sao Paulo	PRESENT	10	a064f300-1bc8-41ea-9364-b864ef4e8938	-22.183853	-47.384995			624.0				1948-12-10	10	12	1948	6186009	6186009	MATERIAL_CITATION	MZSP						CC0_1_0		O. Schubart			2025-11-08T05:37:41.221Z		GEODETIC_DATUM_ASSUMED_WGS84;CONTINENT_DERIVED_FROM_COORDINATES;TAXON_ID_NOT_FOUND;OCCURRENCE_STATUS_INFERRED_FROM_INDIVIDUAL_COUNT;COLLECTION_MATCH_NONE;INSTITUTION_MATCH_FUZZY
4101309436	1d2570da-e150-4d75-94d8-bfc5813062bc	03F887BA1316B1474E87FEE4FAEF50E2.mc.3B393CF11316B1444DF4FB0EFA8751C3	Animalia	Arthropoda	Diplopoda	Spirostreptida	Pseudonannolenidae	Pseudonannolene	Pseudonannolene fontanettiae		SPECIES	Pseudonannolene fontanettiae Iniesta & Ferreira, 2014	Pseudonannolene fontanettiae Iniesta & Ferreira 2014	Iniesta & Ferreira 2014	BR	cave Casa de Pedra	Minas Gerais	PRESENT	2	a064f300-1bc8-41ea-9364-b864ef4e8938	-21.140467	-44.187565			992.0				2011-01-04	4	1	2011	8446495	8446495	MATERIAL_CITATION	IBSP		IBSP 5828				CC0_1_0		Pellegatti			2025-11-08T05:37:41.172Z		GEODETIC_DATUM_ASSUMED_WGS84;CONTINENT_DERIVED_FROM_COORDINATES;TAXON_ID_NOT_FOUND;OCCURRENCE_STATUS_INFERRED_FROM_INDIVIDUAL_COUNT;COLLECTION_MATCH_NONE;INSTITUTION_MATCH_FUZZY
4101309435	1d2570da-e150-4d75-94d8-bfc5813062bc	03F887BA1326B1764E87FE37FBE05726.mc.3B393CF11325B1774DBBFDF0FBDE5767	Animalia	Arthropoda	Diplopoda	Spirostreptida	Pseudonannolenidae	Pseudonannolene	Pseudonannolene ambuatinga		SPECIES	Pseudonannolene ambuatinga Iniesta & Ferreira, 2013	Pseudonannolene ambuatinga Iniesta & Ferreira 2013	Iniesta & Ferreira 2013	BR	Iguatama		PRESENT	1	a064f300-1bc8-41ea-9364-b864ef4e8938	-20.286839	-45.79329			700.0				2008-01-25	25	1	2008	8453016	8453016	MATERIAL_CITATION	IBSP		IBSP 3315				CC0_1_0		E. O. Machado & J. P. P. Barbosa			2025-11-08T05:37:41.169Z		GEODETIC_DATUM_ASSUMED_WGS84;COUNTRY_DERIVED_FROM_COORDINATES;CONTINENT_DERIVED_FROM_COORDINATES;TAXON_ID_NOT_FOUND;OCCURRENCE_STATUS_INFERRED_FROM_INDIVIDUAL_COUNT;COLLECTION_MATCH_NONE;INSTITUTION_MATCH_FUZZY
4101309434	1d2570da-e150-4d75-94d8-bfc5813062bc	03F887BA1301B1554EAFF9E3FD50577D.mc.3B393CF11300B1524FBCFD75FC4857E8	Animalia	Arthropoda	Diplopoda	Spirostreptida	Pseudonannolenidae	Pseudonannolene	Pseudonannolene lundi		SPECIES	Pseudonannolene lundi Iniesta & Ferreira, 2015	Pseudonannolene lundi Iniesta & Ferreira 2015	Iniesta & Ferreira 2015	BR	BRAZIL	Minas Gerais	PRESENT	1	a064f300-1bc8-41ea-9364-b864ef4e8938	-16.233458	-44.585625							2014-04-17	17	4	2014	8656447	8656447	MATERIAL_CITATION	R		ISLA 8685				CC0_1_0		L. Ferreira & L. F. M. Iniesta & L. Rabello & M. Souza-Silva	Paratype		2025-11-08T05:37:41.125Z		GEODETIC_DATUM_ASSUMED_WGS84;CONTINENT_DERIVED_FROM_COORDINATES;TAXON_ID_NOT_FOUND;OCCURRENCE_STATUS_INFERRED_FROM_INDIVIDUAL_COUNT;AMBIGUOUS_INSTITUTION
4101309431	1d2570da-e150-4d75-94d8-bfc5813062bc	03F887BA1371B1224D74FD91FED55297.mc.3B393CF11371B1234B3AF9D9FDA5534F	Animalia	Arthropoda	Diplopoda	Spirostreptida	Pseudonannolenidae	Pseudonannolene	Pseudonannolene parvula		SPECIES	Pseudonannolene parvula Silvestri, 1902	Pseudonannolene parvula Silvestri 1902	Silvestri 1902	BR	Parque Nacional do Iguacu	Parana	PRESENT	2	a064f300-1bc8-41ea-9364-b864ef4e8938	-25.500435	-54.58335			195.0				2002-03-03	3	3	2002	1026412	1026412	MATERIAL_CITATION	IBSP		IBSP 1437				CC0_1_0		Equipe Biota			2025-11-08T05:37:41.083Z		GEODETIC_DATUM_ASSUMED_WGS84;CONTINENT_DERIVED_FROM_COORDINATES;TAXON_ID_NOT_FOUND;OCCURRENCE_STATUS_INFERRED_FROM_INDIVIDUAL_COUNT;COLLECTION_MATCH_NONE;INSTITUTION_MATCH_FUZZY
4101309429	1d2570da-e150-4d75-94d8-bfc5813062bc	03F887BA1309B15F4EA9FEE4FC055083.mc.3B393CF1130FB15D4ECAFC25FB8C56DA	Animalia	Arthropoda	Diplopoda	Spirostreptida	Pseudonannolenidae	Pseudonannolene	Pseudonannolene microzoporus		SPECIES	Pseudonannolene microzoporus Mauriès, 1987	Pseudonannolene microzoporus Mauries 1987	Mauries 1987	BR		Bahia	PRESENT	1	a064f300-1bc8-41ea-9364-b864ef4e8938									2011-02-08	8	2	2011	1026408	1026408	MATERIAL_CITATION	IBSP		IBSP 5678				CC0_1_0					2025-11-08T05:37:41.081Z		CONTINENT_DERIVED_FROM_COUNTRY;TAXON_ID_NOT_FOUND;OCCURRENCE_STATUS_INFERRED_FROM_INDIVIDUAL_COUNT;COLLECTION_MATCH_NONE;INSTITUTION_MATCH_FUZZY
4101309428	1d2570da-e150-4d75-94d8-bfc5813062bc	03F887BA1309B15F4EA9FEE4FC055083.mc.3B393CF1130FB15D4D1EFBE3FEA75173	Animalia	Arthropoda	Diplopoda	Spirostreptida	Pseudonannolenidae	Pseudonannolene	Pseudonannolene microzoporus		SPECIES	Pseudonannolene microzoporus Mauriès, 1987	Pseudonannolene microzoporus Mauries 1987	Mauries 1987	BR		Bahia	PRESENT	1	a064f300-1bc8-41ea-9364-b864ef4e8938									2011-02-08	8	2	2011	1026408	1026408	MATERIAL_CITATION	IBSP		IBSP 5682				CC0_1_0					2025-11-08T05:37:41.080Z		CONTINENT_DERIVED_FROM_COUNTRY;TAXON_ID_NOT_FOUND;OCCURRENCE_STATUS_INFERRED_FROM_INDIVIDUAL_COUNT;COLLECTION_MATCH_NONE;INSTITUTION_MATCH_FUZZY
4101309426	1d2570da-e150-4d75-94d8-bfc5813062bc	03F887BA132FB17F4EB3FCD4FDA5561E.mc.3B393CF1132EB17C4B27FE79FDDF54EC	Animalia	Arthropoda	Diplopoda	Spirostreptida	Pseudonannolenidae	Pseudonannolene	Pseudonannolene caatinga		SPECIES	Pseudonannolene caatinga Iniesta & Ferreira, 2014	Pseudonannolene caatinga Iniesta & Ferreira 2014	Iniesta & Ferreira 2014	BR	Estacao Ecologica Murici	Alagoas	PRESENT	2	a064f300-1bc8-41ea-9364-b864ef4e8938	-9.232525	-35.858162			408.0				2003-09-13	13	9	2003	8682135	8682135	MATERIAL_CITATION	IBSP		IBSP 2175				CC0_1_0		Equipe Biota			2025-11-08T05:37:41.065Z		GEODETIC_DATUM_ASSUMED_WGS84;CONTINENT_DERIVED_FROM_COORDINATES;TAXON_ID_NOT_FOUND;OCCURRENCE_STATUS_INFERRED_FROM_INDIVIDUAL_COUNT;COLLECTION_MATCH_NONE;INSTITUTION_MATCH_FUZZY
4101309425	1d2570da-e150-4d75-94d8-bfc5813062bc	03F887BA1369B13C4D45F916FC1A53ED.mc.3B393CF1136FB13D4BA0F8FAFAFF526D	Animalia	Arthropoda	Diplopoda	Spirostreptida	Pseudonannolenidae	Pseudonannolene	Pseudonannolene tricolor		SPECIES	Pseudonannolene tricolor Brölemann, 1902	Pseudonannolene tricolor Brolemann 1902	Brolemann 1902	BR	Santa Rita do Passa Quatro	Sao Paulo	PRESENT	1	a064f300-1bc8-41ea-9364-b864ef4e8938	-21.707952	-47.47909			761.0				1949-11-24	24	11	1949	1026426	1026426	MATERIAL_CITATION	MZSP						CC0_1_0		O. Schubart			2025-11-08T05:37:41.046Z		GEODETIC_DATUM_ASSUMED_WGS84;CONTINENT_DERIVED_FROM_COORDINATES;TAXON_ID_NOT_FOUND;OCCURRENCE_STATUS_INFERRED_FROM_INDIVIDUAL_COUNT;COLLECTION_MATCH_NONE;INSTITUTION_MATCH_FUZZY
4101309424	1d2570da-e150-4d75-94d8-bfc5813062bc	03F887BA1369B13C4D45F916FC1A53ED.mc.3B393CF1136FB13D4EB7FEE5FDA75478	Animalia	Arthropoda	Diplopoda	Spirostreptida	Pseudonannolenidae	Pseudonannolene	Pseudonannolene tricolor		SPECIES	Pseudonannolene tricolor Brölemann, 1902	Pseudonannolene tricolor Brolemann 1902	Brolemann 1902	BR	Fazenda Sao Bento	Sao Paulo	PRESENT	3	a064f300-1bc8-41ea-9364-b864ef4e8938	-22.708067	-46.77267			713.0				1943-03-08	8	3	1943	1026426	1026426	MATERIAL_CITATION	MZSP						CC0_1_0		F. Lane			2025-11-08T05:37:40.986Z		GEODETIC_DATUM_ASSUMED_WGS84;CONTINENT_DERIVED_FROM_COORDINATES;TAXON_ID_NOT_FOUND;OCCURRENCE_STATUS_INFERRED_FROM_INDIVIDUAL_COUNT;COLLECTION_MATCH_NONE;INSTITUTION_MATCH_FUZZY
4101309423	1d2570da-e150-4d75-94d8-bfc5813062bc	03F887BA136CB1014D70FB4DFD9352E0.mc.3B393CF11353B1014BD6FE55FBCD54C8	Animalia	Arthropoda	Diplopoda	Spirostreptida	Pseudonannolenidae	Pseudonannolene	Pseudonannolene urbica		SPECIES	Pseudonannolene urbica Schubart, 1945	Pseudonannolene urbica Schubart 1945	Schubart 1945	BR	Bairro Ipiranga	Sao Paulo	PRESENT	1	a064f300-1bc8-41ea-9364-b864ef4e8938	-23.530502	-46.66609			744.0				1944-01-31	31	1	1944	6186006	6186006	MATERIAL_CITATION	MZSP						CC0_1_0		O. Schubart			2025-11-08T05:37:40.971Z		GEODETIC_DATUM_ASSUMED_WGS84;CONTINENT_DERIVED_FROM_COORDINATES;TAXON_ID_NOT_FOUND;OCCURRENCE_STATUS_INFERRED_FROM_INDIVIDUAL_COUNT;COLLECTION_MATCH_NONE;INSTITUTION_MATCH_FUZZY
4101309422	1d2570da-e150-4d75-94d8-bfc5813062bc	03F887BA1311B1424D4BFEE4FBEC56ED.mc.3B393CF11311B1434CA3FBA7FE5751B6	Animalia	Arthropoda	Diplopoda	Spirostreptida	Pseudonannolenidae	Pseudonannolene	Pseudonannolene curtipes		SPECIES	Pseudonannolene curtipes Schubart, 1960	Pseudonannolene curtipes Schubart 1960	Schubart 1960	BR	Fazenda Forquilha Grande	Goias	PRESENT	1	a064f300-1bc8-41ea-9364-b864ef4e8938	-14.732396	-46.15362							1960-02		2	1960	6185993	6185993	MATERIAL_CITATION	MZSP		MZSP 1029				CC0_1_0		J. Evangelista			2025-11-08T05:37:40.966Z		GEODETIC_DATUM_ASSUMED_WGS84;CONTINENT_DERIVED_FROM_COORDINATES;TAXON_ID_NOT_FOUND;OCCURRENCE_STATUS_INFERRED_FROM_INDIVIDUAL_COUNT;COLLECTION_MATCH_NONE;INSTITUTION_MATCH_FUZZY
4101309421	1d2570da-e150-4d75-94d8-bfc5813062bc	03F887BA1315B1484D45F9EEFC01571A.mc.3B393CF1131BB1494B95FE7AFE9054C8	Animalia	Arthropoda	Diplopoda	Spirostreptida	Pseudonannolenidae	Pseudonannolene	Pseudonannolene halophila		SPECIES	Pseudonannolene halophila Schubart, 1949	Pseudonannolene halophila Schubart 1949	Schubart 1949	BR	Paranapua	Sao Paulo	PRESENT	4	a064f300-1bc8-41ea-9364-b864ef4e8938	-20.105474	-50.586006			474.0				1962-01-27	27	1	1962	6186012	6186012	MATERIAL_CITATION	MZSP						CC0_1_0		O. Schubart & O. Schubart Filho			2025-11-08T05:37:40.931Z		GEODETIC_DATUM_ASSUMED_WGS84;CONTINENT_DERIVED_FROM_COORDINATES;TAXON_ID_NOT_FOUND;OCCURRENCE_STATUS_INFERRED_FROM_INDIVIDUAL_COUNT;COLLECTION_MATCH_NONE;INSTITUTION_MATCH_FUZZY
4101309420	1d2570da-e150-4d75-94d8-bfc5813062bc	03F887BA1309B15F4EA9FEE4FC055083.mc.3B393CF1130FB15D4FEBF8B0FBF35249	Animalia	Arthropoda	Diplopoda	Spirostreptida	Pseudonannolenidae	Pseudonannolene	Pseudonannolene microzoporus		SPECIES	Pseudonannolene microzoporus Mauriès, 1987	Pseudonannolene microzoporus Mauries 1987	Mauries 1987	BR		Bahia	PRESENT	1	a064f300-1bc8-41ea-9364-b864ef4e8938									2011-11-08	8	11	2011	1026408	1026408	MATERIAL_CITATION	IBSP		IBSP 5625				CC0_1_0					2025-11-08T05:37:40.929Z		CONTINENT_DERIVED_FROM_COUNTRY;TAXON_ID_NOT_FOUND;OCCURRENCE_STATUS_INFERRED_FROM_INDIVIDUAL_COUNT;COLLECTION_MATCH_NONE;INSTITUTION_MATCH_FUZZY
4101309418	1d2570da-e150-4d75-94d8-bfc5813062bc	03F887BA1309B15F4EA9FEE4FC055083.mc.3B393CF1130FB15D4D1BF84FFEA152DF	Animalia	Arthropoda	Diplopoda	Spirostreptida	Pseudonannolenidae	Pseudonannolene	Pseudonannolene microzoporus		SPECIES	Pseudonannolene microzoporus Mauriès, 1987	Pseudonannolene microzoporus Mauries 1987	Mauries 1987	BR		Bahia	PRESENT	1	a064f300-1bc8-41ea-9364-b864ef4e8938									2011-06-28	28	6	2011	1026408	1026408	MATERIAL_CITATION	IBSP		IBSP 5644				CC0_1_0					2025-11-08T05:37:40.714Z		CONTINENT_DERIVED_FROM_COUNTRY;TAXON_ID_NOT_FOUND;OCCURRENCE_STATUS_INFERRED_FROM_INDIVIDUAL_COUNT;COLLECTION_MATCH_NONE;INSTITUTION_MATCH_FUZZY
4101309416	1d2570da-e150-4d75-94d8-bfc5813062bc	03F887BA1315B1484D45F9EEFC01571A.mc.3B393CF1131BB1494E77FE30FE935727	Animalia	Arthropoda	Diplopoda	Spirostreptida	Pseudonannolenidae	Pseudonannolene	Pseudonannolene halophila		SPECIES	Pseudonannolene halophila Schubart, 1949	Pseudonannolene halophila Schubart 1949	Schubart 1949	BR	Ponte Pensil	Sao Paulo	PRESENT	3	a064f300-1bc8-41ea-9364-b864ef4e8938	-23.974434	-46.388706			18.0				1961-01-12	12	1	1961	6186012	6186012	MATERIAL_CITATION	MZSP						CC0_1_0		O. Schubart			2025-11-08T05:37:40.906Z		GEODETIC_DATUM_ASSUMED_WGS84;CONTINENT_DERIVED_FROM_COORDINATES;TAXON_ID_NOT_FOUND;OCCURRENCE_STATUS_INFERRED_FROM_INDIVIDUAL_COUNT;COLLECTION_MATCH_NONE;INSTITUTION_MATCH_FUZZY
4101309414	1d2570da-e150-4d75-94d8-bfc5813062bc	03F887BA1311B1424D4BFEE4FBEC56ED.mc.3B393CF11311B1434F99FB39FCFB51D1	Animalia	Arthropoda	Diplopoda	Spirostreptida	Pseudonannolenidae	Pseudonannolene	Pseudonannolene curtipes		SPECIES	Pseudonannolene curtipes Schubart, 1960	Pseudonannolene curtipes Schubart 1960	Schubart 1960	BR	Fazenda Forquilha Grande	Goias	PRESENT	1	a064f300-1bc8-41ea-9364-b864ef4e8938	-14.732396	-46.15362							1960-02		2	1960	6185993	6185993	MATERIAL_CITATION	MZSP		MZSP 1028				CC0_1_0		J. Evangelista			2025-11-08T05:37:40.681Z		GEODETIC_DATUM_ASSUMED_WGS84;CONTINENT_DERIVED_FROM_COORDINATES;TAXON_ID_NOT_FOUND;OCCURRENCE_STATUS_INFERRED_FROM_INDIVIDUAL_COUNT;COLLECTION_MATCH_NONE;INSTITUTION_MATCH_FUZZY
4101309413	1d2570da-e150-4d75-94d8-bfc5813062bc	03F887BA1316B1474E87FEE4FAEF50E2.mc.3B393CF11316B1444B18FA34FBB55328	Animalia	Arthropoda	Diplopoda	Spirostreptida	Pseudonannolenidae	Pseudonannolene	Pseudonannolene fontanettiae		SPECIES	Pseudonannolene fontanettiae Iniesta & Ferreira, 2014	Pseudonannolene fontanettiae Iniesta & Ferreira 2014	Iniesta & Ferreira 2014	BR	Sete Lagoas	Minas Gerais	PRESENT	1	a064f300-1bc8-41ea-9364-b864ef4e8938	-19.457188	-44.236374			775.0				2014-03-13	13	3	2014	8446495	8446495	MATERIAL_CITATION	ILCOM		IBSP 7101				CC0_1_0		Equipe Carste			2025-11-08T05:37:40.683Z		GEODETIC_DATUM_ASSUMED_WGS84;CONTINENT_DERIVED_FROM_COORDINATES;TAXON_ID_NOT_FOUND;OCCURRENCE_STATUS_INFERRED_FROM_INDIVIDUAL_COUNT;INSTITUTION_MATCH_NONE
4101309412	1d2570da-e150-4d75-94d8-bfc5813062bc	03F887BA1359B10D4D1CF979FCBE518D.mc.3B393CF11358B10A4E02FB06FBAF503A	Animalia	Arthropoda	Diplopoda	Spirostreptida	Pseudonannolenidae	Pseudonannolene	Pseudonannolene morettii		SPECIES	Pseudonannolene morettii Iniesta, Bouzan & Brescovit, 2023	Pseudonannolene morettii Iniesta, Bouzan, and Brescovit 2023	Iniesta, Bouzan, and Brescovit 2023	BR	Parque Municipal da Serra do Itapety	Sao Paulo	PRESENT	1	a064f300-1bc8-41ea-9364-b864ef4e8938	-23.493336	-46.19638			881.0				2003-10-13	13	10	2003	12190204	12190204	MATERIAL_CITATION	IBSP		IBSP 2478				CC0_1_0		Mogi das Cruzes & Equipe Biota			2025-11-08T05:37:40.678Z		GEODETIC_DATUM_ASSUMED_WGS84;CONTINENT_DERIVED_FROM_COORDINATES;TAXON_ID_NOT_FOUND;OCCURRENCE_STATUS_INFERRED_FROM_INDIVIDUAL_COUNT;COLLECTION_MATCH_NONE;INSTITUTION_MATCH_FUZZY
4101309411	1d2570da-e150-4d75-94d8-bfc5813062bc	03F887BA1309B15F4EA9FEE4FC055083.mc.3B393CF1130FB15D4D9DFC6FFE3056FF	Animalia	Arthropoda	Diplopoda	Spirostreptida	Pseudonannolenidae	Pseudonannolene	Pseudonannolene microzoporus		SPECIES	Pseudonannolene microzoporus Mauriès, 1987	Pseudonannolene microzoporus Mauries 1987	Mauries 1987	BR		Bahia	PRESENT	1	a064f300-1bc8-41ea-9364-b864ef4e8938													1026408	1026408	MATERIAL_CITATION	IBSP		IBSP 5749				CC0_1_0					2025-11-08T05:37:40.676Z		CONTINENT_DERIVED_FROM_COUNTRY;TAXON_ID_NOT_FOUND;OCCURRENCE_STATUS_INFERRED_FROM_INDIVIDUAL_COUNT;COLLECTION_MATCH_NONE;INSTITUTION_MATCH_FUZZY
4101309410	1d2570da-e150-4d75-94d8-bfc5813062bc	03F887BA1367B1374EBAFAB0FAD650FC.mc.3B393CF11366B1344D4EFC01FD945114	Animalia	Arthropoda	Diplopoda	Spirostreptida	Pseudonannolenidae	Pseudonannolene	Pseudonannolene spelaea		SPECIES	Pseudonannolene spelaea Iniesta & Ferreira, 2013	Pseudonannolene spelaea Iniesta & Ferreira 2013	Iniesta & Ferreira 2013	BR		Para	PRESENT	3	a064f300-1bc8-41ea-9364-b864ef4e8938	-6.034235	-50.16817							2006-10-20	20	10	2006	9516060	9516060	MATERIAL_CITATION	R		IBSP 6071				CC0_1_0		R. Andrade			2025-11-08T05:37:40.674Z		GEODETIC_DATUM_ASSUMED_WGS84;CONTINENT_DERIVED_FROM_COORDINATES;TAXON_ID_NOT_FOUND;OCCURRENCE_STATUS_INFERRED_FROM_INDIVIDUAL_COUNT;AMBIGUOUS_INSTITUTION
4101309409	1d2570da-e150-4d75-94d8-bfc5813062bc	03F887BA132FB17F4EB3FCD4FDA5561E.mc.3B393CF1132EB17C4E3EFEC0FD725457	Animalia	Arthropoda	Diplopoda	Spirostreptida	Pseudonannolenidae	Pseudonannolene	Pseudonannolene caatinga		SPECIES	Pseudonannolene caatinga Iniesta & Ferreira, 2014	Pseudonannolene caatinga Iniesta & Ferreira 2014	Iniesta & Ferreira 2014	BR	Estacao Ecologica Murici	Alagoas	PRESENT	1	a064f300-1bc8-41ea-9364-b864ef4e8938	-9.232525	-35.858162			408.0				2003-09-13	13	9	2003	8682135	8682135	MATERIAL_CITATION	IBSP		IBSP 2166				CC0_1_0		Equipe Biota			2025-11-08T05:37:40.672Z		GEODETIC_DATUM_ASSUMED_WGS84;CONTINENT_DERIVED_FROM_COORDINATES;TAXON_ID_NOT_FOUND;OCCURRENCE_STATUS_INFERRED_FROM_INDIVIDUAL_COUNT;COLLECTION_MATCH_NONE;INSTITUTION_MATCH_FUZZY
4101309408	1d2570da-e150-4d75-94d8-bfc5813062bc	03F887BA137CB1304EACFD5CFB445752.mc.3B393CF1137CB12E4BCAF939FC94522C	Animalia	Arthropoda	Diplopoda	Spirostreptida	Pseudonannolenidae	Pseudonannolene	Pseudonannolene sebastianus		SPECIES	Pseudonannolene sebastianus Brölemann, 1902	Pseudonannolene sebastianus Brolemann 1902	Brolemann 1902	BR	Ilhabela	Sao Paulo	PRESENT	3	a064f300-1bc8-41ea-9364-b864ef4e8938	-23.818665	-45.36816			1.0				2001-10-09	9	10	2001	6186003	6186003	MATERIAL_CITATION	IBSP		IBSP 1386				CC0_1_0		Equipe Biota			2025-11-08T05:37:40.670Z		GEODETIC_DATUM_ASSUMED_WGS84;CONTINENT_DERIVED_FROM_COORDINATES;TAXON_ID_NOT_FOUND;OCCURRENCE_STATUS_INFERRED_FROM_INDIVIDUAL_COUNT;COLLECTION_MATCH_NONE;INSTITUTION_MATCH_FUZZY
4101309407	1d2570da-e150-4d75-94d8-bfc5813062bc	03F887BA1361B1354D4FF9B8FAB4500B.mc.3B393CF11360B1324BABFBFEFD585171	Animalia	Arthropoda	Diplopoda	Spirostreptida	Pseudonannolenidae	Pseudonannolene	Pseudonannolene silvestris		SPECIES	Pseudonannolene silvestris Schubart, 1944	Pseudonannolene silvestris Schubart 1944	Schubart 1944	BR	Parque Estadual Turistico do Alto Ribeira	Sao Paulo	PRESENT	1	a064f300-1bc8-41ea-9364-b864ef4e8938	-24.485867	-48.646698			570.0				2001-11-08	8	11	2001	1026418	1026418	MATERIAL_CITATION	IBSP		IBSP 2284				CC0_1_0		Equipe Biota			2025-11-08T05:37:40.625Z		GEODETIC_DATUM_ASSUMED_WGS84;CONTINENT_DERIVED_FROM_COORDINATES;TAXON_ID_NOT_FOUND;OCCURRENCE_STATUS_INFERRED_FROM_INDIVIDUAL_COUNT;COLLECTION_MATCH_NONE;INSTITUTION_MATCH_FUZZY
4101309405	1d2570da-e150-4d75-94d8-bfc5813062bc	03F887BA1369B13C4D45F916FC1A53ED.mc.3B393CF1136FB13D4FEBFD1AFB14562E	Animalia	Arthropoda	Diplopoda	Spirostreptida	Pseudonannolenidae	Pseudonannolene	Pseudonannolene tricolor		SPECIES	Pseudonannolene tricolor Brölemann, 1902	Pseudonannolene tricolor Brolemann 1902	Brolemann 1902	BR	Fazenda Ponte Alta	Sao Paulo	PRESENT	4	a064f300-1bc8-41ea-9364-b864ef4e8938	-22.69015	-46.682655			767.0				1947-01-21	21	1	1947	1026426	1026426	MATERIAL_CITATION	MZSP						CC0_1_0		J. Schubart			2025-11-08T05:37:40.555Z		GEODETIC_DATUM_ASSUMED_WGS84;CONTINENT_DERIVED_FROM_COORDINATES;TAXON_ID_NOT_FOUND;OCCURRENCE_STATUS_INFERRED_FROM_INDIVIDUAL_COUNT;COLLECTION_MATCH_NONE;INSTITUTION_MATCH_FUZZY
4101309404	1d2570da-e150-4d75-94d8-bfc5813062bc	03F887BA1367B1374EBAFAB0FAD650FC.mc.3B393CF11366B1344C6BFD38FCB5562F	Animalia	Arthropoda	Diplopoda	Spirostreptida	Pseudonannolenidae	Pseudonannolene	Pseudonannolene spelaea		SPECIES	Pseudonannolene spelaea Iniesta & Ferreira, 2013	Pseudonannolene spelaea Iniesta & Ferreira 2013	Iniesta & Ferreira 2013	BR		Para	PRESENT	1	a064f300-1bc8-41ea-9364-b864ef4e8938	-6.367796	-50.389553							2016-10-25	25	10	2016	9516060	9516060	MATERIAL_CITATION	IBSP		IBSP 7632				CC0_1_0		M. P. Oliveira			2025-11-08T05:37:40.553Z		GEODETIC_DATUM_ASSUMED_WGS84;CONTINENT_DERIVED_FROM_COORDINATES;TAXON_ID_NOT_FOUND;OCCURRENCE_STATUS_INFERRED_FROM_INDIVIDUAL_COUNT;COLLECTION_MATCH_NONE;INSTITUTION_MATCH_FUZZY
4101309402	1d2570da-e150-4d75-94d8-bfc5813062bc	03F887BA1309B15F4EA9FEE4FC055083.mc.3B393CF11308B15A4BC9FA3CFB705333	Animalia	Arthropoda	Diplopoda	Spirostreptida	Pseudonannolenidae	Pseudonannolene	Pseudonannolene microzoporus		SPECIES	Pseudonannolene microzoporus Mauriès, 1987	Pseudonannolene microzoporus Mauries 1987	Mauries 1987	BR	Mocambeiro	Bahia	PRESENT	1	a064f300-1bc8-41ea-9364-b864ef4e8938	-19.535425	-44.026974							2011-04-04	4	4	2011	1026408	1026408	MATERIAL_CITATION	IBSP		IBSP 5717				CC0_1_0		F. P. Franco			2025-11-08T05:37:40.550Z		GEODETIC_DATUM_ASSUMED_WGS84;CONTINENT_DERIVED_FROM_COORDINATES;TAXON_ID_NOT_FOUND;OCCURRENCE_STATUS_INFERRED_FROM_INDIVIDUAL_COUNT;COLLECTION_MATCH_NONE;INSTITUTION_MATCH_FUZZY
4101309401	1d2570da-e150-4d75-94d8-bfc5813062bc	03F887BA132FB17F4EB3FCD4FDA5561E.mc.3B393CF1132EB17C4BABFE5BFD2A54CA	Animalia	Arthropoda	Diplopoda	Spirostreptida	Pseudonannolenidae	Pseudonannolene	Pseudonannolene caatinga		SPECIES	Pseudonannolene caatinga Iniesta & Ferreira, 2014	Pseudonannolene caatinga Iniesta & Ferreira 2014	Iniesta & Ferreira 2014	BR	Estacao Ecologica Murici	Alagoas	PRESENT	1	a064f300-1bc8-41ea-9364-b864ef4e8938	-9.232525	-35.858162			408.0				2003-09-13	13	9	2003	8682135	8682135	MATERIAL_CITATION	IBSP		IBSP 2167				CC0_1_0		Equipe Biota			2025-11-08T05:37:40.547Z		GEODETIC_DATUM_ASSUMED_WGS84;CONTINENT_DERIVED_FROM_COORDINATES;TAXON_ID_NOT_FOUND;OCCURRENCE_STATUS_INFERRED_FROM_INDIVIDUAL_COUNT;COLLECTION_MATCH_NONE;INSTITUTION_MATCH_FUZZY
4101309400	1d2570da-e150-4d75-94d8-bfc5813062bc	03F887BA137CB1304EACFD5CFB445752.mc.3B393CF11363B1314E44FD85FB9457BD	Animalia	Arthropoda	Diplopoda	Spirostreptida	Pseudonannolenidae	Pseudonannolene	Pseudonannolene sebastianus		SPECIES	Pseudonannolene sebastianus Brölemann, 1902	Pseudonannolene sebastianus Brolemann 1902	Brolemann 1902	BR	Ilha Anchieta	Sao Paulo	PRESENT	1	a064f300-1bc8-41ea-9364-b864ef4e8938	-23.550426	-45.066635			162.0				2001-07-23	23	7	2001	6186003	6186003	MATERIAL_CITATION	IBSP		IBSP 7903				CC0_1_0		Equipe Biota			2025-11-08T05:37:40.545Z		GEODETIC_DATUM_ASSUMED_WGS84;CONTINENT_DERIVED_FROM_COORDINATES;TAXON_ID_NOT_FOUND;OCCURRENCE_STATUS_INFERRED_FROM_INDIVIDUAL_COUNT;COLLECTION_MATCH_NONE;INSTITUTION_MATCH_FUZZY
4101309399	1d2570da-e150-4d75-94d8-bfc5813062bc	03F887BA1315B1484D45F9EEFC01571A.mc.3B393CF11314B1464EBEF886FEA65299	Animalia	Arthropoda	Diplopoda	Spirostreptida	Pseudonannolenidae	Pseudonannolene	Pseudonannolene halophila		SPECIES	Pseudonannolene halophila Schubart, 1949	Pseudonannolene halophila Schubart 1949	Schubart 1949	BR	Ilha da Queimada Grande	Sao Paulo	PRESENT	1	a064f300-1bc8-41ea-9364-b864ef4e8938	-24.487923	-46.674156			53.0				1994-10-19	19	10	1994	6186012	6186012	MATERIAL_CITATION	IBSP		IBSP 1180				CC0_1_0		A. Eterovic			2025-11-08T05:37:40.519Z		GEODETIC_DATUM_ASSUMED_WGS84;CONTINENT_DERIVED_FROM_COORDINATES;TAXON_ID_NOT_FOUND;OCCURRENCE_STATUS_INFERRED_FROM_INDIVIDUAL_COUNT;COLLECTION_MATCH_NONE;INSTITUTION_MATCH_FUZZY
4101309398	1d2570da-e150-4d75-94d8-bfc5813062bc	03F887BA1371B1224D74FD91FED55297.mc.3B393CF11371B1234E01F9D9FBC85371	Animalia	Arthropoda	Diplopoda	Spirostreptida	Pseudonannolenidae	Pseudonannolene	Pseudonannolene parvula		SPECIES	Pseudonannolene parvula Silvestri, 1902	Pseudonannolene parvula Silvestri 1902	Silvestri 1902	BR	Parque Nacional do Iguacu	Parana	PRESENT	1	a064f300-1bc8-41ea-9364-b864ef4e8938	-25.500435	-54.58335			195.0				2002-03-03	3	3	2002	1026412	1026412	MATERIAL_CITATION	IBSP		IBSP 1463				CC0_1_0		Equipe Biota			2025-11-08T05:37:40.517Z		GEODETIC_DATUM_ASSUMED_WGS84;CONTINENT_DERIVED_FROM_COORDINATES;TAXON_ID_NOT_FOUND;OCCURRENCE_STATUS_INFERRED_FROM_INDIVIDUAL_COUNT;COLLECTION_MATCH_NONE;INSTITUTION_MATCH_FUZZY
4101309397	1d2570da-e150-4d75-94d8-bfc5813062bc	03F887BA137CB1304EACFD5CFB445752.mc.3B393CF1137CB12E4FEBF980FDA75397	Animalia	Arthropoda	Diplopoda	Spirostreptida	Pseudonannolenidae	Pseudonannolene	Pseudonannolene sebastianus		SPECIES	Pseudonannolene sebastianus Brölemann, 1902	Pseudonannolene sebastianus Brolemann 1902	Brolemann 1902	BR	Ilhabela	Sao Paulo	PRESENT	15	a064f300-1bc8-41ea-9364-b864ef4e8938	-23.818665	-45.36816			1.0				1950-08		8	1950	6186003	6186003	MATERIAL_CITATION	IBSP		IBSP 7902				CC0_1_0		H. Urban			2025-11-08T05:37:40.477Z		GEODETIC_DATUM_ASSUMED_WGS84;CONTINENT_DERIVED_FROM_COORDINATES;TAXON_ID_NOT_FOUND;OCCURRENCE_STATUS_INFERRED_FROM_INDIVIDUAL_COUNT;COLLECTION_MATCH_NONE;INSTITUTION_MATCH_FUZZY
4101309396	1d2570da-e150-4d75-94d8-bfc5813062bc	03F887BA1309B15F4EA9FEE4FC055083.mc.3B393CF1130FB15D4BD5F8B0FDDA52A4	Animalia	Arthropoda	Diplopoda	Spirostreptida	Pseudonannolenidae	Pseudonannolene	Pseudonannolene microzoporus		SPECIES	Pseudonannolene microzoporus Mauriès, 1987	Pseudonannolene microzoporus Mauries 1987	Mauries 1987	BR		Bahia	PRESENT	1	a064f300-1bc8-41ea-9364-b864ef4e8938									2011-11-08	8	11	2011	1026408	1026408	MATERIAL_CITATION	IBSP		IBSP 5626				CC0_1_0					2025-11-08T05:37:40.473Z		CONTINENT_DERIVED_FROM_COUNTRY;TAXON_ID_NOT_FOUND;OCCURRENCE_STATUS_INFERRED_FROM_INDIVIDUAL_COUNT;COLLECTION_MATCH_NONE;INSTITUTION_MATCH_FUZZY
4101309395	1d2570da-e150-4d75-94d8-bfc5813062bc	03F887BA1309B15F4EA9FEE4FC055083.mc.3B393CF1130EB15C4A57FDAAFC7257BA	Animalia	Arthropoda	Diplopoda	Spirostreptida	Pseudonannolenidae	Pseudonannolene	Pseudonannolene microzoporus		SPECIES	Pseudonannolene microzoporus Mauriès, 1987	Pseudonannolene microzoporus Mauries 1987	Mauries 1987	BR		Bahia	PRESENT	1	a064f300-1bc8-41ea-9364-b864ef4e8938									2011-03-01	1	3	2011	1026408	1026408	MATERIAL_CITATION	IBSP		IBSP 5631				CC0_1_0					2025-11-08T05:37:40.475Z		CONTINENT_DERIVED_FROM_COUNTRY;TAXON_ID_NOT_FOUND;OCCURRENCE_STATUS_INFERRED_FROM_INDIVIDUAL_COUNT;COLLECTION_MATCH_NONE;INSTITUTION_MATCH_FUZZY
4101309394	1d2570da-e150-4d75-94d8-bfc5813062bc	03F887BA1376B1274D46FE33FE985351.mc.3B393CF11376B1244C21FA0DFEA55321	Animalia	Arthropoda	Diplopoda	Spirostreptida	Pseudonannolenidae	Pseudonannolene	Pseudonannolene paulista		SPECIES	Pseudonannolene paulista Brölemann, 1902	Pseudonannolene paulista Brolemann 1902	Brolemann 1902	BR	Estacao Ecologica de Angatuba	Sao Paulo	PRESENT	1	a064f300-1bc8-41ea-9364-b864ef4e8938	-23.415855	-48.360832			761.0				2002-11-11	11	11	2002	1026416	1026416	MATERIAL_CITATION	IBSP		IBSP 1912				CC0_1_0		Equipe Biota			2025-11-08T05:37:40.471Z		GEODETIC_DATUM_ASSUMED_WGS84;CONTINENT_DERIVED_FROM_COORDINATES;TAXON_ID_NOT_FOUND;OCCURRENCE_STATUS_INFERRED_FROM_INDIVIDUAL_COUNT;COLLECTION_MATCH_NONE;INSTITUTION_MATCH_FUZZY
4101309392	1d2570da-e150-4d75-94d8-bfc5813062bc	03F887BA1309B15F4EA9FEE4FC055083.mc.3B393CF1130FB15D4C13F940FF6253D4	Animalia	Arthropoda	Diplopoda	Spirostreptida	Pseudonannolenidae	Pseudonannolene	Pseudonannolene microzoporus		SPECIES	Pseudonannolene microzoporus Mauriès, 1987	Pseudonannolene microzoporus Mauries 1987	Mauries 1987	BR		Bahia	PRESENT	1	a064f300-1bc8-41ea-9364-b864ef4e8938									2011-02-08	8	2	2011	1026408	1026408	MATERIAL_CITATION	IBSP		IBSP 5672				CC0_1_0					2025-11-08T05:37:40.429Z		CONTINENT_DERIVED_FROM_COUNTRY;TAXON_ID_NOT_FOUND;OCCURRENCE_STATUS_INFERRED_FROM_INDIVIDUAL_COUNT;COLLECTION_MATCH_NONE;INSTITUTION_MATCH_FUZZY
4101309391	1d2570da-e150-4d75-94d8-bfc5813062bc	03F887BA1362B1334D5AFD7FFEE75313.mc.3B393CF11362B1304D09F9DCFB795374	Animalia	Arthropoda	Diplopoda	Spirostreptida	Pseudonannolenidae	Pseudonannolene	Pseudonannolene segmentata		SPECIES	Pseudonannolene segmentata Silvestri, 1895	Pseudonannolene segmentata Silvestri 1895	Silvestri 1895	BR	Bonito	Mato Grosso do Sul	PRESENT	1	a064f300-1bc8-41ea-9364-b864ef4e8938	-21.128975	-56.48172			294.0				2002-10-14	14	10	2002	1026417	1026417	MATERIAL_CITATION	IBSP		IBSP 2603				CC0_1_0		Equipe Biota			2025-11-08T05:37:40.408Z		GEODETIC_DATUM_ASSUMED_WGS84;CONTINENT_DERIVED_FROM_COORDINATES;TAXON_ID_NOT_FOUND;OCCURRENCE_STATUS_INFERRED_FROM_INDIVIDUAL_COUNT;COLLECTION_MATCH_NONE;INSTITUTION_MATCH_FUZZY
4101309390	1d2570da-e150-4d75-94d8-bfc5813062bc	03F887BA1367B1374EBAFAB0FAD650FC.mc.3B393CF11366B1344FEBFB2CFA8951E4	Animalia	Arthropoda	Diplopoda	Spirostreptida	Pseudonannolenidae	Pseudonannolene	Pseudonannolene spelaea		SPECIES	Pseudonannolene spelaea Iniesta & Ferreira, 2013	Pseudonannolene spelaea Iniesta & Ferreira 2013	Iniesta & Ferreira 2013	BR		Para	PRESENT	1	a064f300-1bc8-41ea-9364-b864ef4e8938	-6.039257	-50.27072							2007-09-28	28	9	2007	9516060	9516060	MATERIAL_CITATION	R		IBSP 7334				CC0_1_0		R. Andrade			2025-11-08T05:37:40.385Z		GEODETIC_DATUM_ASSUMED_WGS84;CONTINENT_DERIVED_FROM_COORDINATES;TAXON_ID_NOT_FOUND;OCCURRENCE_STATUS_INFERRED_FROM_INDIVIDUAL_COUNT;AMBIGUOUS_INSTITUTION
4101309389	1d2570da-e150-4d75-94d8-bfc5813062bc	03F887BA1309B15F4EA9FEE4FC055083.mc.3B393CF1130FB15D4D8BF965FAFE539A	Animalia	Arthropoda	Diplopoda	Spirostreptida	Pseudonannolenidae	Pseudonannolene	Pseudonannolene microzoporus		SPECIES	Pseudonannolene microzoporus Mauriès, 1987	Pseudonannolene microzoporus Mauries 1987	Mauries 1987	BR		Bahia	PRESENT	1	a064f300-1bc8-41ea-9364-b864ef4e8938									2011-02-08	8	2	2011	1026408	1026408	MATERIAL_CITATION	IBSP		IBSP 5670				CC0_1_0					2025-11-08T05:37:40.354Z		CONTINENT_DERIVED_FROM_COUNTRY;TAXON_ID_NOT_FOUND;OCCURRENCE_STATUS_INFERRED_FROM_INDIVIDUAL_COUNT;COLLECTION_MATCH_NONE;INSTITUTION_MATCH_FUZZY
4101309388	1d2570da-e150-4d75-94d8-bfc5813062bc	03F887BA1373B1234D42FCF9FB915768.mc.3B393CF11372B1204E75FD3FFAED57D2	Animalia	Arthropoda	Diplopoda	Spirostreptida	Pseudonannolenidae	Pseudonannolene	Pseudonannolene ophiiulus		SPECIES	Pseudonannolene ophiiulus Schubart, 1944	Pseudonannolene ophiiulus Schubart 1944	Schubart 1944	BR	Rio Claro	Sao Paulo	PRESENT	1	a064f300-1bc8-41ea-9364-b864ef4e8938	-22.415956	-47.56535			614.0				1942-01-08	8	1	1942	6185999	6185999	MATERIAL_CITATION	MZSP		MZSP 1062				CC0_1_0		O. Schubart			2025-11-08T05:37:40.307Z		GEODETIC_DATUM_ASSUMED_WGS84;CONTINENT_DERIVED_FROM_COORDINATES;TAXON_ID_NOT_FOUND;OCCURRENCE_STATUS_INFERRED_FROM_INDIVIDUAL_COUNT;COLLECTION_MATCH_NONE;INSTITUTION_MATCH_FUZZY
4101309387	1d2570da-e150-4d75-94d8-bfc5813062bc	03F887BA1315B1484D45F9EEFC01571A.mc.3B393CF11314B1464BD1F9BCFB3753B0	Animalia	Arthropoda	Diplopoda	Spirostreptida	Pseudonannolenidae	Pseudonannolene	Pseudonannolene halophila		SPECIES	Pseudonannolene halophila Schubart, 1949	Pseudonannolene halophila Schubart 1949	Schubart 1949	BR	Praia Grande	Sao Paulo	PRESENT	4	a064f300-1bc8-41ea-9364-b864ef4e8938	-24.009295	-46.412304			9.0				1940-02-18	18	2	1940	6186012	6186012	MATERIAL_CITATION	MZSP						CC0_1_0		O. Schubart			2025-11-08T05:37:40.329Z		GEODETIC_DATUM_ASSUMED_WGS84;CONTINENT_DERIVED_FROM_COORDINATES;TAXON_ID_NOT_FOUND;OCCURRENCE_STATUS_INFERRED_FROM_INDIVIDUAL_COUNT;COLLECTION_MATCH_NONE;INSTITUTION_MATCH_FUZZY
4101309386	1d2570da-e150-4d75-94d8-bfc5813062bc	03F887BA1309B15F4EA9FEE4FC055083.mc.3B393CF1130FB15D4D6EF98AFB4D53BF	Animalia	Arthropoda	Diplopoda	Spirostreptida	Pseudonannolenidae	Pseudonannolene	Pseudonannolene microzoporus		SPECIES	Pseudonannolene microzoporus Mauriès, 1987	Pseudonannolene microzoporus Mauries 1987	Mauries 1987	BR		Bahia	PRESENT	1	a064f300-1bc8-41ea-9364-b864ef4e8938									2011-02-08	8	2	2011	1026408	1026408	MATERIAL_CITATION	IBSP		IBSP 5667				CC0_1_0					2025-11-08T05:37:40.305Z		CONTINENT_DERIVED_FROM_COUNTRY;TAXON_ID_NOT_FOUND;OCCURRENCE_STATUS_INFERRED_FROM_INDIVIDUAL_COUNT;COLLECTION_MATCH_NONE;INSTITUTION_MATCH_FUZZY
4101309384	1d2570da-e150-4d75-94d8-bfc5813062bc	03F887BA1351B1024D0DFD47FEA05021.mc.3B393CF11351B1034FBCFB65FD5F51D7	Animalia	Arthropoda	Diplopoda	Spirostreptida	Pseudonannolenidae	Pseudonannolene	Pseudonannolene alata		SPECIES	Pseudonannolene alata Iniesta, Bouzan & Brescovit, 2023	Pseudonannolene alata Iniesta, Bouzan, and Brescovit 2023	Iniesta, Bouzan, and Brescovit 2023	BR	Ilha do Arvoredo	Santa Catarina	PRESENT	1	a064f300-1bc8-41ea-9364-b864ef4e8938	-27.281906	-48.366245			130.0				2018-05-15	15	5	2018	12252733	12252733	MATERIAL_CITATION	R		IBSP 7874				CC0_1_0		R. S. Bouzan	Holotype		2025-11-08T05:37:40.263Z		GEODETIC_DATUM_ASSUMED_WGS84;CONTINENT_DERIVED_FROM_COORDINATES;TAXON_ID_NOT_FOUND;OCCURRENCE_STATUS_INFERRED_FROM_INDIVIDUAL_COUNT;AMBIGUOUS_INSTITUTION
4101309383	1d2570da-e150-4d75-94d8-bfc5813062bc	03F887BA1309B15F4EA9FEE4FC055083.mc.3B393CF1130FB15D4DABFBBAFAED514F	Animalia	Arthropoda	Diplopoda	Spirostreptida	Pseudonannolenidae	Pseudonannolene	Pseudonannolene microzoporus		SPECIES	Pseudonannolene microzoporus Mauriès, 1987	Pseudonannolene microzoporus Mauries 1987	Mauries 1987	BR		Bahia	PRESENT	1	a064f300-1bc8-41ea-9364-b864ef4e8938									2011-02-08	8	2	2011	1026408	1026408	MATERIAL_CITATION	IBSP		IBSP 5662				CC0_1_0					2025-11-08T05:37:40.244Z		CONTINENT_DERIVED_FROM_COUNTRY;TAXON_ID_NOT_FOUND;OCCURRENCE_STATUS_INFERRED_FROM_INDIVIDUAL_COUNT;COLLECTION_MATCH_NONE;INSTITUTION_MATCH_FUZZY
4101309382	1d2570da-e150-4d75-94d8-bfc5813062bc	03F887BA1373B1234D42FCF9FB915768.mc.3B393CF11372B1204DF9FE13FAF95727	Animalia	Arthropoda	Diplopoda	Spirostreptida	Pseudonannolenidae	Pseudonannolene	Pseudonannolene ophiiulus		SPECIES	Pseudonannolene ophiiulus Schubart, 1944	Pseudonannolene ophiiulus Schubart 1944	Schubart 1944	BR	Cachoeira	Sao Paulo	PRESENT	3	a064f300-1bc8-41ea-9364-b864ef4e8938									1942-02-17	17	2	1942	6185999	6185999	MATERIAL_CITATION	MZSP		MZSP 1061				CC0_1_0		J. Gaspar			2025-11-08T05:37:40.242Z		CONTINENT_DERIVED_FROM_COUNTRY;TAXON_ID_NOT_FOUND;OCCURRENCE_STATUS_INFERRED_FROM_INDIVIDUAL_COUNT;COLLECTION_MATCH_NONE;INSTITUTION_MATCH_FUZZY
4101309381	1d2570da-e150-4d75-94d8-bfc5813062bc	03F887BA1359B10D4D1CF979FCBE518D.mc.3B393CF11358B10A4C14F9E8FE23537F	Animalia	Arthropoda	Diplopoda	Spirostreptida	Pseudonannolenidae	Pseudonannolene	Pseudonannolene morettii		SPECIES	Pseudonannolene morettii Iniesta, Bouzan & Brescovit, 2023	Pseudonannolene morettii Iniesta, Bouzan, and Brescovit 2023	Iniesta, Bouzan, and Brescovit 2023	BR	Parque Estadual do Jaragua	Sao Paulo	PRESENT	3	a064f300-1bc8-41ea-9364-b864ef4e8938	-23.459536	-46.75538			783.0				2002-10-14	14	10	2002	12190204	12190204	MATERIAL_CITATION	IBSP		IBSP 2359				CC0_1_0		Equipe Biota			2025-11-08T05:37:40.227Z		GEODETIC_DATUM_ASSUMED_WGS84;CONTINENT_DERIVED_FROM_COORDINATES;TAXON_ID_NOT_FOUND;OCCURRENCE_STATUS_INFERRED_FROM_INDIVIDUAL_COUNT;COLLECTION_MATCH_NONE;INSTITUTION_MATCH_FUZZY
4101309379	1d2570da-e150-4d75-94d8-bfc5813062bc	03F887BA1376B1274D46FE33FE985351.mc.3B393CF11376B1244C6FF97DFF6253CC	Animalia	Arthropoda	Diplopoda	Spirostreptida	Pseudonannolenidae	Pseudonannolene	Pseudonannolene paulista		SPECIES	Pseudonannolene paulista Brölemann, 1902	Pseudonannolene paulista Brolemann 1902	Brolemann 1902	BR	Parque Estadual Morro do Diabo	Sao Paulo	PRESENT	3	a064f300-1bc8-41ea-9364-b864ef4e8938	-22.524723	-52.298447			367.0				2003-03-24	24	3	2003	1026416	1026416	MATERIAL_CITATION	IBSP		IBSP 2409				CC0_1_0		Equipe Biota			2025-11-08T05:37:40.207Z		GEODETIC_DATUM_ASSUMED_WGS84;CONTINENT_DERIVED_FROM_COORDINATES;TAXON_ID_NOT_FOUND;OCCURRENCE_STATUS_INFERRED_FROM_INDIVIDUAL_COUNT;COLLECTION_MATCH_NONE;INSTITUTION_MATCH_FUZZY
4101309376	1d2570da-e150-4d75-94d8-bfc5813062bc	03F887BA1367B1374EBAFAB0FAD650FC.mc.3B393CF11366B1344FEBFD61FCBB57F5	Animalia	Arthropoda	Diplopoda	Spirostreptida	Pseudonannolenidae	Pseudonannolene	Pseudonannolene spelaea		SPECIES	Pseudonannolene spelaea Iniesta & Ferreira, 2013	Pseudonannolene spelaea Iniesta & Ferreira 2013	Iniesta & Ferreira 2013	BR	Canaa dos Carajas	Para	PRESENT	1	a064f300-1bc8-41ea-9364-b864ef4e8938	-6.316577	-49.99301			270.0				2012-08-29	29	8	2012	9516060	9516060	MATERIAL_CITATION	IBSP		IBSP 5923				CC0_1_0		Pellegatti			2025-11-08T05:37:40.158Z		GEODETIC_DATUM_ASSUMED_WGS84;CONTINENT_DERIVED_FROM_COORDINATES;TAXON_ID_NOT_FOUND;OCCURRENCE_STATUS_INFERRED_FROM_INDIVIDUAL_COUNT;COLLECTION_MATCH_NONE;INSTITUTION_MATCH_FUZZY
4101309375	1d2570da-e150-4d75-94d8-bfc5813062bc	03F887BA137CB1304EACFD5CFB445752.mc.3B393CF11363B1314EA9FEE5FCE05478	Animalia	Arthropoda	Diplopoda	Spirostreptida	Pseudonannolenidae	Pseudonannolene	Pseudonannolene sebastianus		SPECIES	Pseudonannolene sebastianus Brölemann, 1902	Pseudonannolene sebastianus Brolemann 1902	Brolemann 1902	BR	Ilha Anchieta	Sao Paulo	PRESENT	3	a064f300-1bc8-41ea-9364-b864ef4e8938	-23.550426	-45.066635			162.0				2001-07-23	23	7	2001	6186003	6186003	MATERIAL_CITATION	IBSP		IBSP 1424				CC0_1_0		Equipe Biota			2025-11-08T05:37:40.156Z		GEODETIC_DATUM_ASSUMED_WGS84;CONTINENT_DERIVED_FROM_COORDINATES;TAXON_ID_NOT_FOUND;OCCURRENCE_STATUS_INFERRED_FROM_INDIVIDUAL_COUNT;COLLECTION_MATCH_NONE;INSTITUTION_MATCH_FUZZY
4101309372	1d2570da-e150-4d75-94d8-bfc5813062bc	03F887BA1359B10D4D1CF979FCBE518D.mc.3B393CF11358B10A4C12FC41FD2856D4	Animalia	Arthropoda	Diplopoda	Spirostreptida	Pseudonannolenidae	Pseudonannolene	Pseudonannolene morettii		SPECIES	Pseudonannolene morettii Iniesta, Bouzan & Brescovit, 2023	Pseudonannolene morettii Iniesta, Bouzan, and Brescovit 2023	Iniesta, Bouzan, and Brescovit 2023	BR	Parque Municipal da Serra do Itapety	Sao Paulo	PRESENT	9	a064f300-1bc8-41ea-9364-b864ef4e8938	-23.493336	-46.19638			881.0				2003-10-13	13	10	2003	12190204	12190204	MATERIAL_CITATION	IBSP		IBSP 2467				CC0_1_0		Mogi das Cruzes & Equipe Biota			2025-11-08T05:37:40.057Z		GEODETIC_DATUM_ASSUMED_WGS84;CONTINENT_DERIVED_FROM_COORDINATES;TAXON_ID_NOT_FOUND;OCCURRENCE_STATUS_INFERRED_FROM_INDIVIDUAL_COUNT;COLLECTION_MATCH_NONE;INSTITUTION_MATCH_FUZZY
4101309371	1d2570da-e150-4d75-94d8-bfc5813062bc	03F887BA1359B10D4D1CF979FCBE518D.mc.3B393CF11358B10A4D77FAE1FBBE5074	Animalia	Arthropoda	Diplopoda	Spirostreptida	Pseudonannolenidae	Pseudonannolene	Pseudonannolene morettii		SPECIES	Pseudonannolene morettii Iniesta, Bouzan & Brescovit, 2023	Pseudonannolene morettii Iniesta, Bouzan, and Brescovit 2023	Iniesta, Bouzan, and Brescovit 2023	BR	Parque Municipal da Serra do Japi	Sao Paulo	PRESENT	9	a064f300-1bc8-41ea-9364-b864ef4e8938	-23.22663	-46.92475			871.0				2017-10-12	12	10	2017	12190204	12190204	MATERIAL_CITATION	IBSP		IBSP 7893				CC0_1_0		A. D. Brescovit			2025-11-08T05:37:40.045Z		GEODETIC_DATUM_ASSUMED_WGS84;CONTINENT_DERIVED_FROM_COORDINATES;TAXON_ID_NOT_FOUND;OCCURRENCE_STATUS_INFERRED_FROM_INDIVIDUAL_COUNT;COLLECTION_MATCH_NONE;INSTITUTION_MATCH_FUZZY
4101309370	1d2570da-e150-4d75-94d8-bfc5813062bc	03F887BA131EB14E4EA1F88FFBC05194.mc.3B393CF1131DB14F4F9BFB28FCC151E0	Animalia	Arthropoda	Diplopoda	Spirostreptida	Pseudonannolenidae	Pseudonannolene	Pseudonannolene leucocephalus		SPECIES	Pseudonannolene leucocephalus Schubart, 1944	Pseudonannolene leucocephalus Schubart 1944	Schubart 1944	BR	Usina Mogi-Guacu	Sao Paulo	PRESENT	5	a064f300-1bc8-41ea-9364-b864ef4e8938	-22.432213	-46.95087			623.0				1941-10-12	12	10	1941	6186009	6186009	MATERIAL_CITATION	MZSP						CC0_1_0		J. Gaspar			2025-11-08T05:37:40.023Z		GEODETIC_DATUM_ASSUMED_WGS84;CONTINENT_DERIVED_FROM_COORDINATES;TAXON_ID_NOT_FOUND;OCCURRENCE_STATUS_INFERRED_FROM_INDIVIDUAL_COUNT;COLLECTION_MATCH_NONE;INSTITUTION_MATCH_FUZZY
4101309369	1d2570da-e150-4d75-94d8-bfc5813062bc	03F887BA131EB14E4EA1F88FFBC05194.mc.3B393CF1131DB14F4D9BFAC5FC07505A	Animalia	Arthropoda	Diplopoda	Spirostreptida	Pseudonannolenidae	Pseudonannolene	Pseudonannolene leucocephalus		SPECIES	Pseudonannolene leucocephalus Schubart, 1944	Pseudonannolene leucocephalus Schubart 1944	Schubart 1944	BR	Fazenda Italia	Sao Paulo	PRESENT	1	a064f300-1bc8-41ea-9364-b864ef4e8938	-20.8165	-49.376404			506.0				1945-10-25	25	10	1945	6186009	6186009	MATERIAL_CITATION	MZSP						CC0_1_0		F. P. Mello			2025-11-08T05:37:40.001Z		GEODETIC_DATUM_ASSUMED_WGS84;CONTINENT_DERIVED_FROM_COORDINATES;TAXON_ID_NOT_FOUND;OCCURRENCE_STATUS_INFERRED_FROM_INDIVIDUAL_COUNT;COLLECTION_MATCH_NONE;INSTITUTION_MATCH_FUZZY
4101309367	1d2570da-e150-4d75-94d8-bfc5813062bc	03F887BA1309B15F4EA9FEE4FC055083.mc.3B393CF11308B15A4FEBF875FB53528A	Animalia	Arthropoda	Diplopoda	Spirostreptida	Pseudonannolenidae	Pseudonannolene	Pseudonannolene microzoporus		SPECIES	Pseudonannolene microzoporus Mauriès, 1987	Pseudonannolene microzoporus Mauries 1987	Mauries 1987	BR	Mocambeiro	Bahia	PRESENT	2	a064f300-1bc8-41ea-9364-b864ef4e8938	-19.535425	-44.026974							2011-04-04	4	4	2011	1026408	1026408	MATERIAL_CITATION	IBSP		IBSP 5640				CC0_1_0		F. P. Franco			2025-11-08T05:37:39.976Z		GEODETIC_DATUM_ASSUMED_WGS84;CONTINENT_DERIVED_FROM_COORDINATES;TAXON_ID_NOT_FOUND;OCCURRENCE_STATUS_INFERRED_FROM_INDIVIDUAL_COUNT;COLLECTION_MATCH_NONE;INSTITUTION_MATCH_FUZZY
4101309365	1d2570da-e150-4d75-94d8-bfc5813062bc	03F887BA1350B1054D00FAAAFAAC52DE.mc.3B393CF11357B1054FEBFDB7FC7F574B	Animalia	Arthropoda	Diplopoda	Spirostreptida	Pseudonannolenidae	Pseudonannolene	Pseudonannolene aurea		SPECIES	Pseudonannolene aurea Iniesta, Bouzan & Brescovit, 2023	Pseudonannolene aurea Iniesta, Bouzan, and Brescovit 2023	Iniesta, Bouzan, and Brescovit 2023	BR	Vertebra cave	Tocantins	PRESENT	2	a064f300-1bc8-41ea-9364-b864ef4e8938									2009-05-21	21	5	2009	12242100	12242100	MATERIAL_CITATION	IBSP		IBSP 5837				CC0_1_0		F. Pellegatti			2025-11-08T05:37:39.974Z		CONTINENT_DERIVED_FROM_COUNTRY;TAXON_ID_NOT_FOUND;OCCURRENCE_STATUS_INFERRED_FROM_INDIVIDUAL_COUNT;COLLECTION_MATCH_NONE;INSTITUTION_MATCH_FUZZY
4101309363	1d2570da-e150-4d75-94d8-bfc5813062bc	03F887BA1309B15F4EA9FEE4FC055083.mc.3B393CF1130FB15D4F98FA35FBF450CA	Animalia	Arthropoda	Diplopoda	Spirostreptida	Pseudonannolenidae	Pseudonannolene	Pseudonannolene microzoporus		SPECIES	Pseudonannolene microzoporus Mauriès, 1987	Pseudonannolene microzoporus Mauries 1987	Mauries 1987	BR		Bahia	PRESENT	1	a064f300-1bc8-41ea-9364-b864ef4e8938									2011-02-08	8	2	2011	1026408	1026408	MATERIAL_CITATION	IBSP		IBSP 5648				CC0_1_0					2025-11-08T05:37:39.925Z		CONTINENT_DERIVED_FROM_COUNTRY;TAXON_ID_NOT_FOUND;OCCURRENCE_STATUS_INFERRED_FROM_INDIVIDUAL_COUNT;COLLECTION_MATCH_NONE;INSTITUTION_MATCH_FUZZY
4101309362	1d2570da-e150-4d75-94d8-bfc5813062bc	03F887BA137CB1304EACFD5CFB445752.mc.3B393CF1137CB12E4E0CF869FF6252FD	Animalia	Arthropoda	Diplopoda	Spirostreptida	Pseudonannolenidae	Pseudonannolene	Pseudonannolene sebastianus		SPECIES	Pseudonannolene sebastianus Brölemann, 1902	Pseudonannolene sebastianus Brolemann 1902	Brolemann 1902	BR	Fazenda Angelim	Sao Paulo	PRESENT	1	a064f300-1bc8-41ea-9364-b864ef4e8938	-23.433714	-45.08386			5.0				2003-12		12	2003	6186003	6186003	MATERIAL_CITATION	IBSP		IBSP 3651				CC0_1_0					2025-11-08T05:37:39.927Z		GEODETIC_DATUM_ASSUMED_WGS84;CONTINENT_DERIVED_FROM_COORDINATES;TAXON_ID_NOT_FOUND;OCCURRENCE_STATUS_INFERRED_FROM_INDIVIDUAL_COUNT;COLLECTION_MATCH_NONE;INSTITUTION_MATCH_FUZZY
4101309361	1d2570da-e150-4d75-94d8-bfc5813062bc	03F887BA1359B10D4D1CF979FCBE518D.mc.3B393CF11358B10A4A12FA51FD7150C4	Animalia	Arthropoda	Diplopoda	Spirostreptida	Pseudonannolenidae	Pseudonannolene	Pseudonannolene morettii		SPECIES	Pseudonannolene morettii Iniesta, Bouzan & Brescovit, 2023	Pseudonannolene morettii Iniesta, Bouzan, and Brescovit 2023	Iniesta, Bouzan, and Brescovit 2023	BR	Parque Estadual do Jaragua	Sao Paulo	PRESENT	1	a064f300-1bc8-41ea-9364-b864ef4e8938	-23.459536	-46.75538			783.0				2002-10-14	14	10	2002	12190204	12190204	MATERIAL_CITATION	IBSP		IBSP 2372				CC0_1_0		Equipe Biota			2025-11-08T05:37:39.923Z		GEODETIC_DATUM_ASSUMED_WGS84;CONTINENT_DERIVED_FROM_COORDINATES;TAXON_ID_NOT_FOUND;OCCURRENCE_STATUS_INFERRED_FROM_INDIVIDUAL_COUNT;COLLECTION_MATCH_NONE;INSTITUTION_MATCH_FUZZY
4101309360	1d2570da-e150-4d75-94d8-bfc5813062bc	03F887BA132DB17E4D5CFCA9FC3D53AC.mc.3B393CF1132DB17F4FEBF911FCB55229	Animalia	Arthropoda	Diplopoda	Spirostreptida	Pseudonannolenidae	Pseudonannolene	Pseudonannolene callipyge		SPECIES	Pseudonannolene callipyge Brölemann, 1902	Pseudonannolene callipyge Brolemann 1902	Brolemann 1902	BR	cave Passaro Preto	Parana	PRESENT	1	a064f300-1bc8-41ea-9364-b864ef4e8938					362.0				2017-12-10	10	12	2017	1026425	1026425	MATERIAL_CITATION	IBSP		IBSP 7617				CC0_1_0		C. Attems & Souza			2025-11-08T05:37:39.921Z		CONTINENT_DERIVED_FROM_COUNTRY;TAXON_ID_NOT_FOUND;OCCURRENCE_STATUS_INFERRED_FROM_INDIVIDUAL_COUNT;COLLECTION_MATCH_NONE;INSTITUTION_MATCH_FUZZY
4101309359	1d2570da-e150-4d75-94d8-bfc5813062bc	03F887BA1359B10D4D1CF979FCBE518D.mc.3B393CF11358B10A4E86FA76FB49508A	Animalia	Arthropoda	Diplopoda	Spirostreptida	Pseudonannolenidae	Pseudonannolene	Pseudonannolene morettii		SPECIES	Pseudonannolene morettii Iniesta, Bouzan & Brescovit, 2023	Pseudonannolene morettii Iniesta, Bouzan, and Brescovit 2023	Iniesta, Bouzan, and Brescovit 2023	BR	Parque Estadual do Jaragua	Sao Paulo	PRESENT	2	a064f300-1bc8-41ea-9364-b864ef4e8938	-23.459536	-46.75538			783.0				2002-10-14	14	10	2002	12190204	12190204	MATERIAL_CITATION	IBSP		IBSP 2368				CC0_1_0		Equipe Biota			2025-11-08T05:37:39.894Z		GEODETIC_DATUM_ASSUMED_WGS84;CONTINENT_DERIVED_FROM_COORDINATES;TAXON_ID_NOT_FOUND;OCCURRENCE_STATUS_INFERRED_FROM_INDIVIDUAL_COUNT;COLLECTION_MATCH_NONE;INSTITUTION_MATCH_FUZZY
4101309358	1d2570da-e150-4d75-94d8-bfc5813062bc	03F887BA132FB17F4EB3FCD4FDA5561E.mc.3B393CF1132FB17D4FBCF98BFC48539A	Animalia	Arthropoda	Diplopoda	Spirostreptida	Pseudonannolenidae	Pseudonannolene	Pseudonannolene caatinga		SPECIES	Pseudonannolene caatinga Iniesta & Ferreira, 2014	Pseudonannolene caatinga Iniesta & Ferreira 2014	Iniesta & Ferreira 2014	BR	BRAZIL	Bahia	PRESENT	9	a064f300-1bc8-41ea-9364-b864ef4e8938	-10.858192	-41.134315							2012-06-10	10	6	2012	8682135	8682135	MATERIAL_CITATION	R		ISLA 3628				CC0_1_0		Toca dos Ossos & L. Ferreira	Paratype		2025-11-08T05:37:39.829Z		GEODETIC_DATUM_ASSUMED_WGS84;CONTINENT_DERIVED_FROM_COORDINATES;TAXON_ID_NOT_FOUND;OCCURRENCE_STATUS_INFERRED_FROM_INDIVIDUAL_COUNT;AMBIGUOUS_INSTITUTION
4101309357	1d2570da-e150-4d75-94d8-bfc5813062bc	03F887BA1309B15F4EA9FEE4FC055083.mc.3B393CF1130FB15D4F87FB95FB4651AA	Animalia	Arthropoda	Diplopoda	Spirostreptida	Pseudonannolenidae	Pseudonannolene	Pseudonannolene microzoporus		SPECIES	Pseudonannolene microzoporus Mauriès, 1987	Pseudonannolene microzoporus Mauries 1987	Mauries 1987	BR		Bahia	PRESENT	2	a064f300-1bc8-41ea-9364-b864ef4e8938									2011-02-08	8	2	2011	1026408	1026408	MATERIAL_CITATION	IBSP		IBSP 5685				CC0_1_0					2025-11-08T05:37:39.826Z		CONTINENT_DERIVED_FROM_COUNTRY;TAXON_ID_NOT_FOUND;OCCURRENCE_STATUS_INFERRED_FROM_INDIVIDUAL_COUNT;COLLECTION_MATCH_NONE;INSTITUTION_MATCH_FUZZY
4101309356	1d2570da-e150-4d75-94d8-bfc5813062bc	03F887BA1350B1054D00FAAAFAAC52DE.mc.3B393CF11357B1054DE0FDFAFDC8576D	Animalia	Arthropoda	Diplopoda	Spirostreptida	Pseudonannolenidae	Pseudonannolene	Pseudonannolene aurea		SPECIES	Pseudonannolene aurea Iniesta, Bouzan & Brescovit, 2023	Pseudonannolene aurea Iniesta, Bouzan, and Brescovit 2023	Iniesta, Bouzan, and Brescovit 2023	BR	Onca cave	Tocantins	PRESENT	5	a064f300-1bc8-41ea-9364-b864ef4e8938									2007-12-04	4	12	2007	12242100	12242100	MATERIAL_CITATION	IBSP		IBSP 5843				CC0_1_0		F. Pellegatti			2025-11-08T05:37:39.824Z		CONTINENT_DERIVED_FROM_COUNTRY;TAXON_ID_NOT_FOUND;OCCURRENCE_STATUS_INFERRED_FROM_INDIVIDUAL_COUNT;COLLECTION_MATCH_NONE;INSTITUTION_MATCH_FUZZY
4101309355	1d2570da-e150-4d75-94d8-bfc5813062bc	03F887BA1309B15F4EA9FEE4FC055083.mc.3B393CF11308B15A4FEBFA8AFB49509D	Animalia	Arthropoda	Diplopoda	Spirostreptida	Pseudonannolenidae	Pseudonannolene	Pseudonannolene microzoporus		SPECIES	Pseudonannolene microzoporus Mauriès, 1987	Pseudonannolene microzoporus Mauries 1987	Mauries 1987	BR	Gruta do Padre cave	Bahia	PRESENT	18	a064f300-1bc8-41ea-9364-b864ef4e8938	-12.980311	-44.051342			543.0				2014-07-11	11	7	2014	1026408	1026408	MATERIAL_CITATION	R, T		ISLA 20624				CC0_1_0		R. L. Ferreira & Souza-Silva & T. G. Pellegrini			2025-11-08T05:37:39.814Z		GEODETIC_DATUM_ASSUMED_WGS84;CONTINENT_DERIVED_FROM_COORDINATES;TAXON_ID_NOT_FOUND;OCCURRENCE_STATUS_INFERRED_FROM_INDIVIDUAL_COUNT;INSTITUTION_MATCH_NONE
4101309354	1d2570da-e150-4d75-94d8-bfc5813062bc	03F887BA130BB1584D75FB43FAF3524B.mc.3B393CF1130AB1584CB5FE98FAED548C	Animalia	Arthropoda	Diplopoda	Spirostreptida	Pseudonannolenidae	Pseudonannolene	Pseudonannolene mesai		SPECIES	Pseudonannolene mesai Fontanetti, 2000	Pseudonannolene mesai Fontanetti 2000	Fontanetti 2000	BR	Reserva Florestal do Morro Grande	Sao Paulo	PRESENT	2	a064f300-1bc8-41ea-9364-b864ef4e8938	-23.603506	-46.919464			798.0				2002-06-13	13	6	2002	9424035	9424035	MATERIAL_CITATION	IBSP		IBSP 2041				CC0_1_0		Equipe Biota			2025-11-08T05:37:39.808Z		GEODETIC_DATUM_ASSUMED_WGS84;CONTINENT_DERIVED_FROM_COORDINATES;TAXON_ID_NOT_FOUND;OCCURRENCE_STATUS_INFERRED_FROM_INDIVIDUAL_COUNT;COLLECTION_MATCH_NONE;INSTITUTION_MATCH_FUZZY
4101309353	1d2570da-e150-4d75-94d8-bfc5813062bc	03F887BA1359B10D4D1CF979FCBE518D.mc.3B393CF11358B10A4BD2FBB1FDAC51A4	Animalia	Arthropoda	Diplopoda	Spirostreptida	Pseudonannolenidae	Pseudonannolene	Pseudonannolene morettii		SPECIES	Pseudonannolene morettii Iniesta, Bouzan & Brescovit, 2023	Pseudonannolene morettii Iniesta, Bouzan, and Brescovit 2023	Iniesta, Bouzan, and Brescovit 2023	BR	Parque Municipal da Serra do Itapety	Sao Paulo	PRESENT	1	a064f300-1bc8-41ea-9364-b864ef4e8938	-23.493336	-46.19638			881.0				2003-10-13	13	10	2003	12190204	12190204	MATERIAL_CITATION	IBSP		IBSP 2466				CC0_1_0		Mogi das Cruzes & Equipe Biota			2025-11-08T05:37:39.803Z		GEODETIC_DATUM_ASSUMED_WGS84;CONTINENT_DERIVED_FROM_COORDINATES;TAXON_ID_NOT_FOUND;OCCURRENCE_STATUS_INFERRED_FROM_INDIVIDUAL_COUNT;COLLECTION_MATCH_NONE;INSTITUTION_MATCH_FUZZY
4101309352	1d2570da-e150-4d75-94d8-bfc5813062bc	03F887BA131AB14A4D51FDA7FE6054B2.mc.3B393CF1131AB1484A7BF938FD9A520B	Animalia	Arthropoda	Diplopoda	Spirostreptida	Pseudonannolenidae	Pseudonannolene	Pseudonannolene imbirensis		SPECIES	Pseudonannolene imbirensis Fontanetti, 1996	Pseudonannolene imbirensis Fontanetti 1996	Fontanetti 1996	BR	cave Sao Vicente	Goias	PRESENT	8	a064f300-1bc8-41ea-9364-b864ef4e8938	-13.587311	-46.35823			626.0				2000-03-02	2	3	2000	11693169	11693169	MATERIAL_CITATION	MZSP						CC0_1_0		A. Chagas Jr. & M. E. Bichuette			2025-11-08T05:37:39.801Z		GEODETIC_DATUM_ASSUMED_WGS84;CONTINENT_DERIVED_FROM_COORDINATES;TAXON_ID_NOT_FOUND;OCCURRENCE_STATUS_INFERRED_FROM_INDIVIDUAL_COUNT;COLLECTION_MATCH_NONE;INSTITUTION_MATCH_FUZZY
4101309351	1d2570da-e150-4d75-94d8-bfc5813062bc	03F887BA1316B1474E87FEE4FAEF50E2.mc.3B393CF11316B1444B1FFA10FD975307	Animalia	Arthropoda	Diplopoda	Spirostreptida	Pseudonannolenidae	Pseudonannolene	Pseudonannolene fontanettiae		SPECIES	Pseudonannolene fontanettiae Iniesta & Ferreira, 2014	Pseudonannolene fontanettiae Iniesta & Ferreira 2014	Iniesta & Ferreira 2014	BR	Sete Lagoas	Minas Gerais	PRESENT	1	a064f300-1bc8-41ea-9364-b864ef4e8938	-19.457188	-44.236374			775.0				2014-03-13	13	3	2014	8446495	8446495	MATERIAL_CITATION	IBSP		IBSP 7102				CC0_1_0		Equipe Carste			2025-11-08T05:37:39.797Z		GEODETIC_DATUM_ASSUMED_WGS84;CONTINENT_DERIVED_FROM_COORDINATES;TAXON_ID_NOT_FOUND;OCCURRENCE_STATUS_INFERRED_FROM_INDIVIDUAL_COUNT;COLLECTION_MATCH_NONE;INSTITUTION_MATCH_FUZZY
4101309350	1d2570da-e150-4d75-94d8-bfc5813062bc	03F887BA1369B13C4D45F916FC1A53ED.mc.3B393CF1136FB13D4E30FE55FAF854ED	Animalia	Arthropoda	Diplopoda	Spirostreptida	Pseudonannolenidae	Pseudonannolene	Pseudonannolene tricolor		SPECIES	Pseudonannolene tricolor Brölemann, 1902	Pseudonannolene tricolor Brolemann 1902	Brolemann 1902	BR	Barraco Rico	Sao Paulo	PRESENT	2	a064f300-1bc8-41ea-9364-b864ef4e8938	-22.788342	-48.131226			469.0				1990-02		2	1990	1026426	1026426	MATERIAL_CITATION	MZSP						CC0_1_0		C. Fontanetti			2025-11-08T05:37:39.785Z		GEODETIC_DATUM_ASSUMED_WGS84;CONTINENT_DERIVED_FROM_COORDINATES;TAXON_ID_NOT_FOUND;OCCURRENCE_STATUS_INFERRED_FROM_INDIVIDUAL_COUNT;COLLECTION_MATCH_NONE;INSTITUTION_MATCH_FUZZY
4101309349	1d2570da-e150-4d75-94d8-bfc5813062bc	03F887BA1350B1054D00FAAAFAAC52DE.mc.3B393CF11357B1054C55FEA1FE1354B4	Animalia	Arthropoda	Diplopoda	Spirostreptida	Pseudonannolenidae	Pseudonannolene	Pseudonannolene aurea		SPECIES	Pseudonannolene aurea Iniesta, Bouzan & Brescovit, 2023	Pseudonannolene aurea Iniesta, Bouzan, and Brescovit 2023	Iniesta, Bouzan, and Brescovit 2023	BR		Tocantins	PRESENT	1	a064f300-1bc8-41ea-9364-b864ef4e8938	-11.624226	-46.820595			672.0				2008-03-04	4	3	2008	12242100	12242100	MATERIAL_CITATION	IBSP		IBSP 5856				CC0_1_0		F. Pellegatti	Holotype		2025-11-08T05:37:39.769Z		GEODETIC_DATUM_ASSUMED_WGS84;CONTINENT_DERIVED_FROM_COORDINATES;TAXON_ID_NOT_FOUND;OCCURRENCE_STATUS_INFERRED_FROM_INDIVIDUAL_COUNT;COLLECTION_MATCH_NONE;INSTITUTION_MATCH_FUZZY
4101309348	1d2570da-e150-4d75-94d8-bfc5813062bc	03F887BA1375B1294D7EF97AFA8A574F.mc.3B393CF11374B1264C70FD48FE6157DF	Animalia	Arthropoda	Diplopoda	Spirostreptida	Pseudonannolenidae	Pseudonannolene	Pseudonannolene pusilla		SPECIES	Pseudonannolene pusilla Silvestri, 1895	Pseudonannolene pusilla Silvestri 1895	Silvestri 1895	BR	Pindaiba	Mato Grosso	PRESENT	8	a064f300-1bc8-41ea-9364-b864ef4e8938	-15.881182	-52.23874			337.0				1998-01-19	19	1	1998	1026419	1026419	MATERIAL_CITATION	IBSP		IBSP 13391				CC0_1_0		Barra das Garcas & Callefo			2025-11-08T05:37:39.726Z		GEODETIC_DATUM_ASSUMED_WGS84;CONTINENT_DERIVED_FROM_COORDINATES;TAXON_ID_NOT_FOUND;OCCURRENCE_STATUS_INFERRED_FROM_INDIVIDUAL_COUNT;COLLECTION_MATCH_NONE;INSTITUTION_MATCH_FUZZY
4101309347	1d2570da-e150-4d75-94d8-bfc5813062bc	03F887BA1309B15F4EA9FEE4FC055083.mc.3B393CF11308B15A4A56FA1FFD2F530E	Animalia	Arthropoda	Diplopoda	Spirostreptida	Pseudonannolenidae	Pseudonannolene	Pseudonannolene microzoporus		SPECIES	Pseudonannolene microzoporus Mauriès, 1987	Pseudonannolene microzoporus Mauries 1987	Mauries 1987	BR	Mocambeiro	Bahia	PRESENT	1	a064f300-1bc8-41ea-9364-b864ef4e8938	-19.535425	-44.026974							2011-04-04	4	4	2011	1026408	1026408	MATERIAL_CITATION	IBSP		IBSP 5718				CC0_1_0		F. P. Franco			2025-11-08T05:37:39.709Z		GEODETIC_DATUM_ASSUMED_WGS84;CONTINENT_DERIVED_FROM_COORDINATES;TAXON_ID_NOT_FOUND;OCCURRENCE_STATUS_INFERRED_FROM_INDIVIDUAL_COUNT;COLLECTION_MATCH_NONE;INSTITUTION_MATCH_FUZZY
4101309346	1d2570da-e150-4d75-94d8-bfc5813062bc	03F887BA1373B1234D42FCF9FB915768.mc.3B393CF11372B1204FEBFDCFFAED5703	Animalia	Arthropoda	Diplopoda	Spirostreptida	Pseudonannolenidae	Pseudonannolene	Pseudonannolene ophiiulus		SPECIES	Pseudonannolene ophiiulus Schubart, 1944	Pseudonannolene ophiiulus Schubart 1944	Schubart 1944	BR	Cachoeira de Emas	Sao Paulo	PRESENT	1	a064f300-1bc8-41ea-9364-b864ef4e8938	-22.001669	-47.427853			631.0				1953-01-20	20	1	1953	6185999	6185999	MATERIAL_CITATION	MZSP						CC0_1_0		J. P. de Lima			2025-11-08T05:37:39.711Z		GEODETIC_DATUM_ASSUMED_WGS84;CONTINENT_DERIVED_FROM_COORDINATES;TAXON_ID_NOT_FOUND;OCCURRENCE_STATUS_INFERRED_FROM_INDIVIDUAL_COUNT;COLLECTION_MATCH_NONE;INSTITUTION_MATCH_FUZZY
4101309345	1d2570da-e150-4d75-94d8-bfc5813062bc	03F887BA131EB14E4EA1F88FFBC05194.mc.3B393CF1131DB14F4FBCFCA3FDBA56ED	Animalia	Arthropoda	Diplopoda	Spirostreptida	Pseudonannolenidae	Pseudonannolene	Pseudonannolene leucocephalus		SPECIES	Pseudonannolene leucocephalus Schubart, 1944	Pseudonannolene leucocephalus Schubart 1944	Schubart 1944	BR	Cachoeira de Cima	Sao Paulo	PRESENT	1	a064f300-1bc8-41ea-9364-b864ef4e8938	-22.22384	-47.04962			610.0				1941-10-12	12	10	1941	6186009	6186009	MATERIAL_CITATION	MZSP		MZSP 1101				CC0_1_0		J. Gaspar & O. Schubart	Holotype		2025-11-08T05:37:39.687Z		GEODETIC_DATUM_ASSUMED_WGS84;CONTINENT_DERIVED_FROM_COORDINATES;TAXON_ID_NOT_FOUND;OCCURRENCE_STATUS_INFERRED_FROM_INDIVIDUAL_COUNT;COLLECTION_MATCH_NONE;INSTITUTION_MATCH_FUZZY
4101309344	1d2570da-e150-4d75-94d8-bfc5813062bc	03F887BA135FB10F4D1DFB36FBA9576B.mc.3B393CF1135EB10C4CD2FE9FFEC2548F	Animalia	Arthropoda	Diplopoda	Spirostreptida	Pseudonannolenidae	Pseudonannolene	Pseudonannolene nicolau		SPECIES	Pseudonannolene nicolau Iniesta, Bouzan & Brescovit, 2023	Pseudonannolene nicolau Iniesta, Bouzan, and Brescovit 2023	Iniesta, Bouzan, and Brescovit 2023	BR	Fazenda Sao Nicolau	Mato Grosso	PRESENT	2	a064f300-1bc8-41ea-9364-b864ef4e8938	-9.902508	-58.568104			370.0				2009-12-14	14	12	2009	12263633	12263633	MATERIAL_CITATION	ABAM		ABAM 0153				CC0_1_0		L. D. Battirola			2025-11-08T05:37:39.679Z		GEODETIC_DATUM_ASSUMED_WGS84;CONTINENT_DERIVED_FROM_COORDINATES;TAXON_ID_NOT_FOUND;OCCURRENCE_STATUS_INFERRED_FROM_INDIVIDUAL_COUNT;INSTITUTION_MATCH_NONE
4101309342	1d2570da-e150-4d75-94d8-bfc5813062bc	03F887BA1369B13C4D45F916FC1A53ED.mc.3B393CF1136FB13D4DD4FC25FB3D5138	Animalia	Arthropoda	Diplopoda	Spirostreptida	Pseudonannolenidae	Pseudonannolene	Pseudonannolene tricolor		SPECIES	Pseudonannolene tricolor Brölemann, 1902	Pseudonannolene tricolor Brolemann 1902	Brolemann 1902	BR	Escola Superior de Agronomia Luiz Queiroz	Sao Paulo	PRESENT	1	a064f300-1bc8-41ea-9364-b864ef4e8938	-22.71504	-47.629726			555.0				1952-11		11	1952	1026426	1026426	MATERIAL_CITATION	MZSP						CC0_1_0		L. G. Lordello			2025-11-08T05:37:39.586Z		GEODETIC_DATUM_ASSUMED_WGS84;CONTINENT_DERIVED_FROM_COORDINATES;TAXON_ID_NOT_FOUND;OCCURRENCE_STATUS_INFERRED_FROM_INDIVIDUAL_COUNT;COLLECTION_MATCH_NONE;INSTITUTION_MATCH_FUZZY
4101309341	1d2570da-e150-4d75-94d8-bfc5813062bc	03F887BA137CB1304EACFD5CFB445752.mc.3B393CF1137CB12E4B19F95EFD9853D1	Animalia	Arthropoda	Diplopoda	Spirostreptida	Pseudonannolenidae	Pseudonannolene	Pseudonannolene sebastianus		SPECIES	Pseudonannolene sebastianus Brölemann, 1902	Pseudonannolene sebastianus Brolemann 1902	Brolemann 1902	BR	Ilhabela	Sao Paulo	PRESENT	1	a064f300-1bc8-41ea-9364-b864ef4e8938	-23.818665	-45.36816			1.0				2001-10-09	9	10	2001	6186003	6186003	MATERIAL_CITATION	IBSP		IBSP 7890				CC0_1_0		Equipe Biota			2025-11-08T05:37:39.567Z		GEODETIC_DATUM_ASSUMED_WGS84;CONTINENT_DERIVED_FROM_COORDINATES;TAXON_ID_NOT_FOUND;OCCURRENCE_STATUS_INFERRED_FROM_INDIVIDUAL_COUNT;COLLECTION_MATCH_NONE;INSTITUTION_MATCH_FUZZY
4101309340	1d2570da-e150-4d75-94d8-bfc5813062bc	03F887BA1306B1564D40FB75FC835700.mc.3B393CF11305B1574FEBFD6BFEF057FB	Animalia	Arthropoda	Diplopoda	Spirostreptida	Pseudonannolenidae	Pseudonannolene	Pseudonannolene maritima		SPECIES	Pseudonannolene maritima Schubart, 1949	Pseudonannolene maritima Schubart 1949	Schubart 1949	BR	Ilha dos Alcatrazes	Sao Paulo	PRESENT	14	a064f300-1bc8-41ea-9364-b864ef4e8938	-24.098785	-45.69324			60.0				1998-07-04	4	7	1998	6186005	6186005	MATERIAL_CITATION	IBSP		IBSP 658				CC0_1_0		M. E. Calleffo			2025-11-08T05:37:39.531Z		GEODETIC_DATUM_ASSUMED_WGS84;CONTINENT_DERIVED_FROM_COORDINATES;TAXON_ID_NOT_FOUND;OCCURRENCE_STATUS_INFERRED_FROM_INDIVIDUAL_COUNT;COLLECTION_MATCH_NONE;INSTITUTION_MATCH_FUZZY
4101309339	1d2570da-e150-4d75-94d8-bfc5813062bc	03F887BA1309B15F4EA9FEE4FC055083.mc.3B393CF1130FB15D4BD5FB53FCF251C3	Animalia	Arthropoda	Diplopoda	Spirostreptida	Pseudonannolenidae	Pseudonannolene	Pseudonannolene microzoporus		SPECIES	Pseudonannolene microzoporus Mauriès, 1987	Pseudonannolene microzoporus Mauries 1987	Mauries 1987	BR		Bahia	PRESENT	1	a064f300-1bc8-41ea-9364-b864ef4e8938									2011-02-08	8	2	2011	1026408	1026408	MATERIAL_CITATION	IBSP		IBSP 5655				CC0_1_0					2025-11-08T05:37:39.565Z		CONTINENT_DERIVED_FROM_COUNTRY;TAXON_ID_NOT_FOUND;OCCURRENCE_STATUS_INFERRED_FROM_INDIVIDUAL_COUNT;COLLECTION_MATCH_NONE;INSTITUTION_MATCH_FUZZY
4101309338	1d2570da-e150-4d75-94d8-bfc5813062bc	03F887BA1318B14D4EB1FE5FFB395171.mc.3B393CF11318B14A4CBAFB4DFE2551E0	Animalia	Arthropoda	Diplopoda	Spirostreptida	Pseudonannolenidae	Pseudonannolene	Pseudonannolene inops		SPECIES	Pseudonannolene inops Brölemann, 1929	Pseudonannolene inops (Brolemann 1929) Brolemann 1929	(Brolemann 1929) Brolemann 1929	BR	Fepagro	Rio Grande do Sul	PRESENT	2	a064f300-1bc8-41ea-9364-b864ef4e8938					22.0				2002-01		1	2002	12190076	12190076	MATERIAL_CITATION	IBSP		IBSP 2559				CC0_1_0		Equipe Biota			2025-11-08T05:37:39.527Z		CONTINENT_DERIVED_FROM_COUNTRY;TAXON_ID_NOT_FOUND;OCCURRENCE_STATUS_INFERRED_FROM_INDIVIDUAL_COUNT;COLLECTION_MATCH_NONE;INSTITUTION_MATCH_FUZZY
4101309337	1d2570da-e150-4d75-94d8-bfc5813062bc	03F887BA1369B13C4D45F916FC1A53ED.mc.3B393CF11368B13A4FBCFB7FFC9451CD	Animalia	Arthropoda	Diplopoda	Spirostreptida	Pseudonannolenidae	Pseudonannolene	Pseudonannolene tricolor		SPECIES	Pseudonannolene tricolor Brölemann, 1902	Pseudonannolene tricolor Brolemann 1902	Brolemann 1902	BR	Piquete	Sao Paulo	PRESENT	1	a064f300-1bc8-41ea-9364-b864ef4e8938	-22.60163	-45.176697			642.0				1897-01		1	1897	1026426	1026426	MATERIAL_CITATION	MZSP						CC0_1_0		R. von Ihering	Holotype		2025-11-08T05:37:39.512Z		GEODETIC_DATUM_ASSUMED_WGS84;CONTINENT_DERIVED_FROM_COORDINATES;TAXON_ID_NOT_FOUND;OCCURRENCE_STATUS_INFERRED_FROM_INDIVIDUAL_COUNT;COLLECTION_MATCH_NONE;INSTITUTION_MATCH_FUZZY
4101309336	1d2570da-e150-4d75-94d8-bfc5813062bc	03F887BA1309B15F4EA9FEE4FC055083.mc.3B393CF1130FB15D4E90FC4AFE1E56DA	Animalia	Arthropoda	Diplopoda	Spirostreptida	Pseudonannolenidae	Pseudonannolene	Pseudonannolene microzoporus		SPECIES	Pseudonannolene microzoporus Mauriès, 1987	Pseudonannolene microzoporus Mauries 1987	Mauries 1987	BR		Bahia	PRESENT	1	a064f300-1bc8-41ea-9364-b864ef4e8938									2011-02-08	8	2	2011	1026408	1026408	MATERIAL_CITATION	IBSP		IBSP 5677				CC0_1_0					2025-11-08T05:37:39.510Z		CONTINENT_DERIVED_FROM_COUNTRY;TAXON_ID_NOT_FOUND;OCCURRENCE_STATUS_INFERRED_FROM_INDIVIDUAL_COUNT;COLLECTION_MATCH_NONE;INSTITUTION_MATCH_FUZZY
4101309335	1d2570da-e150-4d75-94d8-bfc5813062bc	03F887BA1311B1424D4BFEE4FBEC56ED.mc.3B393CF11311B1434D35FB7CFB735194	Animalia	Arthropoda	Diplopoda	Spirostreptida	Pseudonannolenidae	Pseudonannolene	Pseudonannolene curtipes		SPECIES	Pseudonannolene curtipes Schubart, 1960	Pseudonannolene curtipes Schubart 1960	Schubart 1960	BR	Fazenda Forquilha Grande	Goias	PRESENT	1	a064f300-1bc8-41ea-9364-b864ef4e8938	-14.732396	-46.15362							1960-02		2	1960	6185993	6185993	MATERIAL_CITATION	MZSP		MZSP 1024				CC0_1_0		J. Evangelista			2025-11-08T05:37:39.499Z		GEODETIC_DATUM_ASSUMED_WGS84;CONTINENT_DERIVED_FROM_COORDINATES;TAXON_ID_NOT_FOUND;OCCURRENCE_STATUS_INFERRED_FROM_INDIVIDUAL_COUNT;COLLECTION_MATCH_NONE;INSTITUTION_MATCH_FUZZY
4101309333	1d2570da-e150-4d75-94d8-bfc5813062bc	03F887BA1309B15F4EA9FEE4FC055083.mc.3B393CF1130FB15D4E04FD85FB7057BA	Animalia	Arthropoda	Diplopoda	Spirostreptida	Pseudonannolenidae	Pseudonannolene	Pseudonannolene microzoporus		SPECIES	Pseudonannolene microzoporus Mauriès, 1987	Pseudonannolene microzoporus Mauries 1987	Mauries 1987	BR		Bahia	PRESENT	1	a064f300-1bc8-41ea-9364-b864ef4e8938													1026408	1026408	MATERIAL_CITATION	IBSP		IBSP 5723				CC0_1_0					2025-11-08T05:37:39.491Z		CONTINENT_DERIVED_FROM_COUNTRY;TAXON_ID_NOT_FOUND;OCCURRENCE_STATUS_INFERRED_FROM_INDIVIDUAL_COUNT;COLLECTION_MATCH_NONE;INSTITUTION_MATCH_FUZZY
4101309332	1d2570da-e150-4d75-94d8-bfc5813062bc	03F887BA137CB1304EACFD5CFB445752.mc.3B393CF11363B1314FEBFE30FC2254C8	Animalia	Arthropoda	Diplopoda	Spirostreptida	Pseudonannolenidae	Pseudonannolene	Pseudonannolene sebastianus		SPECIES	Pseudonannolene sebastianus Brölemann, 1902	Pseudonannolene sebastianus Brolemann 1902	Brolemann 1902	BR	Ilha Anchieta	Sao Paulo	PRESENT	1	a064f300-1bc8-41ea-9364-b864ef4e8938	-23.550426	-45.066635			162.0				2001-07-23	23	7	2001	6186003	6186003	MATERIAL_CITATION	IBSP		IBSP 1421				CC0_1_0		Equipe Biota			2025-11-08T05:37:39.488Z		GEODETIC_DATUM_ASSUMED_WGS84;CONTINENT_DERIVED_FROM_COORDINATES;TAXON_ID_NOT_FOUND;OCCURRENCE_STATUS_INFERRED_FROM_INDIVIDUAL_COUNT;COLLECTION_MATCH_NONE;INSTITUTION_MATCH_FUZZY
4101309331	1d2570da-e150-4d75-94d8-bfc5813062bc	03F887BA1309B15F4EA9FEE4FC055083.mc.3B393CF1130FB15D4CADFBDFFD7F514F	Animalia	Arthropoda	Diplopoda	Spirostreptida	Pseudonannolenidae	Pseudonannolene	Pseudonannolene microzoporus		SPECIES	Pseudonannolene microzoporus Mauriès, 1987	Pseudonannolene microzoporus Mauries 1987	Mauries 1987	BR		Bahia	PRESENT	1	a064f300-1bc8-41ea-9364-b864ef4e8938									2011-02-08	8	2	2011	1026408	1026408	MATERIAL_CITATION	IBSP		IBSP 5661				CC0_1_0					2025-11-08T05:37:39.486Z		CONTINENT_DERIVED_FROM_COUNTRY;TAXON_ID_NOT_FOUND;OCCURRENCE_STATUS_INFERRED_FROM_INDIVIDUAL_COUNT;COLLECTION_MATCH_NONE;INSTITUTION_MATCH_FUZZY
4101309330	1d2570da-e150-4d75-94d8-bfc5813062bc	03F887BA132FB17F4EB3FCD4FDA5561E.mc.3B393CF1132EB17C4A12FE36FB025729	Animalia	Arthropoda	Diplopoda	Spirostreptida	Pseudonannolenidae	Pseudonannolene	Pseudonannolene caatinga		SPECIES	Pseudonannolene caatinga Iniesta & Ferreira, 2014	Pseudonannolene caatinga Iniesta & Ferreira 2014	Iniesta & Ferreira 2014	BR	Estacao Ecologica Murici	Alagoas	PRESENT	1	a064f300-1bc8-41ea-9364-b864ef4e8938	-9.232525	-35.858162			408.0				2014-09-22	22	9	2014	8682135	8682135	MATERIAL_CITATION	UFPB		UFPB 0146				CC0_1_0		E. P. Lorenzo			2025-11-08T05:37:39.467Z		GEODETIC_DATUM_ASSUMED_WGS84;CONTINENT_DERIVED_FROM_COORDINATES;TAXON_ID_NOT_FOUND;OCCURRENCE_STATUS_INFERRED_FROM_INDIVIDUAL_COUNT;COLLECTION_MATCH_NONE;INSTITUTION_MATCH_FUZZY
4101309329	1d2570da-e150-4d75-94d8-bfc5813062bc	03F887BA1321B1724D58FEE4FBC35029.mc.3B393CF11321B1734D61FA7DFB275095	Animalia	Arthropoda	Diplopoda	Spirostreptida	Pseudonannolenidae	Pseudonannolene	Pseudonannolene albiventris		SPECIES	Pseudonannolene albiventris Schubart, 1952	Pseudonannolene albiventris Schubart 1952	Schubart 1952	BR	Piracicaba	Sao Paulo	PRESENT	10	a064f300-1bc8-41ea-9364-b864ef4e8938	-22.735151	-47.647892			532.0				1949-10-24	24	10	1949	6185997	6185997	MATERIAL_CITATION	MZSP						CC0_1_0		F. P. Monteiro			2025-11-08T05:37:39.448Z		GEODETIC_DATUM_ASSUMED_WGS84;CONTINENT_DERIVED_FROM_COORDINATES;TAXON_ID_NOT_FOUND;OCCURRENCE_STATUS_INFERRED_FROM_INDIVIDUAL_COUNT;COLLECTION_MATCH_NONE;INSTITUTION_MATCH_FUZZY
4101309327	1d2570da-e150-4d75-94d8-bfc5813062bc	03F887BA1369B13C4D45F916FC1A53ED.mc.3B393CF1136FB13D4C1EFB95FBBE5188	Animalia	Arthropoda	Diplopoda	Spirostreptida	Pseudonannolenidae	Pseudonannolene	Pseudonannolene tricolor		SPECIES	Pseudonannolene tricolor Brölemann, 1902	Pseudonannolene tricolor Brolemann 1902	Brolemann 1902	BR	Cachoeira	Sao Paulo	PRESENT	7	a064f300-1bc8-41ea-9364-b864ef4e8938									1938-12-16	16	12	1938	1026426	1026426	MATERIAL_CITATION	MZSP						CC0_1_0		O. Schubart			2025-11-08T05:37:39.425Z		CONTINENT_DERIVED_FROM_COUNTRY;TAXON_ID_NOT_FOUND;OCCURRENCE_STATUS_INFERRED_FROM_INDIVIDUAL_COUNT;COLLECTION_MATCH_NONE;INSTITUTION_MATCH_FUZZY
4101309325	1d2570da-e150-4d75-94d8-bfc5813062bc	03F887BA1309B15F4EA9FEE4FC055083.mc.3B393CF1130EB15C4C50FD60FE6857F4	Animalia	Arthropoda	Diplopoda	Spirostreptida	Pseudonannolenidae	Pseudonannolene	Pseudonannolene microzoporus		SPECIES	Pseudonannolene microzoporus Mauriès, 1987	Pseudonannolene microzoporus Mauries 1987	Mauries 1987	BR		Bahia	PRESENT	1	a064f300-1bc8-41ea-9364-b864ef4e8938									2011-03-01	1	3	2011	1026408	1026408	MATERIAL_CITATION	IBSP		IBSP 5633				CC0_1_0					2025-11-08T05:37:39.389Z		CONTINENT_DERIVED_FROM_COUNTRY;TAXON_ID_NOT_FOUND;OCCURRENCE_STATUS_INFERRED_FROM_INDIVIDUAL_COUNT;COLLECTION_MATCH_NONE;INSTITUTION_MATCH_FUZZY
4101309324	1d2570da-e150-4d75-94d8-bfc5813062bc	03F887BA1367B1374EBAFAB0FAD650FC.mc.3B393CF11366B1344B7FFAA1FDD250B4	Animalia	Arthropoda	Diplopoda	Spirostreptida	Pseudonannolenidae	Pseudonannolene	Pseudonannolene spelaea		SPECIES	Pseudonannolene spelaea Iniesta & Ferreira, 2013	Pseudonannolene spelaea Iniesta & Ferreira 2013	Iniesta & Ferreira 2013	BR		Para	PRESENT	4	a064f300-1bc8-41ea-9364-b864ef4e8938	-6.038547	-50.160736							2008-10-07	7	10	2008	9516060	9516060	MATERIAL_CITATION	IBSP		IBSP 7336				CC0_1_0		Andrade			2025-11-08T05:37:39.382Z		GEODETIC_DATUM_ASSUMED_WGS84;CONTINENT_DERIVED_FROM_COORDINATES;TAXON_ID_NOT_FOUND;OCCURRENCE_STATUS_INFERRED_FROM_INDIVIDUAL_COUNT;COLLECTION_MATCH_NONE;INSTITUTION_MATCH_FUZZY
4101309323	1d2570da-e150-4d75-94d8-bfc5813062bc	03F887BA132FB17F4EB3FCD4FDA5561E.mc.3B393CF1132EB17C4B44FBE9FE07515A	Animalia	Arthropoda	Diplopoda	Spirostreptida	Pseudonannolenidae	Pseudonannolene	Pseudonannolene caatinga		SPECIES	Pseudonannolene caatinga Iniesta & Ferreira, 2014	Pseudonannolene caatinga Iniesta & Ferreira 2014	Iniesta & Ferreira 2014	BR	Area de Marinha	Bahia	PRESENT	5	a064f300-1bc8-41ea-9364-b864ef4e8938	-15.795139	-47.882088			1095.0				1999-10		10	1999	8682135	8682135	MATERIAL_CITATION	R		MNRJ 30149				CC0_1_0		C. Nogueira & F. Valdujo & R. Montigello			2025-11-08T05:37:39.386Z		GEODETIC_DATUM_ASSUMED_WGS84;CONTINENT_DERIVED_FROM_COORDINATES;TAXON_ID_NOT_FOUND;OCCURRENCE_STATUS_INFERRED_FROM_INDIVIDUAL_COUNT;AMBIGUOUS_INSTITUTION
4101309322	1d2570da-e150-4d75-94d8-bfc5813062bc	03F887BA1373B1234D42FCF9FB915768.mc.3B393CF11372B1204B4DFE7AFDC154ED	Animalia	Arthropoda	Diplopoda	Spirostreptida	Pseudonannolenidae	Pseudonannolene	Pseudonannolene ophiiulus		SPECIES	Pseudonannolene ophiiulus Schubart, 1944	Pseudonannolene ophiiulus Schubart 1944	Schubart 1944	BR	Baguassu	Sao Paulo	PRESENT	1	a064f300-1bc8-41ea-9364-b864ef4e8938									1939-01-10	10	1	1939	6185999	6185999	MATERIAL_CITATION	MZSP						CC0_1_0		O. Schubart			2025-11-08T05:37:39.380Z		CONTINENT_DERIVED_FROM_COUNTRY;TAXON_ID_NOT_FOUND;OCCURRENCE_STATUS_INFERRED_FROM_INDIVIDUAL_COUNT;COLLECTION_MATCH_NONE;INSTITUTION_MATCH_FUZZY
4101309321	1d2570da-e150-4d75-94d8-bfc5813062bc	03F887BA1309B15F4EA9FEE4FC055083.mc.3B393CF1130FB15D4B90FE13FC445703	Animalia	Arthropoda	Diplopoda	Spirostreptida	Pseudonannolenidae	Pseudonannolene	Pseudonannolene microzoporus		SPECIES	Pseudonannolene microzoporus Mauriès, 1987	Pseudonannolene microzoporus Mauries 1987	Mauries 1987	BR		Bahia	PRESENT	2	a064f300-1bc8-41ea-9364-b864ef4e8938													1026408	1026408	MATERIAL_CITATION	IBSP		IBSP 5727				CC0_1_0					2025-11-08T05:37:39.375Z		CONTINENT_DERIVED_FROM_COUNTRY;TAXON_ID_NOT_FOUND;OCCURRENCE_STATUS_INFERRED_FROM_INDIVIDUAL_COUNT;COLLECTION_MATCH_NONE;INSTITUTION_MATCH_FUZZY
4101309320	1d2570da-e150-4d75-94d8-bfc5813062bc	03F887BA1316B1474E87FEE4FAEF50E2.mc.3B393CF11316B1444A7DF940FBC853D7	Animalia	Arthropoda	Diplopoda	Spirostreptida	Pseudonannolenidae	Pseudonannolene	Pseudonannolene fontanettiae		SPECIES	Pseudonannolene fontanettiae Iniesta & Ferreira, 2014	Pseudonannolene fontanettiae Iniesta & Ferreira 2014	Iniesta & Ferreira 2014	BR	Sete Lagoas	Minas Gerais	PRESENT	2	a064f300-1bc8-41ea-9364-b864ef4e8938	-19.457188	-44.236374			775.0				2014-03-13	13	3	2014	8446495	8446495	MATERIAL_CITATION	ILCOM		IBSP 7083				CC0_1_0		Equipe Carste			2025-11-08T05:37:39.328Z		GEODETIC_DATUM_ASSUMED_WGS84;CONTINENT_DERIVED_FROM_COORDINATES;TAXON_ID_NOT_FOUND;OCCURRENCE_STATUS_INFERRED_FROM_INDIVIDUAL_COUNT;INSTITUTION_MATCH_NONE
4101309319	1d2570da-e150-4d75-94d8-bfc5813062bc	03F887BA1369B13C4D45F916FC1A53ED.mc.3B393CF1136FB13D4CA4FDAAFC1E57BD	Animalia	Arthropoda	Diplopoda	Spirostreptida	Pseudonannolenidae	Pseudonannolene	Pseudonannolene tricolor		SPECIES	Pseudonannolene tricolor Brölemann, 1902	Pseudonannolene tricolor Brolemann 1902	Brolemann 1902	BR	Lindoia	Sao Paulo	PRESENT	2	a064f300-1bc8-41ea-9364-b864ef4e8938	-22.5233	-46.650246			703.0				1947-02-02	2	2	1947	1026426	1026426	MATERIAL_CITATION	MZSP						CC0_1_0		J. Schubart			2025-11-08T05:37:39.265Z		GEODETIC_DATUM_ASSUMED_WGS84;CONTINENT_DERIVED_FROM_COORDINATES;TAXON_ID_NOT_FOUND;OCCURRENCE_STATUS_INFERRED_FROM_INDIVIDUAL_COUNT;COLLECTION_MATCH_NONE;INSTITUTION_MATCH_FUZZY
4101309318	1d2570da-e150-4d75-94d8-bfc5813062bc	03F887BA1318B14D4EB1FE5FFB395171.mc.3B393CF11318B14A4C4EFB92FEA65185	Animalia	Arthropoda	Diplopoda	Spirostreptida	Pseudonannolenidae	Pseudonannolene	Pseudonannolene inops		SPECIES	Pseudonannolene inops Brölemann, 1929	Pseudonannolene inops (Brolemann 1929) Brolemann 1929	(Brolemann 1929) Brolemann 1929	BR	Fepagro	Rio Grande do Sul	PRESENT	12	a064f300-1bc8-41ea-9364-b864ef4e8938					22.0				2002-01		1	2002	12190076	12190076	MATERIAL_CITATION	IBSP		IBSP 2488				CC0_1_0		Equipe Biota			2025-11-08T05:37:39.258Z		CONTINENT_DERIVED_FROM_COUNTRY;TAXON_ID_NOT_FOUND;OCCURRENCE_STATUS_INFERRED_FROM_INDIVIDUAL_COUNT;COLLECTION_MATCH_NONE;INSTITUTION_MATCH_FUZZY
4101309317	1d2570da-e150-4d75-94d8-bfc5813062bc	03F887BA132DB17E4D5CFCA9FC3D53AC.mc.3B393CF1132DB17F4EC7F99AFBA9538C	Animalia	Arthropoda	Diplopoda	Spirostreptida	Pseudonannolenidae	Pseudonannolene	Pseudonannolene callipyge		SPECIES	Pseudonannolene callipyge Brölemann, 1902	Pseudonannolene callipyge Brolemann 1902	Brolemann 1902	BR	Abismo do Sumidouro Sem Nome	Parana	PRESENT	4	a064f300-1bc8-41ea-9364-b864ef4e8938	-24.76667	-48.839447			362.0				2017-12-08	8	12	2017	1026425	1026425	MATERIAL_CITATION	R		IBSP 7614				CC0_1_0		C. A. R. Souza & L. F. M. Iniesta			2025-11-08T05:37:39.235Z		GEODETIC_DATUM_ASSUMED_WGS84;CONTINENT_DERIVED_FROM_COORDINATES;TAXON_ID_NOT_FOUND;OCCURRENCE_STATUS_INFERRED_FROM_INDIVIDUAL_COUNT;AMBIGUOUS_INSTITUTION
4101309316	1d2570da-e150-4d75-94d8-bfc5813062bc	03F887BA1359B10D4D1CF979FCBE518D.mc.3B393CF11358B10A4C50FBD6FE415149	Animalia	Arthropoda	Diplopoda	Spirostreptida	Pseudonannolenidae	Pseudonannolene	Pseudonannolene morettii		SPECIES	Pseudonannolene morettii Iniesta, Bouzan & Brescovit, 2023	Pseudonannolene morettii Iniesta, Bouzan, and Brescovit 2023	Iniesta, Bouzan, and Brescovit 2023	BR	Parque Municipal da Serra do Itapety	Sao Paulo	PRESENT	2	a064f300-1bc8-41ea-9364-b864ef4e8938	-23.493336	-46.19638			881.0				2003-10-13	13	10	2003	12190204	12190204	MATERIAL_CITATION	IBSP		IBSP 2462				CC0_1_0		Mogi das Cruzes & Equipe Biota			2025-11-08T05:37:39.215Z		GEODETIC_DATUM_ASSUMED_WGS84;CONTINENT_DERIVED_FROM_COORDINATES;TAXON_ID_NOT_FOUND;OCCURRENCE_STATUS_INFERRED_FROM_INDIVIDUAL_COUNT;COLLECTION_MATCH_NONE;INSTITUTION_MATCH_FUZZY
4101309315	1d2570da-e150-4d75-94d8-bfc5813062bc	03F887BA1321B1724D58FEE4FBC35029.mc.3B393CF11321B1734FBCFBB6FC7F51A9	Animalia	Arthropoda	Diplopoda	Spirostreptida	Pseudonannolenidae	Pseudonannolene	Pseudonannolene albiventris		SPECIES	Pseudonannolene albiventris Schubart, 1952	Pseudonannolene albiventris Schubart 1952	Schubart 1952	BR	BRAZIL	Sao Paulo	PRESENT	6	a064f300-1bc8-41ea-9364-b864ef4e8938	-22.129297	-47.662636			665.0				1944-03-07	7	3	1944	6185997	6185997	MATERIAL_CITATION	MZSP		MZSP 1008				CC0_1_0		O. Schubart	Paratype		2025-11-08T05:37:39.172Z		GEODETIC_DATUM_ASSUMED_WGS84;CONTINENT_DERIVED_FROM_COORDINATES;TAXON_ID_NOT_FOUND;OCCURRENCE_STATUS_INFERRED_FROM_INDIVIDUAL_COUNT;COLLECTION_MATCH_NONE;INSTITUTION_MATCH_FUZZY
4101309314	1d2570da-e150-4d75-94d8-bfc5813062bc	03F887BA1371B1224D74FD91FED55297.mc.3B393CF11371B1234C23F970FEA653E6	Animalia	Arthropoda	Diplopoda	Spirostreptida	Pseudonannolenidae	Pseudonannolene	Pseudonannolene parvula		SPECIES	Pseudonannolene parvula Silvestri, 1902	Pseudonannolene parvula Silvestri 1902	Silvestri 1902	BR	Parque Nacional do Iguacu	Parana	PRESENT	1	a064f300-1bc8-41ea-9364-b864ef4e8938	-25.500435	-54.58335			195.0				2002-03-03	3	3	2002	1026412	1026412	MATERIAL_CITATION	IBSP		IBSP 1474				CC0_1_0		Equipe Biota			2025-11-08T05:37:39.151Z		GEODETIC_DATUM_ASSUMED_WGS84;CONTINENT_DERIVED_FROM_COORDINATES;TAXON_ID_NOT_FOUND;OCCURRENCE_STATUS_INFERRED_FROM_INDIVIDUAL_COUNT;COLLECTION_MATCH_NONE;INSTITUTION_MATCH_FUZZY
4101309313	1d2570da-e150-4d75-94d8-bfc5813062bc	03F887BA137CB1304EACFD5CFB445752.mc.3B393CF11363B1314DB8FD60FEA457F7	Animalia	Arthropoda	Diplopoda	Spirostreptida	Pseudonannolenidae	Pseudonannolene	Pseudonannolene sebastianus		SPECIES	Pseudonannolene sebastianus Brölemann, 1902	Pseudonannolene sebastianus Brolemann 1902	Brolemann 1902	BR	Ilha Anchieta	Sao Paulo	PRESENT	1	a064f300-1bc8-41ea-9364-b864ef4e8938	-23.550426	-45.066635			162.0				2001-07-23	23	7	2001	6186003	6186003	MATERIAL_CITATION	IBSP		IBSP 1427				CC0_1_0		Equipe Biota			2025-11-08T05:37:39.132Z		GEODETIC_DATUM_ASSUMED_WGS84;CONTINENT_DERIVED_FROM_COORDINATES;TAXON_ID_NOT_FOUND;OCCURRENCE_STATUS_INFERRED_FROM_INDIVIDUAL_COUNT;COLLECTION_MATCH_NONE;INSTITUTION_MATCH_FUZZY
4101309310	1d2570da-e150-4d75-94d8-bfc5813062bc	03F887BA1361B1354D4FF9B8FAB4500B.mc.3B393CF11360B1324FBCFD5BFBE357CA	Animalia	Arthropoda	Diplopoda	Spirostreptida	Pseudonannolenidae	Pseudonannolene	Pseudonannolene silvestris		SPECIES	Pseudonannolene silvestris Schubart, 1944	Pseudonannolene silvestris Schubart 1944	Schubart 1944	BR	BRAZIL	Sao Paulo	PRESENT	1	a064f300-1bc8-41ea-9364-b864ef4e8938	-21.930038	-47.600826			687.0				1941-03-06	6	3	1941	1026418	1026418	MATERIAL_CITATION	MZSP						CC0_1_0		O. Schubart	Paratype		2025-11-08T05:37:39.037Z		GEODETIC_DATUM_ASSUMED_WGS84;CONTINENT_DERIVED_FROM_COORDINATES;TAXON_ID_NOT_FOUND;OCCURRENCE_STATUS_INFERRED_FROM_INDIVIDUAL_COUNT;COLLECTION_MATCH_NONE;INSTITUTION_MATCH_FUZZY
4101309309	1d2570da-e150-4d75-94d8-bfc5813062bc	03F887BA1365B1394D74FA05FAEF5669.mc.3B393CF11364B1364CA7FE24FE25573B	Animalia	Arthropoda	Diplopoda	Spirostreptida	Pseudonannolenidae	Pseudonannolene	Pseudonannolene strinatii		SPECIES	Pseudonannolene strinatii Mauriès, 1974	Pseudonannolene strinatii Mauries 1974	Mauries 1974	BR	Parque Estadual Turistico do Alto Ribeira	Sao Paulo	PRESENT	1	a064f300-1bc8-41ea-9364-b864ef4e8938	-24.485867	-48.646698			570.0				1992-07		7	1992	6186013	6186013	MATERIAL_CITATION	IBSP		IBSP 7633				CC0_1_0		A. Eterovic			2025-11-08T05:37:39.010Z		GEODETIC_DATUM_ASSUMED_WGS84;CONTINENT_DERIVED_FROM_COORDINATES;TAXON_ID_NOT_FOUND;OCCURRENCE_STATUS_INFERRED_FROM_INDIVIDUAL_COUNT;COLLECTION_MATCH_NONE;INSTITUTION_MATCH_FUZZY
4101309308	1d2570da-e150-4d75-94d8-bfc5813062bc	03F887BA1367B1374EBAFAB0FAD650FC.mc.3B393CF11366B1344FEBFAC6FBBD507A	Animalia	Arthropoda	Diplopoda	Spirostreptida	Pseudonannolenidae	Pseudonannolene	Pseudonannolene spelaea		SPECIES	Pseudonannolene spelaea Iniesta & Ferreira, 2013	Pseudonannolene spelaea Iniesta & Ferreira 2013	Iniesta & Ferreira 2013	BR		Para	PRESENT	3	a064f300-1bc8-41ea-9364-b864ef4e8938	-6.039257	-50.27072											9516060	9516060	MATERIAL_CITATION	R		IBSP 7333				CC0_1_0		R. Andrade			2025-11-08T05:37:39.004Z		GEODETIC_DATUM_ASSUMED_WGS84;CONTINENT_DERIVED_FROM_COORDINATES;TAXON_ID_NOT_FOUND;OCCURRENCE_STATUS_INFERRED_FROM_INDIVIDUAL_COUNT;AMBIGUOUS_INSTITUTION
4101309307	1d2570da-e150-4d75-94d8-bfc5813062bc	03F887BA1356B1074D60FEE4FB225095.mc.3B393CF11356B1044CB6F959FE6553CD	Animalia	Arthropoda	Diplopoda	Spirostreptida	Pseudonannolenidae	Pseudonannolene	Pseudonannolene bucculenta		SPECIES	Pseudonannolene bucculenta Iniesta, Bouzan & Brescovit, 2023	Pseudonannolene bucculenta Iniesta, Bouzan, and Brescovit 2023	Iniesta, Bouzan, and Brescovit 2023	BR	Samuel de Paula	Minas Gerais	PRESENT	4	a064f300-1bc8-41ea-9364-b864ef4e8938	-20.001055	-43.871086			975.0				2006-10		10	2006	12224748	12224748	MATERIAL_CITATION	IBSP		IBSP 3423				CC0_1_0		de Paula & J. P. P. Pena-Barbosa			2025-11-08T05:37:39.006Z		GEODETIC_DATUM_ASSUMED_WGS84;CONTINENT_DERIVED_FROM_COORDINATES;TAXON_ID_NOT_FOUND;OCCURRENCE_STATUS_INFERRED_FROM_INDIVIDUAL_COUNT;COLLECTION_MATCH_NONE;INSTITUTION_MATCH_FUZZY
4101309306	1d2570da-e150-4d75-94d8-bfc5813062bc	03F887BA1376B1274D46FE33FE985351.mc.3B393CF11376B1244CF8FA77FAFF50E6	Animalia	Arthropoda	Diplopoda	Spirostreptida	Pseudonannolenidae	Pseudonannolene	Pseudonannolene paulista		SPECIES	Pseudonannolene paulista Brölemann, 1902	Pseudonannolene paulista Brolemann 1902	Brolemann 1902	BR	Estacao Ecologica de Angatuba	Sao Paulo	PRESENT	1	a064f300-1bc8-41ea-9364-b864ef4e8938	-23.415855	-48.360832			761.0				2002-11-11	11	11	2002	1026416	1026416	MATERIAL_CITATION	IBSP		IBSP 1908				CC0_1_0		Equipe Biota			2025-11-08T05:37:38.981Z		GEODETIC_DATUM_ASSUMED_WGS84;CONTINENT_DERIVED_FROM_COORDINATES;TAXON_ID_NOT_FOUND;OCCURRENCE_STATUS_INFERRED_FROM_INDIVIDUAL_COUNT;COLLECTION_MATCH_NONE;INSTITUTION_MATCH_FUZZY
4101309305	1d2570da-e150-4d75-94d8-bfc5813062bc	03F887BA135FB10F4D1DFB36FBA9576B.mc.3B393CF1135EB10C4E24FE7AFAED548F	Animalia	Arthropoda	Diplopoda	Spirostreptida	Pseudonannolenidae	Pseudonannolene	Pseudonannolene nicolau		SPECIES	Pseudonannolene nicolau Iniesta, Bouzan & Brescovit, 2023	Pseudonannolene nicolau Iniesta, Bouzan, and Brescovit 2023	Iniesta, Bouzan, and Brescovit 2023	BR	Fazenda Sao Nicolau	Mato Grosso	PRESENT	1	a064f300-1bc8-41ea-9364-b864ef4e8938	-9.902508	-58.568104			370.0				2009-12-09	9	12	2009	12263633	12263633	MATERIAL_CITATION	ABAM		ABAM 0155				CC0_1_0		D. Rodrigues			2025-11-08T05:37:38.977Z		GEODETIC_DATUM_ASSUMED_WGS84;CONTINENT_DERIVED_FROM_COORDINATES;TAXON_ID_NOT_FOUND;OCCURRENCE_STATUS_INFERRED_FROM_INDIVIDUAL_COUNT;INSTITUTION_MATCH_NONE
4101309304	1d2570da-e150-4d75-94d8-bfc5813062bc	03F887BA1321B1724D58FEE4FBC35029.mc.3B393CF11321B1734C9BF9F2FC995365	Animalia	Arthropoda	Diplopoda	Spirostreptida	Pseudonannolenidae	Pseudonannolene	Pseudonannolene albiventris		SPECIES	Pseudonannolene albiventris Schubart, 1952	Pseudonannolene albiventris Schubart 1952	Schubart 1952	BR	Centro de Citricultura Sylvio Moreira	Sao Paulo	PRESENT	5	a064f300-1bc8-41ea-9364-b864ef4e8938	-22.462172	-47.39919			737.0				1952-12		12	1952	6185997	6185997	MATERIAL_CITATION	MZSP						CC0_1_0		L. G. Lordello			2025-11-08T05:37:38.939Z		GEODETIC_DATUM_ASSUMED_WGS84;CONTINENT_DERIVED_FROM_COORDINATES;TAXON_ID_NOT_FOUND;OCCURRENCE_STATUS_INFERRED_FROM_INDIVIDUAL_COUNT;COLLECTION_MATCH_NONE;INSTITUTION_MATCH_FUZZY
4101309303	1d2570da-e150-4d75-94d8-bfc5813062bc	03F887BA1356B1074D60FEE4FB225095.mc.3B393CF11356B1044E00FB49FBAB51FE	Animalia	Arthropoda	Diplopoda	Spirostreptida	Pseudonannolenidae	Pseudonannolene	Pseudonannolene bucculenta		SPECIES	Pseudonannolene bucculenta Iniesta, Bouzan & Brescovit, 2023	Pseudonannolene bucculenta Iniesta, Bouzan, and Brescovit 2023	Iniesta, Bouzan, and Brescovit 2023	BR	Samuel de Paula	Minas Gerais	PRESENT	4	a064f300-1bc8-41ea-9364-b864ef4e8938	-20.001055	-43.871086			975.0				2006-10		10	2006	12224748	12224748	MATERIAL_CITATION	IBSP		IBSP 3359				CC0_1_0		de Paula & J. P. P. Pena-Barbosa			2025-11-08T05:37:38.910Z		GEODETIC_DATUM_ASSUMED_WGS84;CONTINENT_DERIVED_FROM_COORDINATES;TAXON_ID_NOT_FOUND;OCCURRENCE_STATUS_INFERRED_FROM_INDIVIDUAL_COUNT;COLLECTION_MATCH_NONE;INSTITUTION_MATCH_FUZZY
4068510370	dbf88686-ed4b-48fc-9ea0-c69efdcbce8f		Animalia	Arthropoda	Diplopoda	Spirostreptida	Spirostreptidae	Archispirostreptus	Archispirostreptus lobatus		SPECIES	Archispirostreptus lobatus Attems, 1901	Archispirostreptus lobatus Attems, 1901		BR	Brasilien		PRESENT		98dbab03-09e5-4ceb-988e-04f3e803decb													1025392	1025392	HUMAN_OBSERVATION	SMNG	Edaphobase	1347516.1575401				CC_BY_NC_4_0					2025-11-15T07:53:15.044Z		CONTINENT_DERIVED_FROM_COUNTRY
3967817946	c1c5ef4b-8309-4f04-9247-3f7644260c85	184320013	Animalia	Arthropoda	Diplopoda	Spirostreptida	Spirostreptidae	Sooretama			GENUS	Sooretama Schubart, 1945	Sooretama		BR		Sp	PRESENT	1	b035747d-16a4-46e1-b599-599d43e1acc9	-23.5923744	-48.0532078							1900-01-01/1900-12-01			1900	1025340		OCCURRENCE	Museu de Zoologia da Universidades de São Paulo		18432				CC_BY_NC_4_0	Public	MZUSP			2025-11-15T10:51:36.990Z		COORDINATE_REPROJECTED;TAXON_ID_NOT_FOUND
3774828052	ec2ec1ac-07b3-4555-a558-b61fd3368e78	http://id.zfmk.de/collection_ZFMK/224631561/1710768/1051097	Animalia	Arthropoda	Diplopoda	Spirostreptida					ORDER	Spirostreptida	Spirostreptida		BR	America; Brazil		PRESENT		6e1cad80-bdf5-11d8-84ea-b8a03c50a862									2015-02		2	2015	818		PRESERVED_SPECIMEN	ZFMK	MYR	ZFMK-MYR-4888				CC_BY_4_0					2025-11-05T03:14:19.568Z		CONTINENT_DERIVED_FROM_COUNTRY;TAXON_MATCH_HIGHERRANK;COLLECTION_MATCH_NONE;INSTITUTION_MATCH_FUZZY
3774828013	ec2ec1ac-07b3-4555-a558-b61fd3368e78	http://id.zfmk.de/collection_ZFMK/224624489/1703432/1043899	Animalia	Arthropoda	Diplopoda	Spirostreptida	Spirostreptidae	Plusioporus	Plusioporus salvadorii		SPECIES	Plusioporus salvadorii Silvestri, 1895	Plusioporus salvadorii Silvestri, 1895		BR	America; Brazil		PRESENT		6e1cad80-bdf5-11d8-84ea-b8a03c50a862									2010-12-14	14	12	2010	1026202	1026202	PRESERVED_SPECIMEN	ZFMK	MYR	ZFMK-MYR-2658				CC_BY_4_0					2025-11-05T03:14:19.561Z		CONTINENT_DERIVED_FROM_COUNTRY;COLLECTION_MATCH_NONE;INSTITUTION_MATCH_FUZZY
3774827953	ec2ec1ac-07b3-4555-a558-b61fd3368e78	http://id.zfmk.de/collection_ZFMK/224631556/1710763/1051092	Animalia	Arthropoda	Diplopoda	Spirostreptida					ORDER	Spirostreptida	Spirostreptida		BR	America; Brazil		PRESENT		6e1cad80-bdf5-11d8-84ea-b8a03c50a862									2014-11-28	28	11	2014	818		PRESERVED_SPECIMEN	ZFMK	MYR	ZFMK-MYR-4883				CC_BY_4_0					2025-11-05T03:14:19.535Z		CONTINENT_DERIVED_FROM_COUNTRY;TAXON_MATCH_HIGHERRANK;COLLECTION_MATCH_NONE;INSTITUTION_MATCH_FUZZY
3774827747	ec2ec1ac-07b3-4555-a558-b61fd3368e78	http://id.zfmk.de/collection_ZFMK/224624484/1703427/1043894	Animalia	Arthropoda	Diplopoda	Spirostreptida	Spirostreptidae	Plusioporus	Plusioporus salvadorii		SPECIES	Plusioporus salvadorii Silvestri, 1895	Plusioporus salvadorii Silvestri, 1895		BR	America; Brazil		PRESENT		6e1cad80-bdf5-11d8-84ea-b8a03c50a862									2010-12-14	14	12	2010	1026202	1026202	PRESERVED_SPECIMEN	ZFMK	MYR	ZFMK-MYR-2653				CC_BY_4_0					2025-11-05T03:14:19.507Z		CONTINENT_DERIVED_FROM_COUNTRY;COLLECTION_MATCH_NONE;INSTITUTION_MATCH_FUZZY
3774803287	ec2ec1ac-07b3-4555-a558-b61fd3368e78	http://id.zfmk.de/collection_ZFMK/224624490/1703433/1043900	Animalia	Arthropoda	Diplopoda	Spirostreptida	Spirostreptidae	Plusioporus	Plusioporus salvadorii		SPECIES	Plusioporus salvadorii Silvestri, 1895	Plusioporus salvadorii Silvestri, 1895		BR	America; Brazil		PRESENT		6e1cad80-bdf5-11d8-84ea-b8a03c50a862									2010-12-11	11	12	2010	1026202	1026202	PRESERVED_SPECIMEN	ZFMK	MYR	ZFMK-MYR-2659				CC_BY_4_0					2025-11-05T03:14:19.404Z		CONTINENT_DERIVED_FROM_COUNTRY;COLLECTION_MATCH_NONE;INSTITUTION_MATCH_FUZZY
3774782146	ec2ec1ac-07b3-4555-a558-b61fd3368e78	http://id.zfmk.de/collection_ZFMK/224624488/1703431/1043898	Animalia	Arthropoda	Diplopoda	Spirostreptida	Spirostreptidae	Plusioporus	Plusioporus salvadorii		SPECIES	Plusioporus salvadorii Silvestri, 1895	Plusioporus salvadorii Silvestri, 1895		BR	America; Brazil		PRESENT		6e1cad80-bdf5-11d8-84ea-b8a03c50a862									2010-12-15	15	12	2010	1026202	1026202	PRESERVED_SPECIMEN	ZFMK	MYR	ZFMK-MYR-2657				CC_BY_4_0					2025-11-05T03:14:19.094Z		CONTINENT_DERIVED_FROM_COUNTRY;COLLECTION_MATCH_NONE;INSTITUTION_MATCH_FUZZY
3774781600	ec2ec1ac-07b3-4555-a558-b61fd3368e78	http://id.zfmk.de/collection_ZFMK/224624492/1703435/1043902	Animalia	Arthropoda	Diplopoda	Spirostreptida	Spirostreptidae				FAMILY	Spirostreptidae	Trichogonodesmus		BR	America; Brazil		PRESENT		6e1cad80-bdf5-11d8-84ea-b8a03c50a862									2010-12-13	13	12	2010	7157		PRESERVED_SPECIMEN	ZFMK	MYR	ZFMK-MYR-2661				CC_BY_4_0					2025-11-05T03:14:18.863Z		CONTINENT_DERIVED_FROM_COUNTRY;TAXON_MATCH_HIGHERRANK;COLLECTION_MATCH_NONE;INSTITUTION_MATCH_FUZZY
3774781267	ec2ec1ac-07b3-4555-a558-b61fd3368e78	http://id.zfmk.de/collection_ZFMK/224624486/1703429/1043896	Animalia	Arthropoda	Diplopoda	Spirostreptida	Spirostreptidae	Plusioporus	Plusioporus salvadorii		SPECIES	Plusioporus salvadorii Silvestri, 1895	Plusioporus salvadorii Silvestri, 1895		BR	America; Brazil		PRESENT		6e1cad80-bdf5-11d8-84ea-b8a03c50a862									2010-12-17	17	12	2010	1026202	1026202	PRESERVED_SPECIMEN	ZFMK	MYR	ZFMK-MYR-2655				CC_BY_4_0					2025-11-05T03:14:18.701Z		CONTINENT_DERIVED_FROM_COUNTRY;COLLECTION_MATCH_NONE;INSTITUTION_MATCH_FUZZY
3774781096	ec2ec1ac-07b3-4555-a558-b61fd3368e78	http://id.zfmk.de/collection_ZFMK/224631558/1710765/1051094	Animalia	Arthropoda	Diplopoda	Spirostreptida					ORDER	Spirostreptida	Spirostreptida		BR	America; Brazil		PRESENT		6e1cad80-bdf5-11d8-84ea-b8a03c50a862									2014-11-28	28	11	2014	818		PRESERVED_SPECIMEN	ZFMK	MYR	ZFMK-MYR-4885				CC_BY_4_0					2025-11-05T03:14:18.610Z		CONTINENT_DERIVED_FROM_COUNTRY;TAXON_MATCH_HIGHERRANK;COLLECTION_MATCH_NONE;INSTITUTION_MATCH_FUZZY
3774778173	ec2ec1ac-07b3-4555-a558-b61fd3368e78	http://id.zfmk.de/collection_ZFMK/224624491/1703434/1043901	Animalia	Arthropoda	Diplopoda	Spirostreptida	Spirostreptidae				FAMILY	Spirostreptidae	Trichogonodesmus		BR	America; Brazil		PRESENT		6e1cad80-bdf5-11d8-84ea-b8a03c50a862									2010-12-14	14	12	2010	7157		PRESERVED_SPECIMEN	ZFMK	MYR	ZFMK-MYR-2660				CC_BY_4_0					2025-11-05T03:14:17.282Z		CONTINENT_DERIVED_FROM_COUNTRY;TAXON_MATCH_HIGHERRANK;COLLECTION_MATCH_NONE;INSTITUTION_MATCH_FUZZY
3774777885	ec2ec1ac-07b3-4555-a558-b61fd3368e78	http://id.zfmk.de/collection_ZFMK/224624482/1703425/1043892	Animalia	Arthropoda	Diplopoda	Spirostreptida	Spirostreptidae	Urostreptus	Urostreptus tampiitauensis		SPECIES	Urostreptus tampiitauensis (Schubart, 1947)	Urostreptus tapiitauensis Schubart, 1947		BR	America; Brazil		PRESENT		6e1cad80-bdf5-11d8-84ea-b8a03c50a862									2010-12-10	10	12	2010	7195803	7195803	PRESERVED_SPECIMEN	ZFMK	MYR	ZFMK-MYR-2651				CC_BY_4_0					2025-11-05T03:14:16.847Z		CONTINENT_DERIVED_FROM_COUNTRY;TAXON_MATCH_FUZZY;COLLECTION_MATCH_NONE;INSTITUTION_MATCH_FUZZY
3774777666	ec2ec1ac-07b3-4555-a558-b61fd3368e78	http://id.zfmk.de/collection_ZFMK/224624487/1703430/1043897	Animalia	Arthropoda	Diplopoda	Spirostreptida	Spirostreptidae	Urostreptus	Urostreptus tampiitauensis		SPECIES	Urostreptus tampiitauensis (Schubart, 1947)	Urostreptus tapiitauensis Schubart, 1947		BR	America; Brazil		PRESENT		6e1cad80-bdf5-11d8-84ea-b8a03c50a862									2010-12-14	14	12	2010	7195803	7195803	PRESERVED_SPECIMEN	ZFMK	MYR	ZFMK-MYR-2656				CC_BY_4_0					2025-11-05T03:14:16.397Z		CONTINENT_DERIVED_FROM_COUNTRY;TAXON_MATCH_FUZZY;COLLECTION_MATCH_NONE;INSTITUTION_MATCH_FUZZY
3761636520	110155d2-f474-4012-9209-eebf20fd9be1	G5117:animals:OTU183805	Animalia	Arthropoda	Diplopoda	Spirostreptida	Harpagophoridae				FAMILY	Harpagophoridae	Harpagophoridae		BR			PRESENT		0870a77b-587c-4369-a8ed-bc3d347b8e1c	-25.6911	-54.4308			207.0	0.0			2010/2021				2946		MATERIAL_SAMPLE							CC_BY_4_0					2025-11-04T22:09:33.862Z		GEODETIC_DATUM_ASSUMED_WGS84;COUNTRY_DERIVED_FROM_COORDINATES;CONTINENT_DERIVED_FROM_COORDINATES;TAXON_MATCH_HIGHERRANK;TAXON_ID_NOT_FOUND
3458682103	e0459621-92c2-40ac-9934-72b3b1384dc3	db61699f-4965-44f7-b1b2-8f5bcae719e1	Animalia	Arthropoda	Diplopoda	Spirostreptida	Pseudonannolenidae	Pseudonannolene	Pseudonannolene microzoporus		SPECIES	Pseudonannolene microzoporus Mauriès, 1987	Pseudonannolene microzoporus Mauriès, 1987		BR	Lapa Vermelha, Lagoa Santa	Minas Gerais	PRESENT		2e7df380-8356-4533-bcb3-5459e23c794e													1026408	1026408	PRESERVED_SPECIMEN	NHMD	EN	NHMD000050518				CC_BY_4_0			Holotype		2025-11-17T11:47:09.816Z		
3458621411	e0459621-92c2-40ac-9934-72b3b1384dc3	5e5b0ae4-1615-4396-b03d-f64b0b1a11ef	Animalia	Arthropoda	Diplopoda	Spirostreptida	Pseudonannolenidae	Epinannolene	Epinannolene paraensis		SPECIES	Epinannolene paraensis Mauriès, 1987	Epinannolene paraensis Mauriès, 1987		BR	Taperinha	Para	PRESENT		2e7df380-8356-4533-bcb3-5459e23c794e									1970-11-09	9	11	1970	1026253	1026253	PRESERVED_SPECIMEN	NHMD	EN	NHMD000050520				CC_BY_4_0		Jensen	Holotype		2025-11-17T11:47:14.526Z		
3351115821	d8cd16ba-bb74-4420-821e-083f2bac17c2	KX886824	Animalia	Arthropoda	Diplopoda	Spirostreptida	Spirostreptidae	Orthoporus	Orthoporus fuscipes		SPECIES	Orthoporus fuscipes (Porat, 1888)	Orthoporus fuscipes		BR			PRESENT		ada9d123-ddb4-467d-8891-806ea8d94230	-13.68	-40.08			368.0	0.0			2014-11-23	23	11	2014	7195696	7195696	PRESERVED_SPECIMEN			55693		Carmem Silvia Fontanetti Christofoletti		CC_BY_4_0		Julia Andrade Romao			2025-11-15T12:58:12.794Z		GEODETIC_DATUM_ASSUMED_WGS84;CONTINENT_DERIVED_FROM_COORDINATES;TAXON_CONCEPT_ID_NOT_FOUND;TAXON_ID_NOT_FOUND
3351109706	d8cd16ba-bb74-4420-821e-083f2bac17c2	KX886822	Animalia	Arthropoda	Diplopoda	Spirostreptida	Spirostreptidae	Orthoporus	Orthoporus fuscipes		SPECIES	Orthoporus fuscipes (Porat, 1888)	Orthoporus fuscipes		BR			PRESENT		ada9d123-ddb4-467d-8891-806ea8d94230	-13.68	-40.08			368.0	0.0			2014-11-23	23	11	2014	7195696	7195696	PRESERVED_SPECIMEN			55690		Carmem Silvia Fontanetti Christofoletti		CC_BY_4_0		Julia Andrade Romao			2025-11-15T12:58:15.119Z		GEODETIC_DATUM_ASSUMED_WGS84;CONTINENT_DERIVED_FROM_COORDINATES;TAXON_CONCEPT_ID_NOT_FOUND;TAXON_ID_NOT_FOUND
3351101916	d8cd16ba-bb74-4420-821e-083f2bac17c2	KX886823	Animalia	Arthropoda	Diplopoda	Spirostreptida	Spirostreptidae	Orthoporus	Orthoporus fuscipes		SPECIES	Orthoporus fuscipes (Porat, 1888)	Orthoporus fuscipes		BR			PRESENT		ada9d123-ddb4-467d-8891-806ea8d94230	-13.68	-40.08			368.0	0.0			2014-11-23	23	11	2014	7195696	7195696	PRESERVED_SPECIMEN			55691		Carmem Silvia Fontanetti Christofoletti		CC_BY_4_0		Julia Andrade Romao			2025-11-15T12:58:08.099Z		GEODETIC_DATUM_ASSUMED_WGS84;CONTINENT_DERIVED_FROM_COORDINATES;TAXON_CONCEPT_ID_NOT_FOUND;TAXON_ID_NOT_FOUND
3350978811	d8cd16ba-bb74-4420-821e-083f2bac17c2	KX886821	Animalia	Arthropoda	Diplopoda	Spirostreptida	Spirostreptidae	Orthoporus	Orthoporus fuscipes		SPECIES	Orthoporus fuscipes (Porat, 1888)	Orthoporus fuscipes		BR			PRESENT		ada9d123-ddb4-467d-8891-806ea8d94230	-13.68	-40.08			368.0	0.0			2014-11-23	23	11	2014	7195696	7195696	PRESERVED_SPECIMEN			55689		Carmem Silvia Fontanetti Christofoletti		CC_BY_4_0		Julia Andrade Romao			2025-11-15T12:58:11.937Z		GEODETIC_DATUM_ASSUMED_WGS84;CONTINENT_DERIVED_FROM_COORDINATES;TAXON_CONCEPT_ID_NOT_FOUND;TAXON_ID_NOT_FOUND
3350959943	d8cd16ba-bb74-4420-821e-083f2bac17c2	KX886820	Animalia	Arthropoda	Diplopoda	Spirostreptida	Spirostreptidae	Orthoporus	Orthoporus fuscipes		SPECIES	Orthoporus fuscipes (Porat, 1888)	Orthoporus fuscipes		BR			PRESENT		ada9d123-ddb4-467d-8891-806ea8d94230	-13.68	-40.08			368.0	0.0			2014-11-23	23	11	2014	7195696	7195696	PRESERVED_SPECIMEN			55698		Carmem Silvia Fontanetti Christofoletti		CC_BY_4_0		Julia Andrade Romao			2025-11-15T12:58:07.529Z		GEODETIC_DATUM_ASSUMED_WGS84;CONTINENT_DERIVED_FROM_COORDINATES;TAXON_CONCEPT_ID_NOT_FOUND;TAXON_ID_NOT_FOUND
3348378050	d8cd16ba-bb74-4420-821e-083f2bac17c2	KX886817	Animalia	Arthropoda	Diplopoda	Spirostreptida	Spirostreptidae	Orthoporus	Orthoporus fuscipes		SPECIES	Orthoporus fuscipes (Porat, 1888)	Orthoporus fuscipes		BR			PRESENT		ada9d123-ddb4-467d-8891-806ea8d94230	-13.68	-40.08			368.0	0.0			2014-11-23	23	11	2014	7195696	7195696	PRESERVED_SPECIMEN			55694		Carmem Silvia Fontanetti Christofoletti		CC_BY_4_0		Julia Andrade Romao			2025-11-15T12:58:04.937Z		GEODETIC_DATUM_ASSUMED_WGS84;CONTINENT_DERIVED_FROM_COORDINATES;TAXON_CONCEPT_ID_NOT_FOUND;TAXON_ID_NOT_FOUND
3348289964	d8cd16ba-bb74-4420-821e-083f2bac17c2	KX886819	Animalia	Arthropoda	Diplopoda	Spirostreptida	Spirostreptidae	Orthoporus	Orthoporus fuscipes		SPECIES	Orthoporus fuscipes (Porat, 1888)	Orthoporus fuscipes		BR			PRESENT		ada9d123-ddb4-467d-8891-806ea8d94230	-13.68	-40.08			368.0	0.0			2014-11-23	23	11	2014	7195696	7195696	PRESERVED_SPECIMEN			55697		Carmem Silvia Fontanetti Christofoletti		CC_BY_4_0		Julia Andrade Romao			2025-11-15T12:58:04.721Z		GEODETIC_DATUM_ASSUMED_WGS84;CONTINENT_DERIVED_FROM_COORDINATES;TAXON_CONCEPT_ID_NOT_FOUND;TAXON_ID_NOT_FOUND
3348270752	d8cd16ba-bb74-4420-821e-083f2bac17c2	KX886818	Animalia	Arthropoda	Diplopoda	Spirostreptida	Spirostreptidae	Orthoporus	Orthoporus fuscipes		SPECIES	Orthoporus fuscipes (Porat, 1888)	Orthoporus fuscipes		BR			PRESENT		ada9d123-ddb4-467d-8891-806ea8d94230	-13.68	-40.08			368.0	0.0			2014-11-23	23	11	2014	7195696	7195696	PRESERVED_SPECIMEN			55696		Carmem Silvia Fontanetti Christofoletti		CC_BY_4_0		Julia Andrade Romao			2025-11-15T12:58:05.155Z		GEODETIC_DATUM_ASSUMED_WGS84;CONTINENT_DERIVED_FROM_COORDINATES;TAXON_CONCEPT_ID_NOT_FOUND;TAXON_ID_NOT_FOUND
2563441497	7ef15372-1387-11e2-bb2e-00145eb45e9a		Animalia	Arthropoda	Diplopoda	Spirostreptida	Pseudonannolenidae	Pseudonannolene	Pseudonannolene sebastianus		SPECIES	Pseudonannolene sebastianus Brölemann, 1902	Pseudonannolene sebastianus		BR	Minas Gerais		PRESENT		c76cf030-2a95-11da-9cc1-b8a03c50a862													6186003	6186003	PRESERVED_SPECIMEN	SMF	Collection Myriapoda	4848				CC_BY_4_0					2025-11-11T10:56:24.190Z		CONTINENT_DERIVED_FROM_COUNTRY;COLLECTION_MATCH_NONE;INSTITUTION_MATCH_FUZZY
2561162107	7ef15372-1387-11e2-bb2e-00145eb45e9a		Animalia	Arthropoda	Diplopoda	Spirostreptida	Spirostreptidae	Plusioporus	Plusioporus salvadorii		SPECIES	Plusioporus salvadorii Silvestri, 1895	Plusioporus salvadorii		BR	Cuyaba		PRESENT		c76cf030-2a95-11da-9cc1-b8a03c50a862													1026202	1026202	PRESERVED_SPECIMEN	SMF	Collection Myriapoda	3910				CC_BY_4_0			Paratype		2025-11-11T10:56:25.945Z		CONTINENT_DERIVED_FROM_COUNTRY;RECORDED_DATE_INVALID;COLLECTION_MATCH_NONE;INSTITUTION_MATCH_FUZZY
2459989533	7ef15372-1387-11e2-bb2e-00145eb45e9a		Animalia	Arthropoda	Diplopoda	Spirostreptida	Spirostreptidae	Urostreptus	Urostreptus paxillatus		SPECIES	Urostreptus paxillatus Hoffman, 1968	Urostreptus paxillatus Hoffman 1968		BR	Fazenda Nova Orlandia, Jatai		PRESENT		c76cf030-2a95-11da-9cc1-b8a03c50a862													6186312	6186312	PRESERVED_SPECIMEN	SMF	Collection Myriapoda	4703				CC_BY_4_0			Paratype		2025-11-11T10:56:23.959Z		CONTINENT_DERIVED_FROM_COUNTRY;COLLECTION_MATCH_NONE;INSTITUTION_MATCH_FUZZY
2459989510	7ef15372-1387-11e2-bb2e-00145eb45e9a		Animalia	Arthropoda	Diplopoda	Spirostreptida	Pseudonannolenidae	Pseudonannolene	Pseudonannolene paulista		SPECIES	Pseudonannolene paulista Brölemann, 1902	Pseudonannolene paulista		BR	Gorduras		PRESENT		c76cf030-2a95-11da-9cc1-b8a03c50a862									1913-10-01	1	10	1913	1026416	1026416	PRESERVED_SPECIMEN	SMF	Collection Myriapoda	1424				CC_BY_4_0					2025-11-11T10:56:26.180Z		CONTINENT_DERIVED_FROM_COUNTRY;COLLECTION_MATCH_NONE;INSTITUTION_MATCH_FUZZY
2283502285	7d8ed137-1d30-42f1-8b78-12a4957e4690		Animalia	Arthropoda	Diplopoda	Spirostreptida	Spirostreptidae	Archispirostreptus	Archispirostreptus lobatus		SPECIES	Archispirostreptus lobatus Attems, 1901	Archispirostreptus lobatus Attems, 1901		BR			PRESENT		021121c0-f040-11d8-b22f-b8a03c50a862													1025392	1025392	PRESERVED_SPECIMEN	ZMH	Zoologisches Institut und Museum Hamburg	118359				CC_BY_4_0					2025-11-05T01:15:25.297Z		CONTINENT_DERIVED_FROM_COUNTRY;COLLECTION_MATCH_NONE;INSTITUTION_MATCH_FUZZY
2283501374	7d8ed137-1d30-42f1-8b78-12a4957e4690		Animalia	Arthropoda	Diplopoda	Spirostreptida	Spirostreptidae	Helicogonus	Helicogonus geraesius		SPECIES	Helicogonus geraesius Verhoeff, 1951	Helicogonus geraesius Verhoeff, 1951		BR			PRESENT		021121c0-f040-11d8-b22f-b8a03c50a862													4987464	4987464	PRESERVED_SPECIMEN	ZSM/Myr	Zoologische Staatssammlung München - Myriapoda	99678				CC_BY_4_0		Verhoeff, Karl Wilhelm			2025-11-05T01:15:32.121Z		CONTINENT_DERIVED_FROM_COUNTRY;INSTITUTION_MATCH_NONE
2283498357	7d8ed137-1d30-42f1-8b78-12a4957e4690		Animalia	Arthropoda	Diplopoda	Spirostreptida	Pseudonannolenidae	Pseudonannolene	Pseudonannolene sebastianus		SPECIES	Pseudonannolene sebastianus Brölemann, 1902	Pseudonannolene sebastianus (Brölemann, 1902)		BR			PRESENT		021121c0-f040-11d8-b22f-b8a03c50a862													6186003	6186003	PRESERVED_SPECIMEN	ZSM/Myr	Zoologische Staatssammlung München - Myriapoda	98128				CC_BY_4_0					2025-11-05T01:15:18.662Z		CONTINENT_DERIVED_FROM_COUNTRY;INSTITUTION_MATCH_NONE
2283496771	7d8ed137-1d30-42f1-8b78-12a4957e4690		Animalia	Arthropoda	Diplopoda	Spirostreptida	Spirostreptidae	Orthoporus	Orthoporus pseudofuscipes		SPECIES	Spirostreptus pseudo-fuscipes Brölemann, 1903	Spirostreptus pseudofuscipes Brölemann, 1903		BR			PRESENT		021121c0-f040-11d8-b22f-b8a03c50a862													1025750	7195715	PRESERVED_SPECIMEN	cited	SysTax: cited material from literature	113245				CC_BY_4_0					2025-11-05T01:15:16.968Z		CONTINENT_DERIVED_FROM_COUNTRY;TAXON_MATCH_FUZZY;INSTITUTION_MATCH_NONE
2283496538	7d8ed137-1d30-42f1-8b78-12a4957e4690		Animalia	Arthropoda	Diplopoda	Spirostreptida	Spirostreptidae	Orthoporus	Orthoporus ligulifer		SPECIES	Minasgonus ligulifer Verhoeff, 1938	Minasgonus ligulifer Verhoeff, 1938		BR			PRESENT		021121c0-f040-11d8-b22f-b8a03c50a862													11085488	7195666	PRESERVED_SPECIMEN	ZSM/Myr	Zoologische Staatssammlung München - Myriapoda	99680				CC_BY_4_0		Verhoeff, Karl Wilhelm			2025-11-05T01:14:47.068Z		CONTINENT_DERIVED_FROM_COUNTRY;INSTITUTION_MATCH_NONE
2283496406	7d8ed137-1d30-42f1-8b78-12a4957e4690		Animalia	Arthropoda	Diplopoda	Spirostreptida	Spirostreptidae	Urostreptus	Urostreptus cultratus		SPECIES	Spirostreptus cultratus Humbert & De Saussure, 1872	Spirostreptus cultratus Humbert & Saussure, 1870		BR			PRESENT		021121c0-f040-11d8-b22f-b8a03c50a862													1025979	7195813	PRESERVED_SPECIMEN	cited	SysTax: cited material from literature	118565				CC_BY_4_0					2025-11-05T01:15:24.843Z		CONTINENT_DERIVED_FROM_COUNTRY;INSTITUTION_MATCH_NONE
2283496379	7d8ed137-1d30-42f1-8b78-12a4957e4690		Animalia	Arthropoda	Diplopoda	Spirostreptida	Spirostreptidae	Orthoporus	Orthoporus ligulifer		SPECIES	Minasgonus ligulifer Verhoeff, 1938	Minasgonus ligulifer Verhoeff, 1938		BR			PRESENT		021121c0-f040-11d8-b22f-b8a03c50a862													11085488	7195666	PRESERVED_SPECIMEN	ZSM/Myr	Zoologische Staatssammlung München - Myriapoda	99699				CC_BY_4_0		Verhoeff, Karl Wilhelm			2025-11-05T01:14:47.175Z		CONTINENT_DERIVED_FROM_COUNTRY;INSTITUTION_MATCH_NONE
2283496098	7d8ed137-1d30-42f1-8b78-12a4957e4690		Animalia	Arthropoda	Diplopoda	Spirostreptida	Spirostreptidae	Urostreptus	Urostreptus robustus		SPECIES	Exospermastix robustus Verhoeff, 1951	Exospermastix robusta Verhoeff, 1951		BR			PRESENT		021121c0-f040-11d8-b22f-b8a03c50a862													1025327	7195815	PRESERVED_SPECIMEN	ZSM/Myr	Zoologische Staatssammlung München - Myriapoda	98401				CC_BY_4_0					2025-11-05T01:14:39.381Z		CONTINENT_DERIVED_FROM_COUNTRY;TAXON_MATCH_FUZZY;INSTITUTION_MATCH_NONE
2283495081	7d8ed137-1d30-42f1-8b78-12a4957e4690		Animalia	Arthropoda	Diplopoda	Spirostreptida	Spirostreptidae	Spirostreptus	Spirostreptus strangulatus		SPECIES	Spirostreptus strangulatus Humbert & De Saussure, 1870	Spirostreptus strangulatus Humbert & Saussure, 1870		BR			PRESENT		021121c0-f040-11d8-b22f-b8a03c50a862													1026038	1026038	PRESERVED_SPECIMEN	cited	SysTax: cited material from literature	118564				CC_BY_4_0					2025-11-05T01:16:37.680Z		CONTINENT_DERIVED_FROM_COUNTRY;INSTITUTION_MATCH_NONE
2283493233	7d8ed137-1d30-42f1-8b78-12a4957e4690		Animalia	Arthropoda	Diplopoda	Spirostreptida	Spirostreptidae	Helicogonus	Helicogonus geraesius		SPECIES	Helicogonus geraesius Verhoeff, 1951	Helicogonus geraesius Verhoeff, 1951		BR			PRESENT		021121c0-f040-11d8-b22f-b8a03c50a862													4987464	4987464	PRESERVED_SPECIMEN	ZSM/Myr	Zoologische Staatssammlung München - Myriapoda	99679				CC_BY_4_0		Verhoeff, Karl Wilhelm			2025-11-05T01:14:26.608Z		CONTINENT_DERIVED_FROM_COUNTRY;INSTITUTION_MATCH_NONE
2283493040	7d8ed137-1d30-42f1-8b78-12a4957e4690		Animalia	Arthropoda	Diplopoda	Spirostreptida	Spirostreptidae	Spirostreptus	Spirostreptus cinctus		SPECIES	Spirostreptus cinctus Humbert & De Saussure, 1870	Spirostreptus cinctus Humbert & Saussure, 1870		BR			PRESENT		021121c0-f040-11d8-b22f-b8a03c50a862													1025788	1025788	PRESERVED_SPECIMEN	cited	SysTax: cited material from literature	118563				CC_BY_4_0					2025-11-05T01:15:40.334Z		CONTINENT_DERIVED_FROM_COUNTRY;INSTITUTION_MATCH_NONE
2283492388	7d8ed137-1d30-42f1-8b78-12a4957e4690		Animalia	Arthropoda	Diplopoda	Spirostreptida	Spirostreptidae	Spirostreptus	Spirostreptus consobrinus		SPECIES	Spirostreptus consobrinus Humbert & De Saussure, 1870	Spirostreptus consobrinus Humbert & Saussure, 1870		BR			PRESENT		021121c0-f040-11d8-b22f-b8a03c50a862													1025708	1025708	PRESERVED_SPECIMEN	cited	SysTax: cited material from literature	118562				CC_BY_4_0					2025-11-05T01:15:25.013Z		CONTINENT_DERIVED_FROM_COUNTRY;INSTITUTION_MATCH_NONE
2283490962	7d8ed137-1d30-42f1-8b78-12a4957e4690		Animalia	Arthropoda	Diplopoda	Spirostreptida	Spirostreptidae	Spirostreptus	Spirostreptus caicarae		SPECIES	Spirostreptus caicarae Humbert & De Saussure, 1870	Spirostreptus caicarae Humbert & Saussure, 1870		BR			PRESENT		021121c0-f040-11d8-b22f-b8a03c50a862													1025908	1025908	PRESERVED_SPECIMEN	cited	SysTax: cited material from literature	118561				CC_BY_4_0					2025-11-05T01:16:41.558Z		CONTINENT_DERIVED_FROM_COUNTRY;INSTITUTION_MATCH_NONE
2283490575	7d8ed137-1d30-42f1-8b78-12a4957e4690		Animalia	Arthropoda	Diplopoda	Spirostreptida	Spirostreptidae	Spirostreptus	Spirostreptus acutus		SPECIES	Spirostreptus acutus Humbert & De Saussure, 1870	Spirostreptus acutus Humbert & Saussure, 1870		BR			PRESENT		021121c0-f040-11d8-b22f-b8a03c50a862													1025694	1025694	PRESERVED_SPECIMEN	cited	SysTax: cited material from literature	118570				CC_BY_4_0					2025-11-05T01:16:41.615Z		CONTINENT_DERIVED_FROM_COUNTRY;INSTITUTION_MATCH_NONE
2283490149	7d8ed137-1d30-42f1-8b78-12a4957e4690		Animalia	Arthropoda	Diplopoda	Spirostreptida	Spirostreptidae	Helicogonus	Helicogonus geraesius		SPECIES	Helicogonus geraesius Verhoeff, 1951	Helicogonus geraesius Verhoeff, 1951		BR			PRESENT		021121c0-f040-11d8-b22f-b8a03c50a862													4987464	4987464	PRESERVED_SPECIMEN	ZSM/Myr	Zoologische Staatssammlung München - Myriapoda	99677				CC_BY_4_0		Verhoeff, Karl Wilhelm			2025-11-05T01:15:21.052Z		CONTINENT_DERIVED_FROM_COUNTRY;INSTITUTION_MATCH_NONE
2283481137	7d8ed137-1d30-42f1-8b78-12a4957e4690		Animalia	Arthropoda	Diplopoda	Spirostreptida	Pseudonannolenidae	Pseudonannolene	Pseudonannolene sebastianus		SPECIES	Pseudonannolene sebastianus Brölemann, 1902	Pseudonannolene sebastianus (Brölemann, 1902)		BR			PRESENT		021121c0-f040-11d8-b22f-b8a03c50a862													6186003	6186003	PRESERVED_SPECIMEN	ZSM/Myr	Zoologische Staatssammlung München - Myriapoda	98251				CC_BY_4_0					2025-11-05T01:14:14.747Z		CONTINENT_DERIVED_FROM_COUNTRY;INSTITUTION_MATCH_NONE
2283481042	7d8ed137-1d30-42f1-8b78-12a4957e4690		Animalia	Arthropoda	Diplopoda	Spirostreptida	Spirostreptidae	Gymnostreptus	Gymnostreptus claviger		SPECIES	Gymnostreptus claviger Verhoeff, 1943	Gymnostreptus claviger Verhoeff, 1943		BR			PRESENT		021121c0-f040-11d8-b22f-b8a03c50a862													1025215	1025215	PRESERVED_SPECIMEN	ZSM/Myr	Zoologische Staatssammlung München - Myriapoda	99674				CC_BY_4_0		Verhoeff, Karl Wilhelm			2025-11-05T01:14:26.552Z		CONTINENT_DERIVED_FROM_COUNTRY;INSTITUTION_MATCH_NONE
2283480246	7d8ed137-1d30-42f1-8b78-12a4957e4690		Animalia	Arthropoda	Diplopoda	Spirostreptida	Pseudonannolenidae	Pseudonannolene	Pseudonannolene longicornis		SPECIES	Pseudonannolene longicornis (Porat, 1888)	Pseudonannolene longicornis (Porat, 1888)		BR			PRESENT		021121c0-f040-11d8-b22f-b8a03c50a862													1026402	1026402	PRESERVED_SPECIMEN	MNHNP	Muséum National d'Histoire Naturelle Paris	115319				CC_BY_4_0					2025-11-05T01:14:46.220Z		CONTINENT_DERIVED_FROM_COUNTRY;COLLECTION_MATCH_NONE;INSTITUTION_MATCH_FUZZY
2283479156	7d8ed137-1d30-42f1-8b78-12a4957e4690		Animalia	Arthropoda	Diplopoda	Spirostreptida	Spirostreptidae	Orthoporus	Orthoporus cluniculus		SPECIES	Spirostreptus cluniculus Humbert & De Saussure, 1870	Spirostreptus cluniculus Humbert & Saussure, 1870		BR			PRESENT		021121c0-f040-11d8-b22f-b8a03c50a862													1025825	1025615	PRESERVED_SPECIMEN	cited	SysTax: cited material from literature	118560				CC_BY_4_0					2025-11-05T01:15:24.807Z		CONTINENT_DERIVED_FROM_COUNTRY;INSTITUTION_MATCH_NONE
2283478092	7d8ed137-1d30-42f1-8b78-12a4957e4690		Animalia	Arthropoda	Diplopoda	Spirostreptida	Pseudonannolenidae	Pseudonannolene	Pseudonannolene sebastianus		SPECIES	Pseudonannolene sebastianus Brölemann, 1902	Pseudonannolene sebastianus (Brölemann, 1902)		BR			PRESENT		021121c0-f040-11d8-b22f-b8a03c50a862													6186003	6186003	PRESERVED_SPECIMEN	ZSM/Myr	Zoologische Staatssammlung München - Myriapoda	103099				CC_BY_4_0					2025-11-05T01:15:03.467Z		CONTINENT_DERIVED_FROM_COUNTRY;INSTITUTION_MATCH_NONE
2283477924	7d8ed137-1d30-42f1-8b78-12a4957e4690		Animalia	Arthropoda	Diplopoda	Spirostreptida	Pseudonannolenidae	Pseudonannolene	Pseudonannolene sebastianus		SPECIES	Pseudonannolene sebastianus Brölemann, 1902	Pseudonannolene sebastianus (Brölemann, 1902)		BR			PRESENT		021121c0-f040-11d8-b22f-b8a03c50a862													6186003	6186003	PRESERVED_SPECIMEN	ZSM/Myr	Zoologische Staatssammlung München - Myriapoda	97845				CC_BY_4_0					2025-11-05T01:15:18.135Z		CONTINENT_DERIVED_FROM_COUNTRY;INSTITUTION_MATCH_NONE
2283477900	7d8ed137-1d30-42f1-8b78-12a4957e4690		Animalia	Arthropoda	Diplopoda	Spirostreptida	Pseudonannolenidae	Pseudonannolene	Pseudonannolene sebastianus		SPECIES	Pseudonannolene sebastianus Brölemann, 1902	Pseudonannolene sebastianus (Brölemann, 1902)		BR			PRESENT		021121c0-f040-11d8-b22f-b8a03c50a862													6186003	6186003	PRESERVED_SPECIMEN	ZSM/Myr	Zoologische Staatssammlung München - Myriapoda	103366				CC_BY_4_0					2025-11-05T01:15:35.430Z		CONTINENT_DERIVED_FROM_COUNTRY;INSTITUTION_MATCH_NONE
2283477781	7d8ed137-1d30-42f1-8b78-12a4957e4690		Animalia	Arthropoda	Diplopoda	Spirostreptida	Spirostreptidae	Gymnostreptus	Gymnostreptus claviger		SPECIES	Gymnostreptus claviger Verhoeff, 1943	Gymnostreptus claviger Verhoeff, 1943		BR			PRESENT		021121c0-f040-11d8-b22f-b8a03c50a862													1025215	1025215	PRESERVED_SPECIMEN	ZSM/Myr	Zoologische Staatssammlung München - Myriapoda	99672				CC_BY_4_0		Verhoeff, Karl Wilhelm			2025-11-05T01:15:21.051Z		CONTINENT_DERIVED_FROM_COUNTRY;INSTITUTION_MATCH_NONE
2283477467	7d8ed137-1d30-42f1-8b78-12a4957e4690		Animalia	Arthropoda	Diplopoda	Spirostreptida	Spirostreptidae	Spirostreptus	Spirostreptus teres		SPECIES	Spirostreptus teres Humbert & De Saussure, 1870	Spirostreptus teres Humbert & Saussure, 1870		BR			PRESENT		021121c0-f040-11d8-b22f-b8a03c50a862													1025988	1025988	PRESERVED_SPECIMEN	cited	SysTax: cited material from literature	118566				CC_BY_4_0					2025-11-05T01:16:41.582Z		CONTINENT_DERIVED_FROM_COUNTRY;INSTITUTION_MATCH_NONE
2283477162	7d8ed137-1d30-42f1-8b78-12a4957e4690		Animalia	Arthropoda	Diplopoda	Spirostreptida	Pseudonannolenidae	Pseudonannolene	Pseudonannolene sebastianus		SPECIES	Pseudonannolene sebastianus Brölemann, 1902	Pseudonannolene sebastianus (Brölemann, 1902)		BR			PRESENT		021121c0-f040-11d8-b22f-b8a03c50a862													6186003	6186003	PRESERVED_SPECIMEN	ZSM/Myr	Zoologische Staatssammlung München - Myriapoda	97962				CC_BY_4_0					2025-11-05T01:15:18.410Z		CONTINENT_DERIVED_FROM_COUNTRY;INSTITUTION_MATCH_NONE
2283476723	7d8ed137-1d30-42f1-8b78-12a4957e4690		Animalia	Arthropoda	Diplopoda	Spirostreptida	Pseudonannolenidae	Pseudonannolene	Pseudonannolene parvula		SPECIES	Pseudonannolene parvula Silvestri, 1902	Pseudonannolene parvula Silvestri, 1902		BR			PRESENT		021121c0-f040-11d8-b22f-b8a03c50a862													1026412	1026412	PRESERVED_SPECIMEN	cited	SysTax: cited material from literature	117308				CC_BY_4_0					2025-11-05T01:16:35.962Z		CONTINENT_DERIVED_FROM_COUNTRY;INSTITUTION_MATCH_NONE
2283476464	7d8ed137-1d30-42f1-8b78-12a4957e4690		Animalia	Arthropoda	Diplopoda	Spirostreptida	Spirostreptidae	Spirostreptus	Spirostreptus macrourus		SPECIES	Spirostreptus macrourus Humbert & De Saussure, 1870	Spirostreptus macrourus Humbert & Saussure, 1870		BR			PRESENT		021121c0-f040-11d8-b22f-b8a03c50a862													1025830	1025830	PRESERVED_SPECIMEN	cited	SysTax: cited material from literature	118569				CC_BY_4_0					2025-11-05T01:16:37.711Z		CONTINENT_DERIVED_FROM_COUNTRY;INSTITUTION_MATCH_NONE
2283475438	7d8ed137-1d30-42f1-8b78-12a4957e4690		Animalia	Arthropoda	Diplopoda	Spirostreptida	Spirostreptidae	Spirostreptus	Spirostreptus laticaudatus		SPECIES	Spirostreptus laticaudatus Humbert & De Saussure, 1870	Spirostreptus laticaudatus Humbert & Saussure, 1870		BR			PRESENT		021121c0-f040-11d8-b22f-b8a03c50a862													1025904	1025904	PRESERVED_SPECIMEN	cited	SysTax: cited material from literature	118567				CC_BY_4_0					2025-11-05T01:15:25.057Z		CONTINENT_DERIVED_FROM_COUNTRY;INSTITUTION_MATCH_NONE
2283475176	7d8ed137-1d30-42f1-8b78-12a4957e4690		Animalia	Arthropoda	Diplopoda	Spirostreptida	Spirostreptidae	Gymnostreptus	Gymnostreptus claviger		SPECIES	Gymnostreptus claviger Verhoeff, 1943	Gymnostreptus claviger Verhoeff, 1943		BR			PRESENT		021121c0-f040-11d8-b22f-b8a03c50a862													1025215	1025215	PRESERVED_SPECIMEN	ZSM/Myr	Zoologische Staatssammlung München - Myriapoda	99673				CC_BY_4_0		Verhoeff, Karl Wilhelm			2025-11-05T01:15:32.120Z		CONTINENT_DERIVED_FROM_COUNTRY;INSTITUTION_MATCH_NONE
2283474292	7d8ed137-1d30-42f1-8b78-12a4957e4690		Animalia	Arthropoda	Diplopoda	Spirostreptida	Spirostreptidae	Brasilostreptus	Brasilostreptus gracilis		SPECIES	Brasilostreptus gracilis Verhoeff, 1938	Brasilostreptus gracilis Verhoeff, 1938		BR			PRESENT		021121c0-f040-11d8-b22f-b8a03c50a862													1025675	1025675	PRESERVED_SPECIMEN	ZSM/Myr	Zoologische Staatssammlung München - Myriapoda	117923				CC_BY_4_0					2025-11-05T01:15:26.209Z		CONTINENT_DERIVED_FROM_COUNTRY;INSTITUTION_MATCH_NONE
2274785307	717b3b87-0ebd-46b4-812b-4a29786798d9	urn:catalog:UMZC:Vertebrates:I.49305	Animalia	Arthropoda	Diplopoda	Spirostreptida	Spirostreptidae	Heteropyge	Heteropyge paraguayensis		SPECIES	Heteropyge paraguayensis (Silvestri, 1895)	Heteropyge paraguagensis		BR	Itaisi; Cuyaba [Matto Grosso]		PRESENT	1	d9ccac00-9bc7-11de-a329-b8a03c50a862									1900-08		8	1900	4987443	4987443	PRESERVED_SPECIMEN	UMZC	Vertebrates	I.49305				CC_BY_4_0			Paratype	native	2025-11-04T22:39:40.676Z		TAXON_MATCH_FUZZY;INSTITUTION_MATCH_FUZZY;INSTITUTION_COLLECTION_MISMATCH
2274734365	717b3b87-0ebd-46b4-812b-4a29786798d9	urn:catalog:UMZC:Vertebrates:I.49615	Animalia	Arthropoda	Diplopoda	Spirostreptida	Pseudonannolenidae	Pseudonannolene	Pseudonannolene typica		SPECIES	Pseudonannolene typica Silvestri, 1895	Pseudonannolene typica		BR	Bella Vista; Alto Parana		PRESENT	1	d9ccac00-9bc7-11de-a329-b8a03c50a862									1900-07-29	29	7	1900	1026409	1026409	PRESERVED_SPECIMEN	UMZC	Vertebrates	I.49615				CC_BY_4_0			Paratype	native	2025-11-04T22:40:33.345Z		INSTITUTION_MATCH_FUZZY;INSTITUTION_COLLECTION_MISMATCH
2274730941	717b3b87-0ebd-46b4-812b-4a29786798d9	urn:catalog:UMZC:Vertebrates:I.49470	Animalia	Arthropoda	Diplopoda	Spirostreptida	Spirostreptidae	Trichogonostreptus	Trichogonostreptus mattogrossensis		SPECIES	Nanostreptus mattogrossensis Silvestri, 1902	Nanostreptus mattogrossensus		BR	Curumba; (Malto Groseo) [Cuyaba; Matto Grosso]		PRESENT	1	d9ccac00-9bc7-11de-a329-b8a03c50a862									1900-08		8	1900	1026153	6186249	PRESERVED_SPECIMEN	UMZC	Vertebrates	I.49470				CC_BY_4_0			Syntype	native	2025-11-04T22:39:32.780Z		TAXON_MATCH_FUZZY;INSTITUTION_MATCH_FUZZY;INSTITUTION_COLLECTION_MISMATCH
2265627987	7ef15372-1387-11e2-bb2e-00145eb45e9a		Animalia	Arthropoda	Diplopoda	Spirostreptida	Spirostreptidae	Trichogonostreptus	Trichogonostreptus mattogrossensis		SPECIES	Nanostreptus mattogrossensis Silvestri, 1902	Nanostreptus mattogrossensis		BR	Corumbá		PRESENT		c76cf030-2a95-11da-9cc1-b8a03c50a862									1900-08		8	1900	1026153	6186249	PRESERVED_SPECIMEN	SMF	Collection Myriapoda	3911				CC_BY_4_0			Type		2025-11-11T10:56:25.958Z		CONTINENT_DERIVED_FROM_COUNTRY;COLLECTION_MATCH_NONE;INSTITUTION_MATCH_FUZZY
2265627986	7ef15372-1387-11e2-bb2e-00145eb45e9a		Animalia	Arthropoda	Diplopoda	Spirostreptida	Spirostreptidae	Trichogonostreptus	Trichogonostreptus mattogrossensis		SPECIES	Nanostreptus mattogrossensis Silvestri, 1902	Nanostreptus mattogrossensis		BR	Cuiaba		PRESENT		c76cf030-2a95-11da-9cc1-b8a03c50a862													1026153	6186249	PRESERVED_SPECIMEN	SMF	Collection Myriapoda	1685				CC_BY_4_0					2025-11-11T10:56:26.713Z		CONTINENT_DERIVED_FROM_COUNTRY;COLLECTION_MATCH_NONE;INSTITUTION_MATCH_FUZZY
2249235104	040c5662-da76-4782-a48e-cdea1892d14c	GBA30163-19	Animalia	Arthropoda	Diplopoda	Spirostreptida	Spirostreptidae	Orthoporus	Orthoporus fuscipes		UNRANKED	BOLD:ADX6213	BOLD:ADX6213		BR			PRESENT		b3bf3a83-1f68-4541-a03f-330d30d567f5	-13.68	-40.08							2014-11-23	23	11	2014	10758435	7195696	MATERIAL_SAMPLE	Mined from GenBank, NCBI		55690				CC_BY_4_0					2025-11-04T15:25:05.047Z		GEODETIC_DATUM_ASSUMED_WGS84;COUNTRY_DERIVED_FROM_COORDINATES;CONTINENT_DERIVED_FROM_COORDINATES;TAXON_CONCEPT_ID_NOT_FOUND;TAXON_ID_NOT_FOUND;INSTITUTION_MATCH_NONE
2249233956	040c5662-da76-4782-a48e-cdea1892d14c	GBA30161-19	Animalia	Arthropoda	Diplopoda	Spirostreptida	Spirostreptidae	Orthoporus	Orthoporus fuscipes		SPECIES	Orthoporus fuscipes (Porat, 1888)	Orthoporus fuscipes		BR			PRESENT		b3bf3a83-1f68-4541-a03f-330d30d567f5	-13.68	-40.08							2014-11-23	23	11	2014	7195696	7195696	MATERIAL_SAMPLE	Mined from GenBank, NCBI		55693				CC_BY_4_0					2025-11-04T15:24:52.789Z		GEODETIC_DATUM_ASSUMED_WGS84;COUNTRY_DERIVED_FROM_COORDINATES;CONTINENT_DERIVED_FROM_COORDINATES;INSTITUTION_MATCH_NONE
2249233337	040c5662-da76-4782-a48e-cdea1892d14c	GBA30160-19	Animalia	Arthropoda	Diplopoda	Spirostreptida	Spirostreptidae	Orthoporus	Orthoporus fuscipes		UNRANKED	BOLD:ADX6213	BOLD:ADX6213		BR			PRESENT		b3bf3a83-1f68-4541-a03f-330d30d567f5	-13.68	-40.08							2014-11-23	23	11	2014	10758435	7195696	MATERIAL_SAMPLE	Mined from GenBank, NCBI		55694				CC_BY_4_0					2025-11-04T15:25:38.499Z		GEODETIC_DATUM_ASSUMED_WGS84;COUNTRY_DERIVED_FROM_COORDINATES;CONTINENT_DERIVED_FROM_COORDINATES;TAXON_CONCEPT_ID_NOT_FOUND;TAXON_ID_NOT_FOUND;INSTITUTION_MATCH_NONE
2249233273	040c5662-da76-4782-a48e-cdea1892d14c	GBA30157-19	Animalia	Arthropoda	Diplopoda	Spirostreptida	Spirostreptidae	Orthoporus	Orthoporus fuscipes		UNRANKED	BOLD:ADX6213	BOLD:ADX6213		BR			PRESENT		b3bf3a83-1f68-4541-a03f-330d30d567f5	-13.68	-40.08							2014-11-23	23	11	2014	10758435	7195696	MATERIAL_SAMPLE	Mined from GenBank, NCBI		55698				CC_BY_4_0					2025-11-04T15:21:48.183Z		GEODETIC_DATUM_ASSUMED_WGS84;COUNTRY_DERIVED_FROM_COORDINATES;CONTINENT_DERIVED_FROM_COORDINATES;TAXON_CONCEPT_ID_NOT_FOUND;TAXON_ID_NOT_FOUND;INSTITUTION_MATCH_NONE
2249233123	040c5662-da76-4782-a48e-cdea1892d14c	GBA30159-19	Animalia	Arthropoda	Diplopoda	Spirostreptida	Spirostreptidae	Orthoporus	Orthoporus fuscipes		UNRANKED	BOLD:ADX6213	BOLD:ADX6213		BR			PRESENT		b3bf3a83-1f68-4541-a03f-330d30d567f5	-13.68	-40.08							2014-11-23	23	11	2014	10758435	7195696	MATERIAL_SAMPLE	Mined from GenBank, NCBI		55696				CC_BY_4_0					2025-11-04T15:00:48.444Z		GEODETIC_DATUM_ASSUMED_WGS84;COUNTRY_DERIVED_FROM_COORDINATES;CONTINENT_DERIVED_FROM_COORDINATES;TAXON_CONCEPT_ID_NOT_FOUND;TAXON_ID_NOT_FOUND;INSTITUTION_MATCH_NONE
2249232405	040c5662-da76-4782-a48e-cdea1892d14c	GBA30162-19	Animalia	Arthropoda	Diplopoda	Spirostreptida	Spirostreptidae	Orthoporus	Orthoporus fuscipes		UNRANKED	BOLD:ADX6213	BOLD:ADX6213		BR			PRESENT		b3bf3a83-1f68-4541-a03f-330d30d567f5	-13.68	-40.08							2014-11-23	23	11	2014	10758435	7195696	MATERIAL_SAMPLE	Mined from GenBank, NCBI		55691				CC_BY_4_0					2025-11-04T15:17:50.830Z		GEODETIC_DATUM_ASSUMED_WGS84;COUNTRY_DERIVED_FROM_COORDINATES;CONTINENT_DERIVED_FROM_COORDINATES;TAXON_CONCEPT_ID_NOT_FOUND;TAXON_ID_NOT_FOUND;INSTITUTION_MATCH_NONE
2249232328	040c5662-da76-4782-a48e-cdea1892d14c	GBA30158-19	Animalia	Arthropoda	Diplopoda	Spirostreptida	Spirostreptidae	Orthoporus	Orthoporus fuscipes		SPECIES	Orthoporus fuscipes (Porat, 1888)	Orthoporus fuscipes		BR			PRESENT		b3bf3a83-1f68-4541-a03f-330d30d567f5	-13.68	-40.08							2014-11-23	23	11	2014	7195696	7195696	MATERIAL_SAMPLE	Mined from GenBank, NCBI		55697				CC_BY_4_0					2025-11-04T15:24:48.196Z		GEODETIC_DATUM_ASSUMED_WGS84;COUNTRY_DERIVED_FROM_COORDINATES;CONTINENT_DERIVED_FROM_COORDINATES;INSTITUTION_MATCH_NONE
2249232182	040c5662-da76-4782-a48e-cdea1892d14c	GBA30164-19	Animalia	Arthropoda	Diplopoda	Spirostreptida	Spirostreptidae	Orthoporus	Orthoporus fuscipes		UNRANKED	BOLD:ADX6213	BOLD:ADX6213		BR			PRESENT		b3bf3a83-1f68-4541-a03f-330d30d567f5	-13.68	-40.08							2014-11-23	23	11	2014	10758435	7195696	MATERIAL_SAMPLE	Mined from GenBank, NCBI		55689				CC_BY_4_0					2025-11-04T14:57:55.103Z		GEODETIC_DATUM_ASSUMED_WGS84;COUNTRY_DERIVED_FROM_COORDINATES;CONTINENT_DERIVED_FROM_COORDINATES;TAXON_CONCEPT_ID_NOT_FOUND;TAXON_ID_NOT_FOUND;INSTITUTION_MATCH_NONE
2237798102	7ef15372-1387-11e2-bb2e-00145eb45e9a		Animalia	Arthropoda	Diplopoda	Spirostreptida	Pseudonannolenidae	Pseudonannolene	Pseudonannolene maritima		SPECIES	Pseudonannolene maritima Schubart, 1949	Pseudonannolene maritima Schubart 1949		BR	Ilha da Queimada Pequena		PRESENT		c76cf030-2a95-11da-9cc1-b8a03c50a862									1954-11-25	25	11	1954	6186005	6186005	PRESERVED_SPECIMEN	SMF	Collection Myriapoda	2562				CC_BY_4_0			Type		2025-11-11T10:56:25.331Z		CONTINENT_DERIVED_FROM_COUNTRY;COLLECTION_MATCH_NONE;INSTITUTION_MATCH_FUZZY
1839289899	7ef15372-1387-11e2-bb2e-00145eb45e9a		Animalia	Arthropoda	Diplopoda	Spirostreptida	Spirostreptidae	Nanostreptus	Nanostreptus libertinus		SPECIES	Nanostreptus libertinus (Silvestri, 1895)	Nanostreptus libertinus		BR	Corumba		PRESENT		c76cf030-2a95-11da-9cc1-b8a03c50a862													1026158	1026158	PRESERVED_SPECIMEN	SMF	Collection Myriapoda	3913				CC_BY_4_0					2025-11-11T10:56:25.940Z		CONTINENT_DERIVED_FROM_COUNTRY;RECORDED_DATE_INVALID;COLLECTION_MATCH_NONE;INSTITUTION_MATCH_FUZZY
1839289872	7ef15372-1387-11e2-bb2e-00145eb45e9a		Animalia	Arthropoda	Diplopoda	Spirostreptida	Spirostreptidae	Hemigymnostreptus	Hemigymnostreptus laevigatus		SPECIES	Hemigymnostreptus laevigatus Schubart, 1950	Hemigymnostreptus laevigatus		BR	Orlandia		PRESENT		c76cf030-2a95-11da-9cc1-b8a03c50a862													1025429	1025429	PRESERVED_SPECIMEN	SMF	Collection Myriapoda	4704				CC_BY_4_0					2025-11-11T10:56:23.934Z		CONTINENT_DERIVED_FROM_COUNTRY;RECORDED_DATE_INVALID;COLLECTION_MATCH_NONE;INSTITUTION_MATCH_FUZZY
1807217389	7ef15372-1387-11e2-bb2e-00145eb45e9a		Animalia	Arthropoda	Diplopoda	Spirostreptida	Spirostreptidae	Plusioporus	Plusioporus gigliotosi		SPECIES	Plusioporus gigliotosi Silvestri, 1902	Plusioporus gigliotosi		BR	Corumbá: Urucúm		PRESENT		c76cf030-2a95-11da-9cc1-b8a03c50a862									1899			1899	1026199	1026199	PRESERVED_SPECIMEN	SMF	Collection Myriapoda	3904				CC_BY_4_0			Syntype		2025-11-11T10:56:26.010Z		CONTINENT_DERIVED_FROM_COUNTRY;COLLECTION_MATCH_NONE;INSTITUTION_MATCH_FUZZY
1451081875	7ef15372-1387-11e2-bb2e-00145eb45e9a		Animalia	Arthropoda	Diplopoda	Spirostreptida	Spirostreptidae	Microtrullius	Microtrullius biramus		SPECIES	Microtrullius biramus Attems, 1943	Microtrullius biramus		BR	Theresopolis		PRESENT		c76cf030-2a95-11da-9cc1-b8a03c50a862													1025471	1025471	PRESERVED_SPECIMEN	SMF	Collection Myriapoda	1407-a-b				CC_BY_4_0			Holotype		2025-11-11T10:56:26.999Z		CONTINENT_DERIVED_FROM_COUNTRY;COLLECTION_MATCH_NONE;INSTITUTION_MATCH_FUZZY
1322007882	821cc27a-e3bb-4bc5-ac34-89ada245069d	http://n2t.net/ark:/65665/3d4992061-14f3-49ef-9edc-3c8e3a4b5cad	Animalia	Arthropoda	Diplopoda	Spirostreptida	Spirostreptidae	Plusioporus			GENUS	Plusioporus Silvestri, 1895	Plusioporus figliotosi	Silvestri	BR	Uerucieru; (Corumba) probably	Mato Grosso	PRESENT	1	bc092ff0-02e4-11dc-991f-b8a03c50a862									1900-09		9	1900	1026196		PRESERVED_SPECIMEN	USNM	ENT					CC0_1_0		F. Silvestri	Syntype		2025-11-04T16:12:35.481Z		CONTINENT_DERIVED_FROM_COUNTRY;TAXON_MATCH_HIGHERRANK;OCCURRENCE_STATUS_INFERRED_FROM_INDIVIDUAL_COUNT
1321292869	821cc27a-e3bb-4bc5-ac34-89ada245069d	http://n2t.net/ark:/65665/3b4e5d592-7515-4ab1-b9c8-9f8aca72c9de	Animalia	Arthropoda	Diplopoda	Spirostreptida	Pseudonannolenidae	Pseudonannolene	Pseudonannolene typica		SPECIES	Pseudonannolene typica Silvestri, 1895	Pseudonannolene typica	Silvestri	BR	Bella Vista	Parana	PRESENT	1	bc092ff0-02e4-11dc-991f-b8a03c50a862									1900-07-29	29	7	1900	1026409	1026409	PRESERVED_SPECIMEN	USNM	ENT					CC0_1_0		F. Silvestri	Paratype		2025-11-04T15:55:07.332Z		CONTINENT_DERIVED_FROM_COUNTRY;OCCURRENCE_STATUS_INFERRED_FROM_INDIVIDUAL_COUNT
1321032289	821cc27a-e3bb-4bc5-ac34-89ada245069d	http://n2t.net/ark:/65665/3a9621718-37d5-4b3a-bf85-f0218935ffbb	Animalia	Arthropoda	Diplopoda	Spirostreptida	Pseudonannolenidae	Pseudonannolene	Pseudonannolene parvula		SPECIES	Pseudonannolene parvula Silvestri, 1902	Pseudonannolene parvula	Silvestri	BR	Bella Vista; (alto Parana, Brasile)	[Not Stated]	PRESENT	1	bc092ff0-02e4-11dc-991f-b8a03c50a862									1900-07-08	8	7	1900	1026412	1026412	PRESERVED_SPECIMEN	USNM	ENT					CC0_1_0		F. Silvestri	Syntype		2025-11-04T15:58:06.512Z		CONTINENT_DERIVED_FROM_COUNTRY;OCCURRENCE_STATUS_INFERRED_FROM_INDIVIDUAL_COUNT
1319543185	821cc27a-e3bb-4bc5-ac34-89ada245069d	http://n2t.net/ark:/65665/36786fcb4-e6c0-4bea-9d98-fc9b7b026a37	Animalia	Arthropoda	Diplopoda	Spirostreptida	Pseudonannolenidae	Pseudonannolene	Pseudonannolene brevis		SPECIES	Pseudonannolene brevis Silvestri, 1902	Pseudonannolene brevis	Silvestri	BR	Urucum; (Corumba, Matto Grosso)	Mato Grosso	PRESENT	1	bc092ff0-02e4-11dc-991f-b8a03c50a862									1900-09-20	20	9	1900	1026414	1026414	PRESERVED_SPECIMEN	USNM	ENT					CC0_1_0		F. Silvestri	Syntype		2025-11-04T16:17:55.993Z		CONTINENT_DERIVED_FROM_COUNTRY;OCCURRENCE_STATUS_INFERRED_FROM_INDIVIDUAL_COUNT
1318905080	821cc27a-e3bb-4bc5-ac34-89ada245069d	http://n2t.net/ark:/65665/34b4a830e-017e-4fd0-995b-7ae5e4882437	Animalia	Arthropoda	Diplopoda	Spirostreptida	Spirostreptidae	Nanostreptus	Nanostreptus libertinus		SPECIES	Nanostreptus libertinus (Silvestri, 1895)	Nanostreptus libertinus	Silvestri	BR	Urucum; (Corumba, Matto Grosso)	Mato Grosso	PRESENT	1	bc092ff0-02e4-11dc-991f-b8a03c50a862									1900-09		9	1900	1026158	1026158	PRESERVED_SPECIMEN	USNM	ENT					CC0_1_0		F. Silvestri	Paratype		2025-11-04T16:06:29.902Z		CONTINENT_DERIVED_FROM_COUNTRY;OCCURRENCE_STATUS_INFERRED_FROM_INDIVIDUAL_COUNT
1317945964	821cc27a-e3bb-4bc5-ac34-89ada245069d	http://n2t.net/ark:/65665/320de352d-a82b-4ebc-8777-d66b46919d1a	Animalia	Arthropoda	Diplopoda	Spirostreptida	Spirostreptidae	Trichogonostreptus	Trichogonostreptus mattogrossensis		SPECIES	Nanostreptus mattogrossensis Silvestri, 1902	Nanostreptus mattagrossensis	Silvestri	BR	Corumba; (Matto Grosso)	Mato Grosso	PRESENT	1	bc092ff0-02e4-11dc-991f-b8a03c50a862									1900-08		8	1900	1026153	6186249	PRESERVED_SPECIMEN	USNM	ENT					CC0_1_0		F. Silvestri	Syntype		2025-11-04T16:08:16.772Z		CONTINENT_DERIVED_FROM_COUNTRY;TAXON_MATCH_FUZZY;OCCURRENCE_STATUS_INFERRED_FROM_INDIVIDUAL_COUNT
1143437114	6834c3b4-50a7-42df-a87f-324239eaca66	f400212d-3d3b-48d5-986e-e6f309c6d722	Animalia	Arthropoda	Diplopoda	Spirostreptida	Pseudonannolenidae	Epinannolene	Epinannolene exilio		SPECIES	Epinannolene arborea Hoffman, 1984	Epinannolene arborea		BR	rio Tarumã- Mirim, igapó. Adis leg.	Amazonas	PRESENT		c0d9c91a-0f83-4819-bf7e-bb5e1184eb6b									1976-09-02	2	9	1976	1026266	1026265	PRESERVED_SPECIMEN	INPA	DLP	INPA-DPL 000166				CC_BY_NC_4_0	Instituto Nacional de Pesquisas da Amazônia (INPA)Instituto Nacional de Pesquisas da Amazônia (INPA)	Adis, J.	Paratype		2025-11-05T05:05:03.837Z		AMBIGUOUS_INSTITUTION
1143437103	6834c3b4-50a7-42df-a87f-324239eaca66	a4cfa9b8-28ac-4ce1-ade0-15661f0a9e71	Animalia	Arthropoda	Diplopoda	Spirostreptida	Pseudonannolenidae	Epinannolene	Epinannolene exilio		SPECIES	Epinannolene arborea Hoffman, 1984	Epinannolene arborea		BR	rio Tarumã- Mirim, igapó. Adis leg.	Amazonas	PRESENT		c0d9c91a-0f83-4819-bf7e-bb5e1184eb6b									1976-09-02	2	9	1976	1026266	1026265	PRESERVED_SPECIMEN	INPA	DLP	INPA-DPL 000164				CC_BY_NC_4_0	Instituto Nacional de Pesquisas da Amazônia (INPA)Instituto Nacional de Pesquisas da Amazônia (INPA)	Adis, J.	Holotype		2025-11-05T05:05:05.481Z		AMBIGUOUS_INSTITUTION
1143437091	6834c3b4-50a7-42df-a87f-324239eaca66	7716bbc6-c95f-4940-87e5-23e719944cac	Animalia	Arthropoda	Diplopoda	Spirostreptida	Pseudonannolenidae	Epinannolene	Epinannolene exilio		SPECIES	Epinannolene arborea Hoffman, 1984	Epinannolene arborea		BR	rio Tarumã- Mirim, igapó. Adis leg.	Amazonas	PRESENT		c0d9c91a-0f83-4819-bf7e-bb5e1184eb6b									1976-09-02	2	9	1976	1026266	1026265	PRESERVED_SPECIMEN	INPA	DLP	INPA-DPL 000165				CC_BY_NC_4_0	Instituto Nacional de Pesquisas da Amazônia (INPA)Instituto Nacional de Pesquisas da Amazônia (INPA)	Adis, J.	Paratype		2025-11-05T05:05:05.479Z		AMBIGUOUS_INSTITUTION
1142375250	7931dcab-94f1-46ce-8092-56e4335423de	94b88477-54dc-4dbe-94e3-71186679b781	Animalia	Arthropoda	Diplopoda	Spirostreptida	Spirostreptidae	Gymnostreptus	Gymnostreptus pictus		SPECIES	Conchostreptus pictus Schubart, 1945	Conchostreptus pictus Schubart, 1971		BR	Tapirapé	Mato Grosso	PRESENT	3	7b8aff00-a9f8-11d8-944b-b8a03c50a862	-10.645149	-50.613706							1964-11-01	1	11	1964	8614839	1026179	PRESERVED_SPECIMEN	FMNH	Insects	FMNHINS 0000 000 986		Dr. Richard L. Hoffman : Virginia Museum of Natural History - Recent Invertebrates		CC0_1_0	The Field Museum of Natural History	B. Malkin			2025-11-04T22:16:53.525Z		GEODETIC_DATUM_ASSUMED_WGS84;OCCURRENCE_STATUS_INFERRED_FROM_INDIVIDUAL_COUNT;INSTITUTION_MATCH_FUZZY;INSTITUTION_COLLECTION_MISMATCH
1142351735	7931dcab-94f1-46ce-8092-56e4335423de	a92fe23c-1f03-4dc6-8a53-b82fd5019640	Animalia	Arthropoda	Diplopoda	Spirostreptida					ORDER	Spirostreptida	Spirostreptida Brandt, 1833		BR	Caninde, Rio Gurupi	Pará	PRESENT	2	7b8aff00-a9f8-11d8-944b-b8a03c50a862									1966-02-27	27	2	1966	818		PRESERVED_SPECIMEN	FMNH	Insects	FMNHINS 0000 008 770		Mr. James E. Louderman : Field Museum of Natural History - Department of Zoology		CC0_1_0	The Field Museum of Natural History	B. Malkin			2025-11-04T22:16:36.781Z		TAXON_MATCH_HIGHERRANK;OCCURRENCE_STATUS_INFERRED_FROM_INDIVIDUAL_COUNT;INSTITUTION_MATCH_FUZZY;INSTITUTION_COLLECTION_MISMATCH
1142351670	7931dcab-94f1-46ce-8092-56e4335423de	ec345e3a-8dc8-43c6-b5dc-18825219fe3a	Animalia	Arthropoda	Diplopoda	Spirostreptida					ORDER	Spirostreptida	Spirostreptida Brandt, 1833		BR	Aldeia Coraci, 11 km W of Caninde, Rio Gurupi	Pará	PRESENT	1	7b8aff00-a9f8-11d8-944b-b8a03c50a862	-4.357642	-39.312132	2238.0						1964-12-02	2	12	1964	818		PRESERVED_SPECIMEN	FMNH	Insects	FMNHINS 0000 033 413		Mr. James E. Louderman : Field Museum of Natural History - Department of Zoology		CC0_1_0	The Field Museum of Natural History	B. Malkin			2025-11-04T22:16:42.169Z		GEODETIC_DATUM_ASSUMED_WGS84;TAXON_MATCH_HIGHERRANK;OCCURRENCE_STATUS_INFERRED_FROM_INDIVIDUAL_COUNT;INSTITUTION_MATCH_FUZZY;INSTITUTION_COLLECTION_MISMATCH
1142351644	7931dcab-94f1-46ce-8092-56e4335423de	026810ee-868d-4e97-ab05-fde39847745b	Animalia	Arthropoda	Diplopoda	Spirostreptida					ORDER	Spirostreptida	Spirostreptida Brandt, 1833		BR	NO PRECISE LOCALITY DATA	Mato Grosso	PRESENT	2	7b8aff00-a9f8-11d8-944b-b8a03c50a862	-12.681871	-56.921099							1960-05-28	28	5	1960	818		PRESERVED_SPECIMEN	FMNH	Insects	FMNHINS 0000 011 923		Mr. James E. Louderman : Field Museum of Natural History - Department of Zoology		CC0_1_0	The Field Museum of Natural History	B. Malkin			2025-11-04T22:16:38.313Z		GEODETIC_DATUM_ASSUMED_WGS84;TAXON_MATCH_HIGHERRANK;OCCURRENCE_STATUS_INFERRED_FROM_INDIVIDUAL_COUNT;INSTITUTION_MATCH_FUZZY;INSTITUTION_COLLECTION_MISMATCH
1142351631	7931dcab-94f1-46ce-8092-56e4335423de	6997a5bd-5b8a-419c-b14c-b05f9c1a3c84	Animalia	Arthropoda	Diplopoda	Spirostreptida					ORDER	Spirostreptida	Spirostreptida Brandt, 1833		BR	Presidente Prudente	São Paulo	PRESENT	1	7b8aff00-a9f8-11d8-944b-b8a03c50a862									1960-09-26	26	9	1960	818		PRESERVED_SPECIMEN	FMNH	Insects	FMNHINS 0000 033 386		Mr. James E. Louderman : Field Museum of Natural History - Department of Zoology		CC0_1_0	The Field Museum of Natural History	B. Malkin			2025-11-04T22:16:18.104Z		TAXON_MATCH_HIGHERRANK;OCCURRENCE_STATUS_INFERRED_FROM_INDIVIDUAL_COUNT;INSTITUTION_MATCH_FUZZY;INSTITUTION_COLLECTION_MISMATCH
1142351624	7931dcab-94f1-46ce-8092-56e4335423de	40c28d37-a542-416e-b2e8-9cadd26300e8	Animalia	Arthropoda	Diplopoda	Spirostreptida					ORDER	Spirostreptida	Spirostreptida Brandt, 1833		BR	Corumba	Mato Grosso	PRESENT	3	7b8aff00-a9f8-11d8-944b-b8a03c50a862									1964-05-08	8	5	1964	818		PRESERVED_SPECIMEN	FMNH	Insects	FMNHINS 0000 033 472		Mr. James E. Louderman : Field Museum of Natural History - Department of Zoology		CC0_1_0	The Field Museum of Natural History	B. Malkin			2025-11-04T22:16:09.522Z		TAXON_MATCH_HIGHERRANK;OCCURRENCE_STATUS_INFERRED_FROM_INDIVIDUAL_COUNT;INSTITUTION_MATCH_FUZZY;INSTITUTION_COLLECTION_MISMATCH
1142351607	7931dcab-94f1-46ce-8092-56e4335423de	48a9a07c-c3dc-4c60-a459-d72d77bf723f	Animalia	Arthropoda	Diplopoda	Spirostreptida					ORDER	Spirostreptida	Spirostreptida Brandt, 1833		BR	Barra do Tapirapé	Mato Grosso	PRESENT	1	7b8aff00-a9f8-11d8-944b-b8a03c50a862									1964-11-05	5	11	1964	818		PRESERVED_SPECIMEN	FMNH	Insects	FMNHINS 0000 033 414		Mr. James E. Louderman : Field Museum of Natural History - Department of Zoology		CC0_1_0	The Field Museum of Natural History	B. Malkin			2025-11-04T22:16:53.067Z		TAXON_MATCH_HIGHERRANK;OCCURRENCE_STATUS_INFERRED_FROM_INDIVIDUAL_COUNT;INSTITUTION_MATCH_FUZZY;INSTITUTION_COLLECTION_MISMATCH
1142351604	7931dcab-94f1-46ce-8092-56e4335423de	29437efa-64e9-48e6-ada0-77acc7c8ca3c	Animalia	Arthropoda	Diplopoda	Spirostreptida					ORDER	Spirostreptida	Spirostreptida Brandt, 1833		BR	Barra do Tapirapé	Mato Grosso	PRESENT	3	7b8aff00-a9f8-11d8-944b-b8a03c50a862									1964-01-17	17	1	1964	818		PRESERVED_SPECIMEN	FMNH	Insects	FMNHINS 0000 033 471		Mr. James E. Louderman : Field Museum of Natural History - Department of Zoology		CC0_1_0	The Field Museum of Natural History	B. Malkin			2025-11-04T22:16:29.141Z		TAXON_MATCH_HIGHERRANK;OCCURRENCE_STATUS_INFERRED_FROM_INDIVIDUAL_COUNT;INSTITUTION_MATCH_FUZZY;INSTITUTION_COLLECTION_MISMATCH
1142351599	7931dcab-94f1-46ce-8092-56e4335423de	16959ccd-8454-469f-8247-94ebc5e126ff	Animalia	Arthropoda	Diplopoda	Spirostreptida					ORDER	Spirostreptida	Spirostreptida Brandt, 1833		BR	Caninde, Rio Gurupi	Pará	PRESENT	2	7b8aff00-a9f8-11d8-944b-b8a03c50a862									1964-10-31	31	10	1964	818		PRESERVED_SPECIMEN	FMNH	Insects	FMNHINS 0000 033 409		Mr. James E. Louderman : Field Museum of Natural History - Department of Zoology		CC0_1_0	The Field Museum of Natural History	B. Malkin			2025-11-04T22:16:29.492Z		TAXON_MATCH_HIGHERRANK;OCCURRENCE_STATUS_INFERRED_FROM_INDIVIDUAL_COUNT;INSTITUTION_MATCH_FUZZY;INSTITUTION_COLLECTION_MISMATCH
1142351595	7931dcab-94f1-46ce-8092-56e4335423de	357b760a-9782-4376-aef0-8522b39fab42	Animalia	Arthropoda	Diplopoda	Spirostreptida					ORDER	Spirostreptida	Spirostreptida Brandt, 1833		BR	Santa Isabel, Isla do ?	Goiás	PRESENT	3	7b8aff00-a9f8-11d8-944b-b8a03c50a862									1960-10-27	27	10	1960	818		PRESERVED_SPECIMEN	FMNH	Insects	FMNHINS 0000 033 475		Mr. James E. Louderman : Field Museum of Natural History - Department of Zoology		CC0_1_0	The Field Museum of Natural History	B. Malkin			2025-11-04T22:17:00.212Z		TAXON_MATCH_HIGHERRANK;OCCURRENCE_STATUS_INFERRED_FROM_INDIVIDUAL_COUNT;INSTITUTION_MATCH_FUZZY;INSTITUTION_COLLECTION_MISMATCH
1142351563	7931dcab-94f1-46ce-8092-56e4335423de	6b1890c8-0976-4e29-9e45-dd9e4d028461	Animalia	Arthropoda	Diplopoda	Spirostreptida					ORDER	Spirostreptida	Spirostreptida Brandt, 1833		BR	Manaus; National Institute of Amazonian Research (INPA) grounds	Amazonas	PRESENT	1	7b8aff00-a9f8-11d8-944b-b8a03c50a862									1984-07-12	12	7	1984	818		PRESERVED_SPECIMEN	FMNH	Insects	FMNHINS 0000 011 690		Mr. James E. Louderman : Field Museum of Natural History - Department of Zoology		CC0_1_0	The Field Museum of Natural History	R. H. Pine			2025-11-04T22:16:55.925Z		TAXON_MATCH_HIGHERRANK;OCCURRENCE_STATUS_INFERRED_FROM_INDIVIDUAL_COUNT;INSTITUTION_MATCH_FUZZY;INSTITUTION_COLLECTION_MISMATCH
1142351556	7931dcab-94f1-46ce-8092-56e4335423de	90bc7a4b-7b95-4128-abcc-6f65a1dad036	Animalia	Arthropoda	Diplopoda	Spirostreptida					ORDER	Spirostreptida	Spirostreptida Brandt, 1833		BR	Marco, along path nr Leticia		PRESENT	1	7b8aff00-a9f8-11d8-944b-b8a03c50a862									1975-03-29	29	3	1975	818		PRESERVED_SPECIMEN	FMNH	Insects	FMNHINS 0000 008 836		Mr. James E. Louderman : Field Museum of Natural History - Department of Zoology		CC0_1_0	The Field Museum of Natural History	D. A. Summers			2025-11-04T22:16:48.034Z		TAXON_MATCH_HIGHERRANK;OCCURRENCE_STATUS_INFERRED_FROM_INDIVIDUAL_COUNT;INSTITUTION_MATCH_FUZZY;INSTITUTION_COLLECTION_MISMATCH
1142351552	7931dcab-94f1-46ce-8092-56e4335423de	101828a7-4b35-4e94-8256-2311118c2c69	Animalia	Arthropoda	Diplopoda	Spirostreptida					ORDER	Spirostreptida	Spirostreptida Brandt, 1833		BR	Barra do Tapirapé	Mato Grosso	PRESENT	15	7b8aff00-a9f8-11d8-944b-b8a03c50a862									1964-11-05	5	11	1964	818		PRESERVED_SPECIMEN	FMNH	Insects	FMNHINS 0000 033 369		Mr. James E. Louderman : Field Museum of Natural History - Department of Zoology		CC0_1_0	The Field Museum of Natural History	B. Malkin			2025-11-04T22:16:40.425Z		TAXON_MATCH_HIGHERRANK;OCCURRENCE_STATUS_INFERRED_FROM_INDIVIDUAL_COUNT;INSTITUTION_MATCH_FUZZY;INSTITUTION_COLLECTION_MISMATCH
1142351543	7931dcab-94f1-46ce-8092-56e4335423de	a8776d91-a70d-47f6-be7e-924e0230a5d8	Animalia	Arthropoda	Diplopoda	Spirostreptida					ORDER	Spirostreptida	Spirostreptida Brandt, 1833		BR	Aldeia Coraci, 12 km W of Caninde, Rio Gurupi	Pará	PRESENT	1	7b8aff00-a9f8-11d8-944b-b8a03c50a862									1963-04-16	16	4	1963	818		PRESERVED_SPECIMEN	FMNH	Insects	FMNHINS 0000 006 497		Mr. James E. Louderman : Field Museum of Natural History - Department of Zoology		CC0_1_0	The Field Museum of Natural History	B. Malkin			2025-11-04T22:16:36.014Z		TAXON_MATCH_HIGHERRANK;OCCURRENCE_STATUS_INFERRED_FROM_INDIVIDUAL_COUNT;INSTITUTION_MATCH_FUZZY;INSTITUTION_COLLECTION_MISMATCH
1142351483	7931dcab-94f1-46ce-8092-56e4335423de	e090fb33-740b-41e4-b7a0-da3c7af11b7b	Animalia	Arthropoda	Diplopoda	Spirostreptida					ORDER	Spirostreptida	Spirostreptida Brandt, 1833		BR	W bank Rio Tocantins, 17 km SSW Tucurui	Pará	PRESENT	1	7b8aff00-a9f8-11d8-944b-b8a03c50a862									1984-08-27	27	8	1984	818		PRESERVED_SPECIMEN	FMNH	Insects	FMNHINS 0000 011 692		Mr. James E. Louderman : Field Museum of Natural History - Department of Zoology		CC0_1_0	The Field Museum of Natural History	R. H. Pine			2025-11-04T22:16:53.976Z		TAXON_MATCH_HIGHERRANK;OCCURRENCE_STATUS_INFERRED_FROM_INDIVIDUAL_COUNT;INSTITUTION_MATCH_FUZZY;INSTITUTION_COLLECTION_MISMATCH
1142351481	7931dcab-94f1-46ce-8092-56e4335423de	2e191a8e-5c36-480c-b9e4-742b8720c36b	Animalia	Arthropoda	Diplopoda	Spirostreptida					ORDER	Spirostreptida	Spirostreptida Brandt, 1833		BR	Barra do Tapirapé	Mato Grosso	PRESENT	14	7b8aff00-a9f8-11d8-944b-b8a03c50a862									1963-01-01	1	1	1963	818		PRESERVED_SPECIMEN	FMNH	Insects	FMNHINS 0000 033 382		Mr. James E. Louderman : Field Museum of Natural History - Department of Zoology		CC0_1_0	The Field Museum of Natural History	B. Malkin			2025-11-04T22:16:58.354Z		TAXON_MATCH_HIGHERRANK;OCCURRENCE_STATUS_INFERRED_FROM_INDIVIDUAL_COUNT;INSTITUTION_MATCH_FUZZY;INSTITUTION_COLLECTION_MISMATCH
1142351476	7931dcab-94f1-46ce-8092-56e4335423de	eae65efb-27ef-491e-bc9a-11e7c2e0e092	Animalia	Arthropoda	Diplopoda	Spirostreptida					ORDER	Spirostreptida	Spirostreptida Brandt, 1833		BR	Aldeia Araçu, Igarapé Gurupi-Uma, Maranhão, 50 km E Caninde	Pará	PRESENT	6	7b8aff00-a9f8-11d8-944b-b8a03c50a862	-4.34915	-39.015198							1963-05-02	2	5	1963	818		PRESERVED_SPECIMEN	FMNH	Insects	FMNHINS 0000 033 391		Mr. James E. Louderman : Field Museum of Natural History - Department of Zoology		CC0_1_0	The Field Museum of Natural History	B. Malkin			2025-11-04T22:16:30.320Z		GEODETIC_DATUM_ASSUMED_WGS84;TAXON_MATCH_HIGHERRANK;OCCURRENCE_STATUS_INFERRED_FROM_INDIVIDUAL_COUNT;INSTITUTION_MATCH_FUZZY;INSTITUTION_COLLECTION_MISMATCH
1142351458	7931dcab-94f1-46ce-8092-56e4335423de	da0a81af-dc20-4c1b-9bb9-693c1d0c7ecd	Animalia	Arthropoda	Diplopoda	Spirostreptida					ORDER	Spirostreptida	Spirostreptida Brandt, 1833		BR	Caninde, Rio Gurupi	Pará	PRESENT	1	7b8aff00-a9f8-11d8-944b-b8a03c50a862									1964-12-01	1	12	1964	818		PRESERVED_SPECIMEN	FMNH	Insects	FMNHINS 0000 033 458		Mr. James E. Louderman : Field Museum of Natural History - Department of Zoology		CC0_1_0	The Field Museum of Natural History	B. Malkin			2025-11-04T22:16:45.288Z		TAXON_MATCH_HIGHERRANK;OCCURRENCE_STATUS_INFERRED_FROM_INDIVIDUAL_COUNT;INSTITUTION_MATCH_FUZZY;INSTITUTION_COLLECTION_MISMATCH
1142351449	7931dcab-94f1-46ce-8092-56e4335423de	4b12642f-aa29-4c48-a37e-383555f4e8fb	Animalia	Arthropoda	Diplopoda	Spirostreptida					ORDER	Spirostreptida	Spirostreptida Brandt, 1833		BR	Igarapé Belém, nr confluence with Rio Solimões	Amazonas	PRESENT	2	7b8aff00-a9f8-11d8-944b-b8a03c50a862									1966-04-05	5	4	1966	818		PRESERVED_SPECIMEN	FMNH	Insects	FMNHINS 0000 008 177		Mr. James E. Louderman : Field Museum of Natural History - Department of Zoology		CC0_1_0	The Field Museum of Natural History	B. Malkin			2025-11-04T22:16:55.329Z		TAXON_MATCH_HIGHERRANK;OCCURRENCE_STATUS_INFERRED_FROM_INDIVIDUAL_COUNT;INSTITUTION_MATCH_FUZZY;INSTITUTION_COLLECTION_MISMATCH
1142351424	7931dcab-94f1-46ce-8092-56e4335423de	5193070a-38d7-42e6-a843-c526279fb91e	Animalia	Arthropoda	Diplopoda	Spirostreptida					ORDER	Spirostreptida	Spirostreptida Brandt, 1833		BR	Rio Caraguata	Mato Grosso	PRESENT	7	7b8aff00-a9f8-11d8-944b-b8a03c50a862	-21.8	-52.45							1953-03		3	1953	818		PRESERVED_SPECIMEN	FMNH	Insects	FMNHINS 0000 008 799		Mr. James E. Louderman : Field Museum of Natural History - Department of Zoology		CC0_1_0	The Field Museum of Natural History	F. Plaumann			2025-11-04T22:16:43.068Z		GEODETIC_DATUM_ASSUMED_WGS84;TAXON_MATCH_HIGHERRANK;OCCURRENCE_STATUS_INFERRED_FROM_INDIVIDUAL_COUNT;INSTITUTION_MATCH_FUZZY;INSTITUTION_COLLECTION_MISMATCH
1142351261	7931dcab-94f1-46ce-8092-56e4335423de	ce3c6830-284c-419b-911c-a060963fde1e	Animalia	Arthropoda	Diplopoda	Spirostreptida					ORDER	Spirostreptida	Spirostreptida Brandt, 1833		BR	NO PRECISE LOCALITY DATA	Mato Grosso	PRESENT	20	7b8aff00-a9f8-11d8-944b-b8a03c50a862	-12.681871	-56.921099							1960-12-01	1	12	1960	818		PRESERVED_SPECIMEN	FMNH	Insects	FMNHINS 0000 005 660		Dr. Arlene Ghiron : Field Museum of Natural History - Department of Zoology		CC0_1_0	The Field Museum of Natural History	B. Malkin			2025-11-04T22:16:46.999Z		GEODETIC_DATUM_ASSUMED_WGS84;TAXON_MATCH_HIGHERRANK;OCCURRENCE_STATUS_INFERRED_FROM_INDIVIDUAL_COUNT;INSTITUTION_MATCH_FUZZY;INSTITUTION_COLLECTION_MISMATCH
1142351255	7931dcab-94f1-46ce-8092-56e4335423de	1eed72b7-9ca3-4088-bb5e-09d385b153ec	Animalia	Arthropoda	Diplopoda	Spirostreptida					ORDER	Spirostreptida	Spirostreptida Brandt, 1833		BR	NO PRECISE LOCALITY DATA	Mato Grosso	PRESENT	10	7b8aff00-a9f8-11d8-944b-b8a03c50a862	-12.681871	-56.921099							1960-10-11	11	10	1960	818		PRESERVED_SPECIMEN	FMNH	Insects	FMNHINS 0000 005 658		Dr. Arlene Ghiron : Field Museum of Natural History - Department of Zoology		CC0_1_0	The Field Museum of Natural History	B. Malkin			2025-11-04T22:17:01.566Z		GEODETIC_DATUM_ASSUMED_WGS84;TAXON_MATCH_HIGHERRANK;OCCURRENCE_STATUS_INFERRED_FROM_INDIVIDUAL_COUNT;INSTITUTION_MATCH_FUZZY;INSTITUTION_COLLECTION_MISMATCH
1142351217	7931dcab-94f1-46ce-8092-56e4335423de	a150a6b9-4815-4872-894c-179686825449	Animalia	Arthropoda	Diplopoda	Spirostreptida					ORDER	Spirostreptida	Spirostreptida Brandt, 1833		BR	NO PRECISE LOCALITY DATA	Amazonas	PRESENT	6	7b8aff00-a9f8-11d8-944b-b8a03c50a862									1966-02-24	24	2	1966	818		PRESERVED_SPECIMEN	FMNH	Insects	FMNHINS 0000 005 667		Dr. Arlene Ghiron : Field Museum of Natural History - Department of Zoology		CC0_1_0	The Field Museum of Natural History	B. Malkin			2025-11-04T22:16:53.764Z		TAXON_MATCH_HIGHERRANK;OCCURRENCE_STATUS_INFERRED_FROM_INDIVIDUAL_COUNT;INSTITUTION_MATCH_FUZZY;INSTITUTION_COLLECTION_MISMATCH
1142351128	7931dcab-94f1-46ce-8092-56e4335423de	cdd2cb68-8ee1-4506-a5a9-5649851864ac	Animalia	Arthropoda	Diplopoda	Spirostreptida					ORDER	Spirostreptida	Spirostreptida Brandt, 1833		BR	NO PRECISE LOCALITY DATA	Amazonas	PRESENT	15	7b8aff00-a9f8-11d8-944b-b8a03c50a862									1963-05		5	1963	818		PRESERVED_SPECIMEN	FMNH	Insects	FMNHINS 0000 005 668		Dr. Arlene Ghiron : Field Museum of Natural History - Department of Zoology		CC0_1_0	The Field Museum of Natural History	B. Malkin			2025-11-04T22:16:23.929Z		TAXON_MATCH_HIGHERRANK;OCCURRENCE_STATUS_INFERRED_FROM_INDIVIDUAL_COUNT;INSTITUTION_MATCH_FUZZY;INSTITUTION_COLLECTION_MISMATCH
1142351002	7931dcab-94f1-46ce-8092-56e4335423de	82cb97bd-b9e1-4bae-9bc2-e4d34f209bec	Animalia	Arthropoda	Diplopoda	Spirostreptida					ORDER	Spirostreptida	Spirostreptida Brandt, 1833		BR	NO PRECISE LOCALITY DATA	Mato Grosso	PRESENT	5	7b8aff00-a9f8-11d8-944b-b8a03c50a862	-12.681871	-56.921099							1965-12-29	29	12	1965	818		PRESERVED_SPECIMEN	FMNH	Insects	FMNHINS 0000 005 664		Dr. Arlene Ghiron : Field Museum of Natural History - Department of Zoology		CC0_1_0	The Field Museum of Natural History	B. Malkin			2025-11-04T22:16:45.658Z		GEODETIC_DATUM_ASSUMED_WGS84;TAXON_MATCH_HIGHERRANK;OCCURRENCE_STATUS_INFERRED_FROM_INDIVIDUAL_COUNT;INSTITUTION_MATCH_FUZZY;INSTITUTION_COLLECTION_MISMATCH
1142350998	7931dcab-94f1-46ce-8092-56e4335423de	6dd295cd-35d9-45af-9766-24a2a0686f67	Animalia	Arthropoda	Diplopoda	Spirostreptida					ORDER	Spirostreptida	Spirostreptida Brandt, 1833		BR	Barra do Tapirapé	Mato Grosso	PRESENT	6	7b8aff00-a9f8-11d8-944b-b8a03c50a862									1962-03		3	1962	818		PRESERVED_SPECIMEN	FMNH	Insects	FMNHINS 0000 005 649		Dr. Arlene Ghiron : Field Museum of Natural History - Department of Zoology		CC0_1_0	The Field Museum of Natural History	B. Malkin			2025-11-04T22:16:27.885Z		TAXON_MATCH_HIGHERRANK;OCCURRENCE_STATUS_INFERRED_FROM_INDIVIDUAL_COUNT;INSTITUTION_MATCH_FUZZY;INSTITUTION_COLLECTION_MISMATCH
1142350970	7931dcab-94f1-46ce-8092-56e4335423de	202452d5-d2b5-4427-a05b-e3b9d6ca9da8	Animalia	Arthropoda	Diplopoda	Spirostreptida					ORDER	Spirostreptida	Spirostreptida Brandt, 1833		BR	Barra do Tapirapé	Mato Grosso	PRESENT	3	7b8aff00-a9f8-11d8-944b-b8a03c50a862									1963-01-01	1	1	1963	818		PRESERVED_SPECIMEN	FMNH	Insects	FMNHINS 0000 005 647		Dr. Arlene Ghiron : Field Museum of Natural History - Department of Zoology		CC0_1_0	The Field Museum of Natural History	B. Malkin			2025-11-04T22:17:02.480Z		TAXON_MATCH_HIGHERRANK;OCCURRENCE_STATUS_INFERRED_FROM_INDIVIDUAL_COUNT;INSTITUTION_MATCH_FUZZY;INSTITUTION_COLLECTION_MISMATCH
1142350866	7931dcab-94f1-46ce-8092-56e4335423de	f3bfa20a-dcea-474b-b452-f448add231a9	Animalia	Arthropoda	Diplopoda	Spirostreptida					ORDER	Spirostreptida	Spirostreptida Brandt, 1833		BR	Aldeia Coraci, 12 km W of Caninde, Rio Gurupi	Pará	PRESENT	20	7b8aff00-a9f8-11d8-944b-b8a03c50a862									1963-04-16	16	4	1963	818		PRESERVED_SPECIMEN	FMNH	Insects	FMNHINS 0000 008 292		Dr. Arlene Ghiron : Field Museum of Natural History - Department of Zoology		CC0_1_0	The Field Museum of Natural History	B. Malkin			2025-11-04T22:16:54.069Z		TAXON_MATCH_HIGHERRANK;OCCURRENCE_STATUS_INFERRED_FROM_INDIVIDUAL_COUNT;INSTITUTION_MATCH_FUZZY;INSTITUTION_COLLECTION_MISMATCH
1142326347	7931dcab-94f1-46ce-8092-56e4335423de	e3015f50-22b0-4da7-aaa1-9d2bda07171f	Animalia	Arthropoda	Diplopoda	Spirostreptida	Spirostreptidae	Orthoporus			GENUS	Diaporus Silvestri, 1897	Diaporus junior Chamberlin		BR	Descalvados	Mato Grosso	PRESENT	4	7b8aff00-a9f8-11d8-944b-b8a03c50a862									1926-07-30	30	7	1926	1025048		PRESERVED_SPECIMEN	FMNH	Insects	FMNHINS 0000 001 887				CC0_1_0	The Field Museum of Natural History				2025-11-04T22:16:38.656Z		TAXON_MATCH_HIGHERRANK;OCCURRENCE_STATUS_INFERRED_FROM_INDIVIDUAL_COUNT;INSTITUTION_MATCH_FUZZY;INSTITUTION_COLLECTION_MISMATCH
1142311320	7931dcab-94f1-46ce-8092-56e4335423de	60bd0371-e965-4c3a-a7d6-f369b37418dc	Animalia	Arthropoda	Diplopoda	Spirostreptida	Spirostreptidae	Gymnostreptus	Gymnostreptus porati		SPECIES	Gymnostreptus ventralis (Porat, 1876)	Gymnostreptus ventralis Porat, 1876		BR	Therezopolis	Rio de Janeiro	PRESENT	1	7b8aff00-a9f8-11d8-944b-b8a03c50a862									1926-07		7	1926	1025823	9265369	PRESERVED_SPECIMEN	FMNH	Insects	FMNHINS 0000 001 898				CC0_1_0	The Field Museum of Natural History	K. P. Schmidt			2025-11-04T22:16:58.983Z		OCCURRENCE_STATUS_INFERRED_FROM_INDIVIDUAL_COUNT;INSTITUTION_MATCH_FUZZY;INSTITUTION_COLLECTION_MISMATCH
1142310551	7931dcab-94f1-46ce-8092-56e4335423de	d25800d2-c028-4a6f-b569-0eb7ab74f2fd	Animalia	Arthropoda	Diplopoda	Spirostreptida	Spirostreptidae	Orthoporus			GENUS	Orthoporus Silvestri, 1897	Orthoporus Silvestri, 1897		BR	Urucum do Corumbá	Mato Grosso	PRESENT	1	7b8aff00-a9f8-11d8-944b-b8a03c50a862									1926-08-14	14	8	1926	1024407		PRESERVED_SPECIMEN	FMNH	Insects	FMNHINS 0000 001 932				CC0_1_0	The Field Museum of Natural History	K. P. Schmidt			2025-11-04T22:16:58.156Z		TAXON_MATCH_HIGHERRANK;OCCURRENCE_STATUS_INFERRED_FROM_INDIVIDUAL_COUNT;INSTITUTION_MATCH_FUZZY;INSTITUTION_COLLECTION_MISMATCH
1142300905	7931dcab-94f1-46ce-8092-56e4335423de	d4d2be8e-56d7-428b-8131-2eceaf1cf4ef	Animalia	Arthropoda	Diplopoda	Spirostreptida	Spirostreptidae	Orthoporus			GENUS	Orthoporus Silvestri, 1897	Orthoporus Silvestri, 1897		BR	Teresópolis, Rio Brazil		PRESENT	2	7b8aff00-a9f8-11d8-944b-b8a03c50a862									1926-07-09	9	7	1926	1024407		PRESERVED_SPECIMEN	FMNH	Insects	FMNHINS 0000 001 897				CC0_1_0	The Field Museum of Natural History	K. P. Schmidt			2025-11-04T22:16:46.652Z		TAXON_MATCH_HIGHERRANK;OCCURRENCE_STATUS_INFERRED_FROM_INDIVIDUAL_COUNT;INSTITUTION_MATCH_FUZZY;INSTITUTION_COLLECTION_MISMATCH
1142300600	7931dcab-94f1-46ce-8092-56e4335423de	279e2ace-0703-458b-b122-370b4146daa2	Animalia	Arthropoda	Diplopoda	Spirostreptida	Spirostreptidae	Urostreptus	Urostreptus carvalhoi		SPECIES	Urostreptus carvalhoi (Schubart, 1947)	Urostreptus carvalhoi (Schubart, 1971)		BR	Barra do Tapirapé	Mato Grosso	PRESENT	2	7b8aff00-a9f8-11d8-944b-b8a03c50a862									1964-11-01	1	11	1964	6186313	6186313	PRESERVED_SPECIMEN	FMNH	Insects	FMNHINS 0000 000 983	FMJK#71-1004			CC0_1_0	The Field Museum of Natural History	B. Malkin			2025-11-04T22:16:26.698Z		OCCURRENCE_STATUS_INFERRED_FROM_INDIVIDUAL_COUNT;INSTITUTION_MATCH_FUZZY;INSTITUTION_COLLECTION_MISMATCH
1142298897	7931dcab-94f1-46ce-8092-56e4335423de	31ab7baf-eab4-4a7c-ba3b-404b8e69b516	Animalia	Arthropoda	Diplopoda	Spirostreptida	Spirostreptidae	Orthoporus			GENUS	Diaporus Silvestri, 1897	Diaporus paulouus Chamberlin		BR	Buura		PRESENT	1	7b8aff00-a9f8-11d8-944b-b8a03c50a862									1926-07-17	17	7	1926	1025048		PRESERVED_SPECIMEN	FMNH	Insects	FMNHINS 0000 001 889				CC0_1_0	The Field Museum of Natural History				2025-11-04T22:16:19.365Z		TAXON_MATCH_HIGHERRANK;OCCURRENCE_STATUS_INFERRED_FROM_INDIVIDUAL_COUNT;INSTITUTION_MATCH_FUZZY;INSTITUTION_COLLECTION_MISMATCH
1142293941	7931dcab-94f1-46ce-8092-56e4335423de	b5711e56-2d1b-4ad9-86f7-31e8cfd07e27	Animalia	Arthropoda	Diplopoda	Spirostreptida	Spirostreptidae	Gymnostreptus	Gymnostreptus porati		SPECIES	Gymnostreptus ventralis (Porat, 1876)	Gymnostreptus ventralis Porat, 1876		BR	Fazenda Claussen, Rio; Teresópolis, 5 mi N of	Santa Catarina	PRESENT	1	7b8aff00-a9f8-11d8-944b-b8a03c50a862									1926-07-04	4	7	1926	1025823	9265369	PRESERVED_SPECIMEN	FMNH	Insects	FMNHINS 0000 001 899				CC0_1_0	The Field Museum of Natural History	K. P. Schmidt			2025-11-04T22:16:55.314Z		OCCURRENCE_STATUS_INFERRED_FROM_INDIVIDUAL_COUNT;INSTITUTION_MATCH_FUZZY;INSTITUTION_COLLECTION_MISMATCH
1142292623	7931dcab-94f1-46ce-8092-56e4335423de	7e504ebc-def4-49c8-917b-1bb8e46d930d	Animalia	Arthropoda	Diplopoda	Spirostreptida	Pseudonannolenidae				FAMILY	Pseudonannolenidae	Pseudonannolenidae		BR	Barra do Tapirapé	Mato Grosso	PRESENT	4	7b8aff00-a9f8-11d8-944b-b8a03c50a862									1963-01-01	1	1	1963	2944		PRESERVED_SPECIMEN	FMNH	Insects	FMNHINS 0000 002 075				CC0_1_0	The Field Museum of Natural History	B. Malkin			2025-11-04T22:17:04.005Z		TAXON_MATCH_HIGHERRANK;OCCURRENCE_STATUS_INFERRED_FROM_INDIVIDUAL_COUNT;INSTITUTION_MATCH_FUZZY;INSTITUTION_COLLECTION_MISMATCH
1142292614	7931dcab-94f1-46ce-8092-56e4335423de	a709429d-e84c-427c-bcd4-84011256e9c7	Animalia	Arthropoda	Diplopoda	Spirostreptida	Pseudonannolenidae				FAMILY	Pseudonannolenidae	Pseudonannolenidae		BR	Barra do Tapirapé	Mato Grosso	PRESENT	13	7b8aff00-a9f8-11d8-944b-b8a03c50a862									1964-02-01	1	2	1964	2944		PRESERVED_SPECIMEN	FMNH	Insects	FMNHINS 0000 002 080				CC0_1_0	The Field Museum of Natural History	B. Malkin			2025-11-04T22:16:08.388Z		TAXON_MATCH_HIGHERRANK;OCCURRENCE_STATUS_INFERRED_FROM_INDIVIDUAL_COUNT;INSTITUTION_MATCH_FUZZY;INSTITUTION_COLLECTION_MISMATCH
1122994612	afaa80a2-6167-47e1-baae-5450206d07dd	http://id.snsb.info/zsm/collection_zsm/553023/618157/507887	Animalia	Arthropoda	Diplopoda	Spirostreptida	Spirostreptidae	Urostreptus	Urostreptus robustus		SPECIES	Urostreptus robustus (Verhoeff, 1951)	Urostreptus robustus		BR	Matto Grosso		PRESENT		0674aea0-a7e1-11d8-9534-b8a03c50a862	-12.6818	-56.9211											7195815	7195815	PRESERVED_SPECIMEN	SNSB-ZSM	ZSMarthrovariacoll	ZSM-A-20070569 / 618157 / 507887				CC_BY_4_0					2025-11-05T01:29:14.402Z		CONTINENT_DERIVED_FROM_COORDINATES;RECORDED_DATE_INVALID;REFERENCES_URI_INVALID;COLLECTION_MATCH_NONE
1122994606	afaa80a2-6167-47e1-baae-5450206d07dd	http://id.snsb.info/zsm/collection_zsm/553023/618157/508415	Animalia	Arthropoda	Diplopoda	Spirostreptida	Spirostreptidae	Urostreptus	Urostreptus robustus		SPECIES	Urostreptus robustus (Verhoeff, 1951)	Urostreptus robustus		BR	Matto Grosso		PRESENT		0674aea0-a7e1-11d8-9534-b8a03c50a862	-12.6818	-56.9211											7195815	7195815	PRESERVED_SPECIMEN	SNSB-ZSM	ZSMarthrovariacoll	ZSM-A-20070569 / 618157 / 508415				CC_BY_4_0					2025-11-05T01:29:30.607Z		CONTINENT_DERIVED_FROM_COORDINATES;RECORDED_DATE_INVALID;REFERENCES_URI_INVALID;COLLECTION_MATCH_NONE
1122989907	afaa80a2-6167-47e1-baae-5450206d07dd	http://id.snsb.info/zsm/collection_zsm/550323/615457/505822	Animalia	Arthropoda	Diplopoda	Spirostreptida	Spirostreptidae	Spirostreptus	Spirostreptus acutangulus		SPECIES	Spirocyclistus acutangulus	Spirocyclistus acutangulus		BR	Brasilia ?		PRESENT		0674aea0-a7e1-11d8-9534-b8a03c50a862	-15.7801	-47.9292											1026061	1026058	PRESERVED_SPECIMEN	SNSB-ZSM	ZSMarthrovariacoll	ZSM-A-20070643 / 615457 / 505822				CC_BY_4_0					2025-11-05T01:29:23.830Z		CONTINENT_DERIVED_FROM_COORDINATES;RECORDED_DATE_INVALID;REFERENCES_URI_INVALID;COLLECTION_MATCH_NONE
1122989904	afaa80a2-6167-47e1-baae-5450206d07dd	http://id.snsb.info/zsm/collection_zsm/550323/615457/506473	Animalia	Arthropoda	Diplopoda	Spirostreptida	Spirostreptidae	Spirostreptus	Spirostreptus acutangulus		SPECIES	Spirocyclistus acutangulus	Spirocyclistus acutangulus		BR	Brasilia ?		PRESENT		0674aea0-a7e1-11d8-9534-b8a03c50a862	-15.7801	-47.9292											1026061	1026058	PRESERVED_SPECIMEN	SNSB-ZSM	ZSMarthrovariacoll	ZSM-A-20070643 / 615457 / 506473				CC_BY_4_0					2025-11-05T01:29:28.698Z		CONTINENT_DERIVED_FROM_COORDINATES;RECORDED_DATE_INVALID;REFERENCES_URI_INVALID;COLLECTION_MATCH_NONE
1122984989	afaa80a2-6167-47e1-baae-5450206d07dd	http://id.snsb.info/zsm/collection_zsm/550317/615451/506467	Animalia	Arthropoda	Diplopoda	Spirostreptida	Pseudonannolenidae	Pseudonannolene	Pseudonannolene sebastianus		SPECIES	Pseudonannolene sebastianus Brölemann, 1902	Pseudonannolene sebastianus		BR	Minas Geraes (= Minas Gerais)		PRESENT		0674aea0-a7e1-11d8-9534-b8a03c50a862	-17.9273	-43.7828											6186003	6186003	PRESERVED_SPECIMEN	SNSB-ZSM	ZSMarthrovariacoll	ZSM-A-20070594 / 615451 / 506467				CC_BY_4_0					2025-11-05T01:29:36.396Z		CONTINENT_DERIVED_FROM_COORDINATES;RECORDED_DATE_INVALID;REFERENCES_URI_INVALID;COLLECTION_MATCH_NONE
1122984979	afaa80a2-6167-47e1-baae-5450206d07dd	http://id.snsb.info/zsm/collection_zsm/550317/615451/505816	Animalia	Arthropoda	Diplopoda	Spirostreptida	Pseudonannolenidae	Pseudonannolene	Pseudonannolene sebastianus		SPECIES	Pseudonannolene sebastianus Brölemann, 1902	Pseudonannolene sebastianus		BR	Minas Geraes (= Minas Gerais)		PRESENT		0674aea0-a7e1-11d8-9534-b8a03c50a862	-17.9273	-43.7828											6186003	6186003	PRESERVED_SPECIMEN	SNSB-ZSM	ZSMarthrovariacoll	ZSM-A-20070594 / 615451 / 505816				CC_BY_4_0					2025-11-05T01:29:00.522Z		CONTINENT_DERIVED_FROM_COORDINATES;RECORDED_DATE_INVALID;REFERENCES_URI_INVALID;COLLECTION_MATCH_NONE
1122983595	afaa80a2-6167-47e1-baae-5450206d07dd	http://id.snsb.info/zsm/collection_zsm/547735/612869/503229	Animalia	Arthropoda	Diplopoda	Spirostreptida	Pseudonannolenidae	Pseudonannolene	Pseudonannolene sebastianus		SPECIES	Pseudonannolene sebastianus Brölemann, 1902	Pseudonannolene sebastianus		BR	Minas Geraes (= Minas Gerais)		PRESENT		0674aea0-a7e1-11d8-9534-b8a03c50a862	-17.9273	-43.7828											6186003	6186003	PRESERVED_SPECIMEN	SNSB-ZSM	ZSMarthrovariacoll	ZSM-A-20042803 / 612869 / 503229				CC_BY_4_0					2025-11-05T01:28:57.224Z	StillImage	CONTINENT_DERIVED_FROM_COORDINATES;RECORDED_DATE_INVALID;REFERENCES_URI_INVALID;COLLECTION_MATCH_NONE
1122983594	afaa80a2-6167-47e1-baae-5450206d07dd	http://id.snsb.info/zsm/collection_zsm/547739/612873/503233	Animalia	Arthropoda	Diplopoda	Spirostreptida	Pseudonannolenidae	Pseudonannolene	Pseudonannolene sebastianus		SPECIES	Pseudonannolene sebastianus Brölemann, 1902	Pseudonannolene sebastianus		BR	Minas Geraes (= Minas Gerais)		PRESENT		0674aea0-a7e1-11d8-9534-b8a03c50a862	-17.9273	-43.7828											6186003	6186003	PRESERVED_SPECIMEN	SNSB-ZSM	ZSMarthrovariacoll	ZSM-A-20042807 / 612873 / 503233				CC_BY_4_0					2025-11-05T01:29:04.683Z	StillImage	CONTINENT_DERIVED_FROM_COORDINATES;RECORDED_DATE_INVALID;REFERENCES_URI_INVALID;COLLECTION_MATCH_NONE
1122983579	afaa80a2-6167-47e1-baae-5450206d07dd	http://id.snsb.info/zsm/collection_zsm/547737/612871/503231	Animalia	Arthropoda	Diplopoda	Spirostreptida	Pseudonannolenidae	Pseudonannolene	Pseudonannolene sebastianus		SPECIES	Pseudonannolene sebastianus Brölemann, 1902	Pseudonannolene sebastianus		BR	Minas Geraes (= Minas Gerais)		PRESENT		0674aea0-a7e1-11d8-9534-b8a03c50a862	-17.9273	-43.7828											6186003	6186003	PRESERVED_SPECIMEN	SNSB-ZSM	ZSMarthrovariacoll	ZSM-A-20042805 / 612871 / 503231				CC_BY_4_0					2025-11-05T01:29:27.267Z	StillImage	CONTINENT_DERIVED_FROM_COORDINATES;RECORDED_DATE_INVALID;REFERENCES_URI_INVALID;COLLECTION_MATCH_NONE
1122983571	afaa80a2-6167-47e1-baae-5450206d07dd	http://id.snsb.info/zsm/collection_zsm/547736/612870/503230	Animalia	Arthropoda	Diplopoda	Spirostreptida	Pseudonannolenidae	Pseudonannolene	Pseudonannolene sebastianus		SPECIES	Pseudonannolene sebastianus Brölemann, 1902	Pseudonannolene sebastianus		BR	Minas Geraes (= Minas Gerais)		PRESENT		0674aea0-a7e1-11d8-9534-b8a03c50a862	-17.9273	-43.7828											6186003	6186003	PRESERVED_SPECIMEN	SNSB-ZSM	ZSMarthrovariacoll	ZSM-A-20042804 / 612870 / 503230				CC_BY_4_0					2025-11-05T01:29:03.840Z	StillImage	CONTINENT_DERIVED_FROM_COORDINATES;RECORDED_DATE_INVALID;REFERENCES_URI_INVALID;COLLECTION_MATCH_NONE
1122983569	afaa80a2-6167-47e1-baae-5450206d07dd	http://id.snsb.info/zsm/collection_zsm/547738/612872/503232	Animalia	Arthropoda	Diplopoda	Spirostreptida	Pseudonannolenidae	Pseudonannolene	Pseudonannolene sebastianus		SPECIES	Pseudonannolene sebastianus Brölemann, 1902	Pseudonannolene sebastianus		BR	Minas Geraes (= Minas Gerais)		PRESENT		0674aea0-a7e1-11d8-9534-b8a03c50a862	-17.9273	-43.7828											6186003	6186003	PRESERVED_SPECIMEN	SNSB-ZSM	ZSMarthrovariacoll	ZSM-A-20042806 / 612872 / 503232				CC_BY_4_0					2025-11-05T01:29:12.804Z	StillImage	CONTINENT_DERIVED_FROM_COORDINATES;RECORDED_DATE_INVALID;REFERENCES_URI_INVALID;COLLECTION_MATCH_NONE
1122983568	afaa80a2-6167-47e1-baae-5450206d07dd	http://id.snsb.info/zsm/collection_zsm/547740/612874/503234	Animalia	Arthropoda	Diplopoda	Spirostreptida	Pseudonannolenidae	Pseudonannolene	Pseudonannolene sebastianus		SPECIES	Pseudonannolene sebastianus Brölemann, 1902	Pseudonannolene sebastianus		BR	Minas Geraes (= Minas Gerais)		PRESENT		0674aea0-a7e1-11d8-9534-b8a03c50a862	-17.9273	-43.7828											6186003	6186003	PRESERVED_SPECIMEN	SNSB-ZSM	ZSMarthrovariacoll	ZSM-A-20042808 / 612874 / 503234				CC_BY_4_0					2025-11-05T01:29:32.375Z	StillImage	CONTINENT_DERIVED_FROM_COORDINATES;RECORDED_DATE_INVALID;REFERENCES_URI_INVALID;COLLECTION_MATCH_NONE
1122979370	afaa80a2-6167-47e1-baae-5450206d07dd	http://id.snsb.info/zsm/collection_zsm/553032/618166/506763	Animalia	Arthropoda	Diplopoda	Spirostreptida	Spirostreptidae	Orthoporus	Orthoporus ligulifer		SPECIES	Orthoporus ligulifer (Verhoeff, 1938)	Orthoporus ligulifer		BR	Minas Geraes (= Minas Gerais)		PRESENT		0674aea0-a7e1-11d8-9534-b8a03c50a862	-17.9273	-43.7828											7195666	7195666	PRESERVED_SPECIMEN	SNSB-ZSM	ZSMarthrovariacoll	ZSM-A-20070584 / 618166 / 506763				CC_BY_4_0					2025-11-05T01:29:00.922Z		CONTINENT_DERIVED_FROM_COORDINATES;RECORDED_DATE_INVALID;REFERENCES_URI_INVALID;COLLECTION_MATCH_NONE
1122974273	afaa80a2-6167-47e1-baae-5450206d07dd	http://id.snsb.info/zsm/collection_zsm/546390/611524/500223	Animalia	Arthropoda	Diplopoda	Spirostreptida	Spirostreptidae	Orthoporus	Orthoporus ligulifer		SPECIES	Minasgonus ligulifer Verhoeff, 1938	Minasgonus ligulifer		BR	Minas Geraes (= Minas Gerais)		PRESENT		0674aea0-a7e1-11d8-9534-b8a03c50a862	-17.9273	-43.7828											11085488	7195666	PRESERVED_SPECIMEN	SNSB-ZSM	ZSMarthrovariacoll	ZSM-A-20031566 / 611524 / 500223				CC_BY_4_0		Verhoeff, Karl Wilhelm			2025-11-05T01:28:46.925Z	StillImage	CONTINENT_DERIVED_FROM_COORDINATES;RECORDED_DATE_INVALID;REFERENCES_URI_INVALID;COLLECTION_MATCH_NONE
1122974271	afaa80a2-6167-47e1-baae-5450206d07dd	http://id.snsb.info/zsm/collection_zsm/546407/611541/500240	Animalia	Arthropoda	Diplopoda	Spirostreptida	Spirostreptidae	Orthoporus	Orthoporus ligulifer		SPECIES	Minasgonus ligulifer Verhoeff, 1938	Minasgonus ligulifer		BR	Minas Geraes (= Minas Gerais)		PRESENT		0674aea0-a7e1-11d8-9534-b8a03c50a862	-17.9273	-43.7828											11085488	7195666	PRESERVED_SPECIMEN	SNSB-ZSM	ZSMarthrovariacoll	ZSM-A-20031583 / 611541 / 500240				CC_BY_4_0		Verhoeff, Karl Wilhelm			2025-11-05T01:29:02.644Z	StillImage	CONTINENT_DERIVED_FROM_COORDINATES;RECORDED_DATE_INVALID;REFERENCES_URI_INVALID;COLLECTION_MATCH_NONE
1122968441	afaa80a2-6167-47e1-baae-5450206d07dd	http://id.snsb.info/zsm/collection_zsm/553027/618161/506758	Animalia	Arthropoda	Diplopoda	Spirostreptida	Spirostreptidae	Helicogonus	Helicogonus geraesius		SPECIES	Helicogonus geraesius Verhoeff, 1951	Helicogonus geraesius		BR	Brasil		PRESENT		0674aea0-a7e1-11d8-9534-b8a03c50a862													4987464	4987464	PRESERVED_SPECIMEN	SNSB-ZSM	ZSMarthrovariacoll	ZSM-A-20070579 / 618161 / 506758				CC_BY_4_0					2025-11-05T01:29:03.679Z		CONTINENT_DERIVED_FROM_COUNTRY;RECORDED_DATE_INVALID;REFERENCES_URI_INVALID;COLLECTION_MATCH_NONE
1122968400	afaa80a2-6167-47e1-baae-5450206d07dd	http://id.snsb.info/zsm/collection_zsm/550315/615449/505814	Animalia	Arthropoda	Diplopoda	Spirostreptida	Spirostreptidae	Helicogonus	Helicogonus dentiger		SPECIES	Helicogonus dentiger Verhoeff, 1951	Helicogonus dentiger relictus		BR	Brasil		PRESENT		0674aea0-a7e1-11d8-9534-b8a03c50a862													4987465	4987465	PRESERVED_SPECIMEN	SNSB-ZSM	ZSMarthrovariacoll	ZSM-A-20070578 / 615449 / 505814				CC_BY_4_0					2025-11-05T01:29:27.408Z		CONTINENT_DERIVED_FROM_COUNTRY;RECORDED_DATE_INVALID;TAXON_MATCH_HIGHERRANK;REFERENCES_URI_INVALID;COLLECTION_MATCH_NONE
1122968394	afaa80a2-6167-47e1-baae-5450206d07dd	http://id.snsb.info/zsm/collection_zsm/550315/615449/506465	Animalia	Arthropoda	Diplopoda	Spirostreptida	Spirostreptidae	Helicogonus	Helicogonus dentiger		SPECIES	Helicogonus dentiger Verhoeff, 1951	Helicogonus dentiger relictus		BR	Brasil		PRESENT		0674aea0-a7e1-11d8-9534-b8a03c50a862													4987465	4987465	PRESERVED_SPECIMEN	SNSB-ZSM	ZSMarthrovariacoll	ZSM-A-20070578 / 615449 / 506465				CC_BY_4_0					2025-11-05T01:29:32.326Z		CONTINENT_DERIVED_FROM_COUNTRY;RECORDED_DATE_INVALID;TAXON_MATCH_HIGHERRANK;REFERENCES_URI_INVALID;COLLECTION_MATCH_NONE
1122968150	afaa80a2-6167-47e1-baae-5450206d07dd	http://id.snsb.info/zsm/collection_zsm/547727/612861/503221	Animalia	Arthropoda	Diplopoda	Spirostreptida	Spirostreptidae	Helicogonus	Helicogonus dentiger		SPECIES	Helicogonus dentiger Verhoeff, 1951	Helicogonus dentiger relictus		BR	Brasilien		PRESENT		0674aea0-a7e1-11d8-9534-b8a03c50a862													4987465	4987465	PRESERVED_SPECIMEN	SNSB-ZSM	ZSMarthrovariacoll	ZSM-A-20042794 / 612861 / 503221				CC_BY_4_0					2025-11-05T01:28:58.503Z	StillImage	CONTINENT_DERIVED_FROM_COUNTRY;RECORDED_DATE_INVALID;TAXON_MATCH_HIGHERRANK;REFERENCES_URI_INVALID;COLLECTION_MATCH_NONE
1122957364	afaa80a2-6167-47e1-baae-5450206d07dd	http://id.snsb.info/zsm/collection_zsm/546387/611521/500220	Animalia	Arthropoda	Diplopoda	Spirostreptida	Spirostreptidae	Helicogonus	Helicogonus geraesius		SPECIES	Helicogonus geraesius Verhoeff, 1951	Helicogonus geraesius		BR	Minas Geraes (= Minas Gerais)		PRESENT		0674aea0-a7e1-11d8-9534-b8a03c50a862	-17.9273	-43.7828											4987464	4987464	PRESERVED_SPECIMEN	SNSB-ZSM	ZSMarthrovariacoll	ZSM-A-20031563 / 611521 / 500220				CC_BY_4_0		Verhoeff, Karl Wilhelm	Holotype		2025-11-05T01:29:29.234Z	StillImage	CONTINENT_DERIVED_FROM_COORDINATES;RECORDED_DATE_INVALID;REFERENCES_URI_INVALID;COLLECTION_MATCH_NONE
1122957360	afaa80a2-6167-47e1-baae-5450206d07dd	http://id.snsb.info/zsm/collection_zsm/546385/611519/500218	Animalia	Arthropoda	Diplopoda	Spirostreptida	Spirostreptidae	Helicogonus	Helicogonus dentiger		SPECIES	Helicogonus dentiger Verhoeff, 1951	Helicogonus dentiger		BR	Minas Geraes (= Minas Gerais)		PRESENT		0674aea0-a7e1-11d8-9534-b8a03c50a862	-17.9273	-43.7828											4987465	4987465	PRESERVED_SPECIMEN	SNSB-ZSM	ZSMarthrovariacoll	ZSM-A-20031561 / 611519 / 500218				CC_BY_4_0		Verhoeff, Karl Wilhelm	Holotype		2025-11-05T01:29:36.101Z	StillImage	CONTINENT_DERIVED_FROM_COORDINATES;RECORDED_DATE_INVALID;REFERENCES_URI_INVALID;COLLECTION_MATCH_NONE
1122957358	afaa80a2-6167-47e1-baae-5450206d07dd	http://id.snsb.info/zsm/collection_zsm/546386/611520/500219	Animalia	Arthropoda	Diplopoda	Spirostreptida	Spirostreptidae	Helicogonus	Helicogonus dentiger		SPECIES	Helicogonus dentiger Verhoeff, 1951	Helicogonus dentiger		BR	Minas Geraes (= Minas Gerais)		PRESENT		0674aea0-a7e1-11d8-9534-b8a03c50a862	-17.9273	-43.7828											4987465	4987465	PRESERVED_SPECIMEN	SNSB-ZSM	ZSMarthrovariacoll	ZSM-A-20031562 / 611520 / 500219				CC_BY_4_0		Verhoeff, Karl Wilhelm	Holotype		2025-11-05T01:29:33.670Z	StillImage	CONTINENT_DERIVED_FROM_COORDINATES;RECORDED_DATE_INVALID;REFERENCES_URI_INVALID;COLLECTION_MATCH_NONE
1122957345	afaa80a2-6167-47e1-baae-5450206d07dd	http://id.snsb.info/zsm/collection_zsm/546388/611522/500221	Animalia	Arthropoda	Diplopoda	Spirostreptida	Spirostreptidae	Helicogonus	Helicogonus geraesius		SPECIES	Helicogonus geraesius Verhoeff, 1951	Helicogonus geraesius		BR	Minas Geraes (= Minas Gerais)		PRESENT		0674aea0-a7e1-11d8-9534-b8a03c50a862	-17.9273	-43.7828											4987464	4987464	PRESERVED_SPECIMEN	SNSB-ZSM	ZSMarthrovariacoll	ZSM-A-20031564 / 611522 / 500221				CC_BY_4_0		Verhoeff, Karl Wilhelm			2025-11-05T01:28:44.032Z	StillImage	CONTINENT_DERIVED_FROM_COORDINATES;RECORDED_DATE_INVALID;REFERENCES_URI_INVALID;COLLECTION_MATCH_NONE
1122957336	afaa80a2-6167-47e1-baae-5450206d07dd	http://id.snsb.info/zsm/collection_zsm/546389/611523/500222	Animalia	Arthropoda	Diplopoda	Spirostreptida	Spirostreptidae	Helicogonus	Helicogonus geraesius		SPECIES	Helicogonus geraesius Verhoeff, 1951	Helicogonus geraesius		BR	Minas Geraes (= Minas Gerais)		PRESENT		0674aea0-a7e1-11d8-9534-b8a03c50a862	-17.9273	-43.7828											4987464	4987464	PRESERVED_SPECIMEN	SNSB-ZSM	ZSMarthrovariacoll	ZSM-A-20031565 / 611523 / 500222				CC_BY_4_0		Verhoeff, Karl Wilhelm			2025-11-05T01:29:30.824Z	StillImage	CONTINENT_DERIVED_FROM_COORDINATES;RECORDED_DATE_INVALID;REFERENCES_URI_INVALID;COLLECTION_MATCH_NONE
1122955453	afaa80a2-6167-47e1-baae-5450206d07dd	http://id.snsb.info/zsm/collection_zsm/550313/615447/506463	Animalia	Arthropoda	Diplopoda	Spirostreptida	Spirostreptidae	Gymnostreptus	Gymnostreptus claviger		SPECIES	Gymnostreptus claviger Verhoeff, 1943	Gymnostreptus claviger		BR	Minas Geraes (= Minas Gerais)		PRESENT		0674aea0-a7e1-11d8-9534-b8a03c50a862	-17.9273	-43.7828											1025215	1025215	PRESERVED_SPECIMEN	SNSB-ZSM	ZSMarthrovariacoll	ZSM-A-20070574 / 615447 / 506463				CC_BY_4_0					2025-11-05T01:29:09.125Z		CONTINENT_DERIVED_FROM_COORDINATES;RECORDED_DATE_INVALID;REFERENCES_URI_INVALID;COLLECTION_MATCH_NONE
1122955446	afaa80a2-6167-47e1-baae-5450206d07dd	http://id.snsb.info/zsm/collection_zsm/550313/615447/505812	Animalia	Arthropoda	Diplopoda	Spirostreptida	Spirostreptidae	Gymnostreptus	Gymnostreptus claviger		SPECIES	Gymnostreptus claviger Verhoeff, 1943	Gymnostreptus claviger		BR	Minas Geraes (= Minas Gerais)		PRESENT		0674aea0-a7e1-11d8-9534-b8a03c50a862	-17.9273	-43.7828											1025215	1025215	PRESERVED_SPECIMEN	SNSB-ZSM	ZSMarthrovariacoll	ZSM-A-20070574 / 615447 / 505812				CC_BY_4_0					2025-11-05T01:29:35.111Z		CONTINENT_DERIVED_FROM_COORDINATES;RECORDED_DATE_INVALID;REFERENCES_URI_INVALID;COLLECTION_MATCH_NONE
1122953819	afaa80a2-6167-47e1-baae-5450206d07dd	http://id.snsb.info/zsm/collection_zsm/546382/611516/500215	Animalia	Arthropoda	Diplopoda	Spirostreptida	Spirostreptidae	Gymnostreptus	Gymnostreptus claviger		SPECIES	Gymnostreptus claviger Verhoeff, 1943	Gymnostreptus claviger		BR	Minas Geraes (= Minas Gerais)		PRESENT		0674aea0-a7e1-11d8-9534-b8a03c50a862	-17.9273	-43.7828											1025215	1025215	PRESERVED_SPECIMEN	SNSB-ZSM	ZSMarthrovariacoll	ZSM-A-20031558 / 611516 / 500215				CC_BY_4_0		Verhoeff, Karl Wilhelm			2025-11-05T01:29:36.087Z	StillImage	CONTINENT_DERIVED_FROM_COORDINATES;RECORDED_DATE_INVALID;REFERENCES_URI_INVALID;COLLECTION_MATCH_NONE
1122953815	afaa80a2-6167-47e1-baae-5450206d07dd	http://id.snsb.info/zsm/collection_zsm/546383/611517/500216	Animalia	Arthropoda	Diplopoda	Spirostreptida	Spirostreptidae	Gymnostreptus	Gymnostreptus claviger		SPECIES	Gymnostreptus claviger Verhoeff, 1943	Gymnostreptus claviger		BR	Minas Geraes (= Minas Gerais)		PRESENT		0674aea0-a7e1-11d8-9534-b8a03c50a862	-17.9273	-43.7828											1025215	1025215	PRESERVED_SPECIMEN	SNSB-ZSM	ZSMarthrovariacoll	ZSM-A-20031559 / 611517 / 500216				CC_BY_4_0		Verhoeff, Karl Wilhelm			2025-11-05T01:29:28.999Z	StillImage	CONTINENT_DERIVED_FROM_COORDINATES;RECORDED_DATE_INVALID;REFERENCES_URI_INVALID;COLLECTION_MATCH_NONE
1122953809	afaa80a2-6167-47e1-baae-5450206d07dd	http://id.snsb.info/zsm/collection_zsm/546384/611518/500217	Animalia	Arthropoda	Diplopoda	Spirostreptida	Spirostreptidae	Gymnostreptus	Gymnostreptus claviger		SPECIES	Gymnostreptus claviger Verhoeff, 1943	Gymnostreptus claviger		BR	Minas Geraes (= Minas Gerais)		PRESENT		0674aea0-a7e1-11d8-9534-b8a03c50a862	-17.9273	-43.7828											1025215	1025215	PRESERVED_SPECIMEN	SNSB-ZSM	ZSMarthrovariacoll	ZSM-A-20031560 / 611518 / 500217				CC_BY_4_0		Verhoeff, Karl Wilhelm			2025-11-05T01:28:44.503Z	StillImage	CONTINENT_DERIVED_FROM_COORDINATES;RECORDED_DATE_INVALID;REFERENCES_URI_INVALID;COLLECTION_MATCH_NONE
1122952920	afaa80a2-6167-47e1-baae-5450206d07dd	http://id.snsb.info/zsm/collection_zsm/547722/612856/503216	Animalia	Arthropoda	Diplopoda	Spirostreptida	Spirostreptidae	Urostreptus	Urostreptus robustus		SPECIES	Exospermastix robustus Verhoeff, 1951	Exospermastix robustus		BR	... Matto Grosso ... der zweiten Schinopu-Reise Dr. Herm. Meyers ... in Lagern am Rio Bandeira ..., 15°30´ s. Br. und 56°12´ w.L.		PRESENT		0674aea0-a7e1-11d8-9534-b8a03c50a862	-15.50496	-56.199265							1899-03-23	23	3	1899	1025327	7195815	PRESERVED_SPECIMEN	SNSB-ZSM	ZSMarthrovariacoll	ZSM-A-20042789 / 612856 / 503216				CC_BY_4_0		Dr. Hermann Meyer	Holotype		2025-11-05T01:29:23.713Z	StillImage	COORDINATE_ROUNDED;CONTINENT_DERIVED_FROM_COORDINATES;REFERENCES_URI_INVALID;COLLECTION_MATCH_NONE
1122944990	afaa80a2-6167-47e1-baae-5450206d07dd	http://id.snsb.info/zsm/collection_zsm/550308/615442/505807	Animalia	Arthropoda	Diplopoda	Spirostreptida	Spirostreptidae	Brasilostreptus	Brasilostreptus gracilis		SPECIES	Brasilostreptus gracilis Verhoeff, 1938	Brasilostreptus gracilis		BR	Bahia		PRESENT		0674aea0-a7e1-11d8-9534-b8a03c50a862	-11.4098	-41.2808											1025675	1025675	PRESERVED_SPECIMEN	SNSB-ZSM	ZSMarthrovariacoll	ZSM-A-20070564 / 615442 / 505807				CC_BY_4_0					2025-11-05T01:29:01.558Z		CONTINENT_DERIVED_FROM_COORDINATES;RECORDED_DATE_INVALID;REFERENCES_URI_INVALID;COLLECTION_MATCH_NONE
1062375425	3287044c-8c48-4ad6-81d4-4908071bc8db	http://coldb.mnhn.fr/catalognumber/mnhn/my/my9980	Animalia	Arthropoda	Diplopoda	Spirostreptida	Spirostreptidae	Cladostreptus	Cladostreptus angustifrons		SPECIES	Cladostreptus angustifrons (Brölemann, 1902)	Cladostreptus angustifrons (Brölemann, 1902)	(Brölemann, 1902)	BR		Bahia	PRESENT	1	2cd829bb-b713-433d-99cf-64bef11e5b3e									1889-01-01/1889-12-31			1889	1025748	1025748	PRESERVED_SPECIMEN	MNHN	MY	MY9980		Mauriès J.P.		CC_BY_4_0		Gounelle É.			2025-11-05T02:45:46.518Z		OCCURRENCE_STATUS_INFERRED_FROM_INDIVIDUAL_COUNT;INSTITUTION_MATCH_FUZZY
1062375416	3287044c-8c48-4ad6-81d4-4908071bc8db	http://coldb.mnhn.fr/catalognumber/mnhn/my/my9979	Animalia	Arthropoda	Diplopoda	Spirostreptida	Spirostreptidae	Cladostreptus	Cladostreptus angustifrons		SPECIES	Cladostreptus angustifrons (Brölemann, 1902)	Cladostreptus angustifrons (Brölemann, 1902)	(Brölemann, 1902)	BR		Pernambouc	PRESENT	1	2cd829bb-b713-433d-99cf-64bef11e5b3e									1889-01-01/1889-12-31			1889	1025748	1025748	PRESERVED_SPECIMEN	MNHN	MY	MY9979		Mauriès J.P.		CC_BY_4_0		Gounelle É.			2025-11-05T02:45:46.379Z		OCCURRENCE_STATUS_INFERRED_FROM_INDIVIDUAL_COUNT;INSTITUTION_MATCH_FUZZY
1062375403	3287044c-8c48-4ad6-81d4-4908071bc8db	http://coldb.mnhn.fr/catalognumber/mnhn/my/my9969	Animalia	Arthropoda	Diplopoda	Spirostreptida	Spirostreptidae	Sooretama	Sooretama aguirrei		SPECIES	Sooretama aguirrei Schubart, 1945	Sooretama aguirrei Schubart, 1944	Schubart, 1944	BR		Espírito Santo	PRESENT	1	2cd829bb-b713-433d-99cf-64bef11e5b3e									1944-10-01/1944-10-31		10	1944	1025341	1025341	PRESERVED_SPECIMEN	MNHN	MY	MY9969		Schubart O.		CC_BY_4_0		Aguirre A.	Type		2025-11-05T02:45:46.326Z		OCCURRENCE_STATUS_INFERRED_FROM_INDIVIDUAL_COUNT;INSTITUTION_MATCH_FUZZY
1062375398	3287044c-8c48-4ad6-81d4-4908071bc8db	http://coldb.mnhn.fr/catalognumber/mnhn/my/my9978	Animalia	Arthropoda	Diplopoda	Spirostreptida	Spirostreptidae	Cladostreptus	Cladostreptus angustifrons		SPECIES	Cladostreptus angustifrons (Brölemann, 1902)	Cladostreptus angustifrons (Brölemann, 1902)	(Brölemann, 1902)	BR		Bahia	PRESENT	1	2cd829bb-b713-433d-99cf-64bef11e5b3e									1889-01-01/1889-12-31			1889	1025748	1025748	PRESERVED_SPECIMEN	MNHN	MY	MY9978		Mauriès J.P.		CC_BY_4_0		Gounelle É.			2025-11-05T02:45:46.409Z		OCCURRENCE_STATUS_INFERRED_FROM_INDIVIDUAL_COUNT;INSTITUTION_MATCH_FUZZY
1062374629	3287044c-8c48-4ad6-81d4-4908071bc8db	http://coldb.mnhn.fr/catalognumber/mnhn/my/my9211	Animalia	Arthropoda	Diplopoda	Spirostreptida	Spirostreptidae	Plusioporus	Plusioporus setiger		SPECIES	Spirostreptus setiger Brölemann, 1902	Spirostreptus (Alloporus) setiger Brölemann, 1902	Brölemann, 1902	BR		Pará	PRESENT	1	2cd829bb-b713-433d-99cf-64bef11e5b3e									1899-12-04	4	12	1899	1026198	1026197	PRESERVED_SPECIMEN	MNHN	MY	MY9211				CC_BY_4_0		Goeldi E.A.			2025-11-05T02:46:02.078Z		OCCURRENCE_STATUS_INFERRED_FROM_INDIVIDUAL_COUNT;INSTITUTION_MATCH_FUZZY
1062374614	3287044c-8c48-4ad6-81d4-4908071bc8db	http://coldb.mnhn.fr/catalognumber/mnhn/my/my9221	Animalia	Arthropoda	Diplopoda	Spirostreptida	Spirostreptidae	Plusioporus	Plusioporus setiger		SPECIES	Spirostreptus setiger Brölemann, 1902	Spirostreptus (Alloporus) setiger Brölemann, 1902	Brölemann, 1902	BR		Sao Paulo	PRESENT	5	2cd829bb-b713-433d-99cf-64bef11e5b3e													1026198	1026197	PRESERVED_SPECIMEN	MNHN	MY	MY9221		Schubart O.		CC_BY_4_0		Schubart O.			2025-11-05T02:46:02.166Z		OCCURRENCE_STATUS_INFERRED_FROM_INDIVIDUAL_COUNT;INSTITUTION_MATCH_FUZZY
1062374612	3287044c-8c48-4ad6-81d4-4908071bc8db	http://coldb.mnhn.fr/catalognumber/mnhn/my/my9213	Animalia	Arthropoda	Diplopoda	Spirostreptida	Spirostreptidae	Plusioporus	Plusioporus setiger		SPECIES	Spirostreptus setiger Brölemann, 1902	Spirostreptus (Alloporus) setiger Brölemann, 1902	Brölemann, 1902	BR		Pará	PRESENT	1	2cd829bb-b713-433d-99cf-64bef11e5b3e									1899-12-04	4	12	1899	1026198	1026197	PRESERVED_SPECIMEN	MNHN	MY	MY9213				CC_BY_4_0		Goeldi E.A.			2025-11-05T02:46:02.078Z		OCCURRENCE_STATUS_INFERRED_FROM_INDIVIDUAL_COUNT;INSTITUTION_MATCH_FUZZY
1062374605	3287044c-8c48-4ad6-81d4-4908071bc8db	http://coldb.mnhn.fr/catalognumber/mnhn/my/my9212	Animalia	Arthropoda	Diplopoda	Spirostreptida	Spirostreptidae	Plusioporus	Plusioporus setiger		SPECIES	Spirostreptus setiger Brölemann, 1902	Spirostreptus (Alloporus) setiger Brölemann, 1902	Brölemann, 1902	BR		Pará	PRESENT	1	2cd829bb-b713-433d-99cf-64bef11e5b3e									1899-12-04	4	12	1899	1026198	1026197	PRESERVED_SPECIMEN	MNHN	MY	MY9212				CC_BY_4_0		Goeldi E.A.			2025-11-05T02:46:02.069Z		OCCURRENCE_STATUS_INFERRED_FROM_INDIVIDUAL_COUNT;INSTITUTION_MATCH_FUZZY
1062374601	3287044c-8c48-4ad6-81d4-4908071bc8db	http://coldb.mnhn.fr/catalognumber/mnhn/my/my9222	Animalia	Arthropoda	Diplopoda	Spirostreptida	Spirostreptidae	Plusioporus	Plusioporus setiger		SPECIES	Spirostreptus setiger Brölemann, 1902	Spirostreptus (Alloporus) setiger Brölemann, 1902	Brölemann, 1902	BR		Sao Paulo	PRESENT	2	2cd829bb-b713-433d-99cf-64bef11e5b3e													1026198	1026197	PRESERVED_SPECIMEN	MNHN	MY	MY9222				CC_BY_4_0		Dreher O.			2025-11-05T02:46:02.166Z		OCCURRENCE_STATUS_INFERRED_FROM_INDIVIDUAL_COUNT;INSTITUTION_MATCH_FUZZY
1062374599	3287044c-8c48-4ad6-81d4-4908071bc8db	http://coldb.mnhn.fr/catalognumber/mnhn/my/my9223	Animalia	Arthropoda	Diplopoda	Spirostreptida	Spirostreptidae	Plusioporus	Plusioporus setiger		SPECIES	Spirostreptus setiger Brölemann, 1902	Spirostreptus (Alloporus) setiger Brölemann, 1902	Brölemann, 1902	BR		Belem	PRESENT	1	2cd829bb-b713-433d-99cf-64bef11e5b3e													1026198	1026197	PRESERVED_SPECIMEN	MNHN	MY	MY9223		Brölemann H.W.		CC_BY_4_0		Ihering H. von	Type		2025-11-05T02:46:02.135Z		OCCURRENCE_STATUS_INFERRED_FROM_INDIVIDUAL_COUNT;INSTITUTION_MATCH_FUZZY
1062374590	3287044c-8c48-4ad6-81d4-4908071bc8db	http://coldb.mnhn.fr/catalognumber/mnhn/my/my9216	Animalia	Arthropoda	Diplopoda	Spirostreptida	Spirostreptidae	Plusioporus	Plusioporus setiger		SPECIES	Spirostreptus setiger Brölemann, 1902	Spirostreptus (Alloporus) setiger Brölemann, 1902	Brölemann, 1902	BR			PRESENT	4	2cd829bb-b713-433d-99cf-64bef11e5b3e									1889-01-01/1889-12-31			1889	1026198	1026197	PRESERVED_SPECIMEN	MNHN	MY	MY9216				CC_BY_4_0		Gounelle É.			2025-11-05T02:46:02.069Z		OCCURRENCE_STATUS_INFERRED_FROM_INDIVIDUAL_COUNT;INSTITUTION_MATCH_FUZZY
1062374588	3287044c-8c48-4ad6-81d4-4908071bc8db	http://coldb.mnhn.fr/catalognumber/mnhn/my/my9214	Animalia	Arthropoda	Diplopoda	Spirostreptida	Spirostreptidae	Plusioporus	Plusioporus setiger		SPECIES	Spirostreptus setiger Brölemann, 1902	Spirostreptus (Alloporus) setiger Brölemann, 1902	Brölemann, 1902	BR			PRESENT	10	2cd829bb-b713-433d-99cf-64bef11e5b3e									1901-06-30	30	6	1901	1026198	1026197	PRESERVED_SPECIMEN	MNHN	MY	MY9214				CC_BY_4_0		Goeldi E.A.			2025-11-05T02:46:02.078Z		OCCURRENCE_STATUS_INFERRED_FROM_INDIVIDUAL_COUNT;INSTITUTION_MATCH_FUZZY
1062374586	3287044c-8c48-4ad6-81d4-4908071bc8db	http://coldb.mnhn.fr/catalognumber/mnhn/my/my9220	Animalia	Arthropoda	Diplopoda	Spirostreptida	Spirostreptidae	Plusioporus	Plusioporus setiger		SPECIES	Spirostreptus setiger Brölemann, 1902	Spirostreptus (Alloporus) setiger Brölemann, 1902	Brölemann, 1902	BR		Sao Paulo	PRESENT	7	2cd829bb-b713-433d-99cf-64bef11e5b3e													1026198	1026197	PRESERVED_SPECIMEN	MNHN	MY	MY9220				CC_BY_4_0		Dreher O.			2025-11-05T02:46:02.166Z		OCCURRENCE_STATUS_INFERRED_FROM_INDIVIDUAL_COUNT;INSTITUTION_MATCH_FUZZY
1062374583	3287044c-8c48-4ad6-81d4-4908071bc8db	http://coldb.mnhn.fr/catalognumber/mnhn/my/my9218	Animalia	Arthropoda	Diplopoda	Spirostreptida	Spirostreptidae	Plusioporus	Plusioporus setiger		SPECIES	Spirostreptus setiger Brölemann, 1902	Spirostreptus (Alloporus) setiger Brölemann, 1902	Brölemann, 1902	BR		Bahia	PRESENT	1	2cd829bb-b713-433d-99cf-64bef11e5b3e									1896-08-08	8	8	1896	1026198	1026197	PRESERVED_SPECIMEN	MNHN	MY	MY9218				CC_BY_4_0		Ihering H. von			2025-11-05T02:46:02.069Z		OCCURRENCE_STATUS_INFERRED_FROM_INDIVIDUAL_COUNT;INSTITUTION_MATCH_FUZZY
1062374575	3287044c-8c48-4ad6-81d4-4908071bc8db	http://coldb.mnhn.fr/catalognumber/mnhn/my/my9215	Animalia	Arthropoda	Diplopoda	Spirostreptida	Spirostreptidae	Plusioporus	Plusioporus setiger		SPECIES	Spirostreptus setiger Brölemann, 1902	Spirostreptus (Alloporus) setiger Brölemann, 1902	Brölemann, 1902	BR			PRESENT	7	2cd829bb-b713-433d-99cf-64bef11e5b3e									1896-01-01/1896-12-31			1896	1026198	1026197	PRESERVED_SPECIMEN	MNHN	MY	MY9215		Hoffman R.L.		CC_BY_4_0		Ihering H. von	Type		2025-11-05T02:46:02.078Z		OCCURRENCE_STATUS_INFERRED_FROM_INDIVIDUAL_COUNT;INSTITUTION_MATCH_FUZZY
1062374574	3287044c-8c48-4ad6-81d4-4908071bc8db	http://coldb.mnhn.fr/catalognumber/mnhn/my/my9217	Animalia	Arthropoda	Diplopoda	Spirostreptida	Spirostreptidae	Plusioporus	Plusioporus setiger		SPECIES	Spirostreptus setiger Brölemann, 1902	Spirostreptus (Alloporus) setiger Brölemann, 1902	Brölemann, 1902	BR	Sertao de Bahia	Bahia	PRESENT	2	2cd829bb-b713-433d-99cf-64bef11e5b3e									1889-01-01/1889-12-31			1889	1026198	1026197	PRESERVED_SPECIMEN	MNHN	MY	MY9217				CC_BY_4_0		Gounelle É.			2025-11-05T02:46:02.069Z		OCCURRENCE_STATUS_INFERRED_FROM_INDIVIDUAL_COUNT;INSTITUTION_MATCH_FUZZY
1062374558	3287044c-8c48-4ad6-81d4-4908071bc8db	http://coldb.mnhn.fr/catalognumber/mnhn/my/my9210	Animalia	Arthropoda	Diplopoda	Spirostreptida	Spirostreptidae	Plusioporus	Plusioporus setiger		SPECIES	Spirostreptus setiger Brölemann, 1902	Spirostreptus (Alloporus) setiger Brölemann, 1902	Brölemann, 1902	BR	Sertao de Bahia	Bahia	PRESENT	2	2cd829bb-b713-433d-99cf-64bef11e5b3e									1889-01-01/1889-12-31			1889	1026198	1026197	PRESERVED_SPECIMEN	MNHN	MY	MY9210				CC_BY_4_0		Gounelle É.			2025-11-05T02:46:02.078Z		OCCURRENCE_STATUS_INFERRED_FROM_INDIVIDUAL_COUNT;INSTITUTION_MATCH_FUZZY
1062374554	3287044c-8c48-4ad6-81d4-4908071bc8db	http://coldb.mnhn.fr/catalognumber/mnhn/my/my9209	Animalia	Arthropoda	Diplopoda	Spirostreptida	Spirostreptidae	Plusioporus	Plusioporus setiger		SPECIES	Spirostreptus setiger Brölemann, 1902	Spirostreptus (Alloporus) setiger Brölemann, 1902	Brölemann, 1902	BR		Bahia	PRESENT	1	2cd829bb-b713-433d-99cf-64bef11e5b3e									1896-08-08	8	8	1896	1026198	1026197	PRESERVED_SPECIMEN	MNHN	MY	MY9209				CC_BY_4_0		Ihering H. von			2025-11-05T02:46:01.917Z		OCCURRENCE_STATUS_INFERRED_FROM_INDIVIDUAL_COUNT;INSTITUTION_MATCH_FUZZY
1062374529	3287044c-8c48-4ad6-81d4-4908071bc8db	http://coldb.mnhn.fr/catalognumber/mnhn/my/my9208	Animalia	Arthropoda	Diplopoda	Spirostreptida	Spirostreptidae	Plusioporus	Plusioporus setiger		SPECIES	Spirostreptus setiger Brölemann, 1902	Spirostreptus (Alloporus) setiger Brölemann, 1902	Brölemann, 1902	BR		Sao Paulo	PRESENT	1	2cd829bb-b713-433d-99cf-64bef11e5b3e									1897-01-01/1897-01-31		1	1897	1026198	1026197	PRESERVED_SPECIMEN	MNHN	MY	MY9208				CC_BY_4_0		Ihering H. von			2025-11-05T02:46:02.018Z		OCCURRENCE_STATUS_INFERRED_FROM_INDIVIDUAL_COUNT;INSTITUTION_MATCH_FUZZY
1062374523	3287044c-8c48-4ad6-81d4-4908071bc8db	http://coldb.mnhn.fr/catalognumber/mnhn/my/my9219	Animalia	Arthropoda	Diplopoda	Spirostreptida	Spirostreptidae	Plusioporus	Plusioporus setiger		SPECIES	Spirostreptus setiger Brölemann, 1902	Spirostreptus (Alloporus) setiger Brölemann, 1902	Brölemann, 1902	BR		Pará	PRESENT	1	2cd829bb-b713-433d-99cf-64bef11e5b3e									1899-12-04	4	12	1899	1026198	1026197	PRESERVED_SPECIMEN	MNHN	MY	MY9219				CC_BY_4_0		Goeldi E.A.			2025-11-05T02:46:02.069Z		OCCURRENCE_STATUS_INFERRED_FROM_INDIVIDUAL_COUNT;INSTITUTION_MATCH_FUZZY
1062370442	3287044c-8c48-4ad6-81d4-4908071bc8db	http://coldb.mnhn.fr/catalognumber/mnhn/my/my5423	Animalia	Arthropoda	Diplopoda	Spirostreptida	Pseudonannolenidae	Pseudonannolene	Pseudonannolene strinatii		SPECIES	Pseudonannolene strinatii Mauriès, 1974	Pseudonannolene strinatii Mauriès, 1974	Mauriès, 1974	BR		Sao Paulo	PRESENT	2	2cd829bb-b713-433d-99cf-64bef11e5b3e													6186013	6186013	PRESERVED_SPECIMEN	MNHN	MY	MY5423		Mauriès J.P.		CC_BY_4_0		Lavallard R. ?			2025-11-05T02:45:57.466Z		OCCURRENCE_STATUS_INFERRED_FROM_INDIVIDUAL_COUNT;INSTITUTION_MATCH_FUZZY
1062370407	3287044c-8c48-4ad6-81d4-4908071bc8db	http://coldb.mnhn.fr/catalognumber/mnhn/my/my5422	Animalia	Arthropoda	Diplopoda	Spirostreptida	Pseudonannolenidae	Pseudonannolene	Pseudonannolene strinatii		SPECIES	Pseudonannolene strinatii Mauriès, 1974	Pseudonannolene strinatii Mauriès, 1974	Mauriès, 1974	BR		Sao Paulo	PRESENT	2	2cd829bb-b713-433d-99cf-64bef11e5b3e									1976-07-15	15	7	1976	6186013	6186013	PRESERVED_SPECIMEN	MNHN	MY	MY5422		Mauriès J.P.		CC_BY_4_0		Lavallard R. ?			2025-11-05T02:45:57.466Z		OCCURRENCE_STATUS_INFERRED_FROM_INDIVIDUAL_COUNT;INSTITUTION_MATCH_FUZZY
1062370406	3287044c-8c48-4ad6-81d4-4908071bc8db	http://coldb.mnhn.fr/catalognumber/mnhn/my/my5420	Animalia	Arthropoda	Diplopoda	Spirostreptida	Pseudonannolenidae	Pseudonannolene	Pseudonannolene strinatii		SPECIES	Pseudonannolene strinatii Mauriès, 1974	Pseudonannolene strinatii Mauriès, 1974	Mauriès, 1974	BR		Sao Paulo	PRESENT	1	2cd829bb-b713-433d-99cf-64bef11e5b3e									1968-01-01/1968-12-31			1968	6186013	6186013	PRESERVED_SPECIMEN	MNHN	MY	MY5420		Mauriès J.P.		CC_BY_4_0		Strinati P.	Holotype		2025-11-05T02:45:57.480Z		OCCURRENCE_STATUS_INFERRED_FROM_INDIVIDUAL_COUNT;INSTITUTION_MATCH_FUZZY
1062370402	3287044c-8c48-4ad6-81d4-4908071bc8db	http://coldb.mnhn.fr/catalognumber/mnhn/my/my5424	Animalia	Arthropoda	Diplopoda	Spirostreptida	Pseudonannolenidae	Pseudonannolene	Pseudonannolene tricolor		SPECIES	Pseudonannolene tricolor Brölemann, 1902	Pseudonannolene tricolor Brölemann, 1901	Brölemann, 1901	BR		Sao Paulo	PRESENT	1	2cd829bb-b713-433d-99cf-64bef11e5b3e													1026426	1026426	PRESERVED_SPECIMEN	MNHN	MY	MY5424		Mauriès J.P.		CC_BY_4_0		Ihering H. von	Lectotype		2025-11-05T02:45:57.466Z		OCCURRENCE_STATUS_INFERRED_FROM_INDIVIDUAL_COUNT;INSTITUTION_MATCH_FUZZY
1062370396	3287044c-8c48-4ad6-81d4-4908071bc8db	http://coldb.mnhn.fr/catalognumber/mnhn/my/my5381	Animalia	Arthropoda	Diplopoda	Spirostreptida	Pseudonannolenidae	Pseudonannolene	Pseudonannolene paulista		SPECIES	Pseudonannolene paulista Brölemann, 1902	Pseudonannolene paulista Brölemann, 1901	Brölemann, 1901	BR		Sao Paulo	PRESENT	1	2cd829bb-b713-433d-99cf-64bef11e5b3e									1896-12-01/1896-12-31		12	1896	1026416	1026416	PRESERVED_SPECIMEN	MNHN	MY	MY5381		Mauriès J.P.		CC_BY_4_0		Gounelle É.	Type		2025-11-05T02:45:56.708Z		OCCURRENCE_STATUS_INFERRED_FROM_INDIVIDUAL_COUNT;INSTITUTION_MATCH_FUZZY
1062370393	3287044c-8c48-4ad6-81d4-4908071bc8db	http://coldb.mnhn.fr/catalognumber/mnhn/my/my5382	Animalia	Arthropoda	Diplopoda	Spirostreptida	Pseudonannolenidae	Pseudonannolene	Pseudonannolene paulista		SPECIES	Pseudonannolene paulista Brölemann, 1902	Pseudonannolene paulista Brölemann, 1901	Brölemann, 1901	BR		Sao Paulo	PRESENT	2	2cd829bb-b713-433d-99cf-64bef11e5b3e									1896-12-01/1896-12-31		12	1896	1026416	1026416	PRESERVED_SPECIMEN	MNHN	MY	MY5382		Mauriès J.P.		CC_BY_4_0		Gounelle É.	Paralectotype		2025-11-05T02:45:56.692Z		OCCURRENCE_STATUS_INFERRED_FROM_INDIVIDUAL_COUNT;INSTITUTION_MATCH_FUZZY
1062370388	3287044c-8c48-4ad6-81d4-4908071bc8db	http://coldb.mnhn.fr/catalognumber/mnhn/my/my5421	Animalia	Arthropoda	Diplopoda	Spirostreptida	Pseudonannolenidae	Pseudonannolene	Pseudonannolene strinatii		SPECIES	Pseudonannolene strinatii Mauriès, 1974	Pseudonannolene strinatii Mauriès, 1974	Mauriès, 1974	BR		Sao Paulo	PRESENT	2	2cd829bb-b713-433d-99cf-64bef11e5b3e									1968-01-01/1968-12-31			1968	6186013	6186013	PRESERVED_SPECIMEN	MNHN	MY	MY5421		Mauriès J.P.		CC_BY_4_0		Strinati P.	Paratype		2025-11-05T02:45:57.466Z		OCCURRENCE_STATUS_INFERRED_FROM_INDIVIDUAL_COUNT;INSTITUTION_MATCH_FUZZY
1062370387	3287044c-8c48-4ad6-81d4-4908071bc8db	http://coldb.mnhn.fr/catalognumber/mnhn/my/my5376	Animalia	Arthropoda	Diplopoda	Spirostreptida	Pseudonannolenidae	Pseudonannolene	Pseudonannolene sebastianus		SPECIES	Pseudonannolene sebastianus Brölemann, 1902	Pseudonannolene sebastianus (Brölemann, 1902)	(Brölemann, 1902)	BR		Sao Paulo	PRESENT	4	2cd829bb-b713-433d-99cf-64bef11e5b3e									1896-09-01/1896-09-30		9	1896	6186003	6186003	PRESERVED_SPECIMEN	MNHN	MY	MY5376		Mauriès J.P.		CC_BY_4_0		Ihering H. von			2025-11-05T02:45:56.691Z		OCCURRENCE_STATUS_INFERRED_FROM_INDIVIDUAL_COUNT;INSTITUTION_MATCH_FUZZY
1062370377	3287044c-8c48-4ad6-81d4-4908071bc8db	http://coldb.mnhn.fr/catalognumber/mnhn/my/my5371	Animalia	Arthropoda	Diplopoda	Spirostreptida	Pseudonannolenidae	Pseudonannolene	Pseudonannolene caulleryi		SPECIES	Pseudonannolene caulleryi Brölemann, 1929	Pseudonannolene caulleryi Brölemann, 1929	Brölemann, 1929	BR		Santa Catarina	PRESENT	3	2cd829bb-b713-433d-99cf-64bef11e5b3e													1026415	1026415	PRESERVED_SPECIMEN	MNHN	MY	MY5371		Brölemann H.W.		CC_BY_4_0		Caullery M.	Paralectotype		2025-11-05T02:45:56.691Z		OCCURRENCE_STATUS_INFERRED_FROM_INDIVIDUAL_COUNT;INSTITUTION_MATCH_FUZZY
1062370375	3287044c-8c48-4ad6-81d4-4908071bc8db	http://coldb.mnhn.fr/catalognumber/mnhn/my/my5368	Animalia	Arthropoda	Diplopoda	Spirostreptida	Pseudonannolenidae	Pseudonannolene	Pseudonannolene inops	inops	SUBSPECIES	Pseudonannolene bovei inops Brölemann, 1929	Pseudonannolene bovei inops Brölemann, 1929	Brölemann, 1929	BR		Santa Catarina	PRESENT	3	2cd829bb-b713-433d-99cf-64bef11e5b3e													6186011	12190076	PRESERVED_SPECIMEN	MNHN	MY	MY5368		Brölemann H.W.		CC_BY_4_0		Caullery M.	Paralectotype		2025-11-05T02:45:56.472Z		OCCURRENCE_STATUS_INFERRED_FROM_INDIVIDUAL_COUNT;INSTITUTION_MATCH_FUZZY
1062370373	3287044c-8c48-4ad6-81d4-4908071bc8db	http://coldb.mnhn.fr/catalognumber/mnhn/my/my5379	Animalia	Arthropoda	Diplopoda	Spirostreptida	Pseudonannolenidae	Pseudonannolene	Pseudonannolene sebastianus		SPECIES	Pseudonannolene sebastianus Brölemann, 1902	Pseudonannolene sebastianus (Brölemann, 1902)	(Brölemann, 1902)	BR		Bahia	PRESENT	1	2cd829bb-b713-433d-99cf-64bef11e5b3e									1896-08-08	8	8	1896	6186003	6186003	PRESERVED_SPECIMEN	MNHN	MY	MY5379		Mauriès J.P.		CC_BY_4_0		Ihering H. von			2025-11-05T02:45:56.668Z		OCCURRENCE_STATUS_INFERRED_FROM_INDIVIDUAL_COUNT;INSTITUTION_MATCH_FUZZY
1062370372	3287044c-8c48-4ad6-81d4-4908071bc8db	http://coldb.mnhn.fr/catalognumber/mnhn/my/my5378	Animalia	Arthropoda	Diplopoda	Spirostreptida	Pseudonannolenidae	Pseudonannolene	Pseudonannolene sebastianus		SPECIES	Pseudonannolene sebastianus Brölemann, 1902	Pseudonannolene sebastianus (Brölemann, 1902)	(Brölemann, 1902)	BR		Sao Paulo	PRESENT	2	2cd829bb-b713-433d-99cf-64bef11e5b3e													6186003	6186003	PRESERVED_SPECIMEN	MNHN	MY	MY5378		Mauriès J.P.		CC_BY_4_0		Ihering H. von			2025-11-05T02:45:56.689Z		OCCURRENCE_STATUS_INFERRED_FROM_INDIVIDUAL_COUNT;INSTITUTION_MATCH_FUZZY
1062370363	3287044c-8c48-4ad6-81d4-4908071bc8db	http://coldb.mnhn.fr/catalognumber/mnhn/my/my5383	Animalia	Arthropoda	Diplopoda	Spirostreptida	Pseudonannolenidae	Pseudonannolene	Pseudonannolene paulista		SPECIES	Pseudonannolene paulista Brölemann, 1902	Pseudonannolene paulista Brölemann, 1901	Brölemann, 1901	BR		Sao Paulo	PRESENT	1	2cd829bb-b713-433d-99cf-64bef11e5b3e									1899-01-01/1899-01-31		1	1899	1026416	1026416	PRESERVED_SPECIMEN	MNHN	MY	MY5383		Mauriès J.P.		CC_BY_4_0		Gounelle É.			2025-11-05T02:45:56.692Z		OCCURRENCE_STATUS_INFERRED_FROM_INDIVIDUAL_COUNT;INSTITUTION_MATCH_FUZZY
1062370358	3287044c-8c48-4ad6-81d4-4908071bc8db	http://coldb.mnhn.fr/catalognumber/mnhn/my/my5374	Animalia	Arthropoda	Diplopoda	Spirostreptida	Pseudonannolenidae	Pseudonannolene	Pseudonannolene sebastianus		SPECIES	Pseudonannolene sebastianus Brölemann, 1902	Pseudonannolene sebastianus (Brölemann, 1902)	(Brölemann, 1902)	BR		Minas Gerais	PRESENT	15	2cd829bb-b713-433d-99cf-64bef11e5b3e									1971-04-01/1971-04-30		4	1971	6186003	6186003	PRESERVED_SPECIMEN	MNHN	MY	MY5374		Mauriès J.P.		CC_BY_4_0		Lavallard R.			2025-11-05T02:45:56.691Z		OCCURRENCE_STATUS_INFERRED_FROM_INDIVIDUAL_COUNT;INSTITUTION_MATCH_FUZZY
1062370357	3287044c-8c48-4ad6-81d4-4908071bc8db	http://coldb.mnhn.fr/catalognumber/mnhn/my/my5370	Animalia	Arthropoda	Diplopoda	Spirostreptida	Pseudonannolenidae	Pseudonannolene	Pseudonannolene caulleryi		SPECIES	Pseudonannolene caulleryi Brölemann, 1929	Pseudonannolene caulleryi Brölemann, 1929	Brölemann, 1929	BR		Santa Catarina	PRESENT	1	2cd829bb-b713-433d-99cf-64bef11e5b3e													1026415	1026415	PRESERVED_SPECIMEN	MNHN	MY	MY5370		Brölemann H.W.		CC_BY_4_0		Caullery M.	Type		2025-11-05T02:45:56.691Z		OCCURRENCE_STATUS_INFERRED_FROM_INDIVIDUAL_COUNT;INSTITUTION_MATCH_FUZZY
1062370356	3287044c-8c48-4ad6-81d4-4908071bc8db	http://coldb.mnhn.fr/catalognumber/mnhn/my/my5375	Animalia	Arthropoda	Diplopoda	Spirostreptida	Pseudonannolenidae	Pseudonannolene	Pseudonannolene sebastianus		SPECIES	Pseudonannolene sebastianus Brölemann, 1902	Pseudonannolene sebastianus (Brölemann, 1902)	(Brölemann, 1902)	BR		Sao Paulo	PRESENT	3	2cd829bb-b713-433d-99cf-64bef11e5b3e									1896-09-01/1896-09-30		9	1896	6186003	6186003	PRESERVED_SPECIMEN	MNHN	MY	MY5375		Mauriès J.P.		CC_BY_4_0		Ihering H. von	Type		2025-11-05T02:45:56.691Z		OCCURRENCE_STATUS_INFERRED_FROM_INDIVIDUAL_COUNT;INSTITUTION_MATCH_FUZZY
1062370354	3287044c-8c48-4ad6-81d4-4908071bc8db	http://coldb.mnhn.fr/catalognumber/mnhn/my/my5366	Animalia	Arthropoda	Diplopoda	Spirostreptida	Pseudonannolenidae	Pseudonannolene	Pseudonannolene inops	inops	SUBSPECIES	Pseudonannolene bovei inops Brölemann, 1929	Pseudonannolene bovei inops Brölemann, 1929	Brölemann, 1929	BR		Santa Catarina	PRESENT	1	2cd829bb-b713-433d-99cf-64bef11e5b3e													6186011	12190076	PRESERVED_SPECIMEN	MNHN	MY	MY5366		Brölemann H.W.		CC_BY_4_0		Caullery M.	Type		2025-11-05T02:45:56.573Z		OCCURRENCE_STATUS_INFERRED_FROM_INDIVIDUAL_COUNT;INSTITUTION_MATCH_FUZZY
1062370353	3287044c-8c48-4ad6-81d4-4908071bc8db	http://coldb.mnhn.fr/catalognumber/mnhn/my/my5380	Animalia	Arthropoda	Diplopoda	Spirostreptida	Pseudonannolenidae	Pseudonannolene	Pseudonannolene sebastianus		SPECIES	Pseudonannolene sebastianus Brölemann, 1902	Pseudonannolene sebastianus (Brölemann, 1902)	(Brölemann, 1902)	BR		Sao Paulo	PRESENT	3	2cd829bb-b713-433d-99cf-64bef11e5b3e									1895-12-01/1895-12-31		12	1895	6186003	6186003	PRESERVED_SPECIMEN	MNHN	MY	MY5380		Mauriès J.P.		CC_BY_4_0		Ihering H. von			2025-11-05T02:45:56.715Z		OCCURRENCE_STATUS_INFERRED_FROM_INDIVIDUAL_COUNT;INSTITUTION_MATCH_FUZZY
1062370352	3287044c-8c48-4ad6-81d4-4908071bc8db	http://coldb.mnhn.fr/catalognumber/mnhn/my/my5367	Animalia	Arthropoda	Diplopoda	Spirostreptida	Pseudonannolenidae	Pseudonannolene	Pseudonannolene inops	inops	SUBSPECIES	Pseudonannolene bovei inops Brölemann, 1929	Pseudonannolene bovei inops Brölemann, 1929	Brölemann, 1929	BR		Santa Catarina	PRESENT	1	2cd829bb-b713-433d-99cf-64bef11e5b3e													6186011	12190076	PRESERVED_SPECIMEN	MNHN	MY	MY5367		Brölemann H.W.		CC_BY_4_0		Caullery M.	Paralectotype		2025-11-05T02:45:56.519Z		OCCURRENCE_STATUS_INFERRED_FROM_INDIVIDUAL_COUNT;INSTITUTION_MATCH_FUZZY
1062370337	3287044c-8c48-4ad6-81d4-4908071bc8db	http://coldb.mnhn.fr/catalognumber/mnhn/my/my5373	Animalia	Arthropoda	Diplopoda	Spirostreptida	Pseudonannolenidae	Pseudonannolene	Pseudonannolene longicornis		SPECIES	Pseudonannolene longicornis (Porat, 1888)	Pseudonannolene longicornis (Porat, 1889)	(Porat, 1889)	BR		Espírito Santo	PRESENT	1	2cd829bb-b713-433d-99cf-64bef11e5b3e									1906-05-01/1906-05-31		5	1906	1026402	1026402	PRESERVED_SPECIMEN	MNHN	MY	MY5373		Brölemann H.W.		CC_BY_4_0		Garbe E.	Type		2025-11-05T02:45:56.692Z		OCCURRENCE_STATUS_INFERRED_FROM_INDIVIDUAL_COUNT;INSTITUTION_MATCH_FUZZY
1062370336	3287044c-8c48-4ad6-81d4-4908071bc8db	http://coldb.mnhn.fr/catalognumber/mnhn/my/my5377	Animalia	Arthropoda	Diplopoda	Spirostreptida	Pseudonannolenidae	Pseudonannolene	Pseudonannolene sebastianus		SPECIES	Pseudonannolene sebastianus Brölemann, 1902	Pseudonannolene sebastianus (Brölemann, 1902)	(Brölemann, 1902)	BR		Sao Paulo	PRESENT	1	2cd829bb-b713-433d-99cf-64bef11e5b3e									1897-01-01/1897-01-31		1	1897	6186003	6186003	PRESERVED_SPECIMEN	MNHN	MY	MY5377		Mauriès J.P.		CC_BY_4_0		Ihering H. von			2025-11-05T02:45:56.689Z		OCCURRENCE_STATUS_INFERRED_FROM_INDIVIDUAL_COUNT;INSTITUTION_MATCH_FUZZY
1062370324	3287044c-8c48-4ad6-81d4-4908071bc8db	http://coldb.mnhn.fr/catalognumber/mnhn/my/my5365	Animalia	Arthropoda	Diplopoda	Spirostreptida	Pseudonannolenidae	Epinannolene	Epinannolene exilio		SPECIES	Epinannolene arborea Hoffman, 1984	Epinannolene arborea Hoffman, 1984	Hoffman, 1984	BR		Amazonas	PRESENT	10	2cd829bb-b713-433d-99cf-64bef11e5b3e									1976-09-02	2	9	1976	1026266	1026265	PRESERVED_SPECIMEN	MNHN	MY	MY5365		Hoffman R.L.		CC_BY_4_0		Adis J.	Paratype		2025-11-05T02:45:56.583Z		OCCURRENCE_STATUS_INFERRED_FROM_INDIVIDUAL_COUNT;INSTITUTION_MATCH_FUZZY
1062370323	3287044c-8c48-4ad6-81d4-4908071bc8db	http://coldb.mnhn.fr/catalognumber/mnhn/my/my5372	Animalia	Arthropoda	Diplopoda	Spirostreptida	Pseudonannolenidae	Pseudonannolene	Pseudonannolene longicornis		SPECIES	Pseudonannolene longicornis (Porat, 1888)	Pseudonannolene longicornis (Porat, 1889)	(Porat, 1889)	BR		Espírito Santo	PRESENT	1	2cd829bb-b713-433d-99cf-64bef11e5b3e									1906-05-01/1906-05-31		5	1906	1026402	1026402	PRESERVED_SPECIMEN	MNHN	MY	MY5372		Brölemann H.W.		CC_BY_4_0		Garbe E.	Neotype		2025-11-05T02:45:56.689Z		OCCURRENCE_STATUS_INFERRED_FROM_INDIVIDUAL_COUNT;INSTITUTION_MATCH_FUZZY
1062368554	3287044c-8c48-4ad6-81d4-4908071bc8db	http://coldb.mnhn.fr/catalognumber/mnhn/my/my3736	Animalia	Arthropoda	Diplopoda	Spirostreptida	Spirostreptidae	Gymnostreptus	Gymnostreptus subsericeus		SPECIES	Caicarostreptus subsericeus (Brölemann, 1902)	Caicarostreptus subsericeus (Brölemann, 1902)	(Brölemann, 1902)	BR		Sao Paulo	PRESENT	2	2cd829bb-b713-433d-99cf-64bef11e5b3e									1900-01-01/1900-12-31			1900	1025481	1025201	PRESERVED_SPECIMEN	MNHN	MY	MY3736		Mauriès J.P.		CC_BY_4_0		Ihering H. von	Paralectotype		2025-11-05T02:45:45.164Z		OCCURRENCE_STATUS_INFERRED_FROM_INDIVIDUAL_COUNT;INSTITUTION_MATCH_FUZZY
1062368552	3287044c-8c48-4ad6-81d4-4908071bc8db	http://coldb.mnhn.fr/catalognumber/mnhn/my/my3735	Animalia	Arthropoda	Diplopoda	Spirostreptida	Spirostreptidae	Gymnostreptus	Gymnostreptus subsericeus		SPECIES	Caicarostreptus subsericeus (Brölemann, 1902)	Caicarostreptus subsericeus (Brölemann, 1902)	(Brölemann, 1902)	BR		Sao Paulo	PRESENT	1	2cd829bb-b713-433d-99cf-64bef11e5b3e									1896-01-01/1896-12-31			1896	1025481	1025201	PRESERVED_SPECIMEN	MNHN	MY	MY3735		Mauriès J.P.		CC_BY_4_0		Ihering H. von			2025-11-05T02:45:45.107Z		OCCURRENCE_STATUS_INFERRED_FROM_INDIVIDUAL_COUNT;INSTITUTION_MATCH_FUZZY
1062368534	3287044c-8c48-4ad6-81d4-4908071bc8db	http://coldb.mnhn.fr/catalognumber/mnhn/my/my3734	Animalia	Arthropoda	Diplopoda	Spirostreptida	Spirostreptidae	Gymnostreptus	Gymnostreptus subsericeus		SPECIES	Caicarostreptus subsericeus (Brölemann, 1902)	Caicarostreptus subsericeus (Brölemann, 1902)	(Brölemann, 1902)	BR		Sao Paulo	PRESENT	1	2cd829bb-b713-433d-99cf-64bef11e5b3e									1904-08-24	24	8	1904	1025481	1025201	PRESERVED_SPECIMEN	MNHN	MY	MY3734		Mauriès J.P.		CC_BY_4_0		Ihering H. von			2025-11-05T02:45:45.184Z		OCCURRENCE_STATUS_INFERRED_FROM_INDIVIDUAL_COUNT;INSTITUTION_MATCH_FUZZY
1038198174	7d8ed137-1d30-42f1-8b78-12a4957e4690		Animalia	Arthropoda	Diplopoda	Spirostreptida	Spirostreptidae	Spirostreptus	Spirostreptus flavofasciatus		SPECIES	Spirostreptus flavofasciatus (Brandt, 1840)	Spirostreptus flavofasciatus Brölemann, 1901		BR			PRESENT		021121c0-f040-11d8-b22f-b8a03c50a862													11322185	11322185	PRESERVED_SPECIMEN	cited	SysTax: cited material from literature	270760				CC_BY_4_0					2025-11-05T01:15:54.408Z		CONTINENT_DERIVED_FROM_COUNTRY;INSTITUTION_MATCH_NONE
1038198170	7d8ed137-1d30-42f1-8b78-12a4957e4690		Animalia	Arthropoda	Diplopoda	Spirostreptida	Spirostreptidae	Hemigymnostreptus	Hemigymnostreptus iheringii		SPECIES	Spirostreptus iheringi Brölemann, 1902	Spirostreptus iheringi Brölemann, 1901		BR			PRESENT		021121c0-f040-11d8-b22f-b8a03c50a862													1025779	1025430	PRESERVED_SPECIMEN	cited	SysTax: cited material from literature	270823				CC_BY_4_0					2025-11-05T01:15:54.684Z		CONTINENT_DERIVED_FROM_COUNTRY;INSTITUTION_MATCH_NONE
1038198151	7d8ed137-1d30-42f1-8b78-12a4957e4690		Animalia	Arthropoda	Diplopoda	Spirostreptida	Spirostreptidae	Cladostreptus	Cladostreptus sebastianus		SPECIES	Spirostreptus sebastianus Brölemann, 1902	Spirostreptus sebastianus Brölemann, 1902		BR			PRESENT		021121c0-f040-11d8-b22f-b8a03c50a862													1025952	1025954	PRESERVED_SPECIMEN	cited	SysTax: cited material from literature	270240				CC_BY_4_0					2025-11-05T01:15:30.017Z		CONTINENT_DERIVED_FROM_COUNTRY;INSTITUTION_MATCH_NONE
1038198120	7d8ed137-1d30-42f1-8b78-12a4957e4690		Animalia	Arthropoda	Diplopoda	Spirostreptida	Spirostreptidae	Plusioporus	Plusioporus setiger		SPECIES	Spirostreptus setiger Brölemann, 1902	Spirostreptus setiger Brölemann, 1901		BR			PRESENT		021121c0-f040-11d8-b22f-b8a03c50a862													1026198	1026197	PRESERVED_SPECIMEN	cited	SysTax: cited material from literature	269365				CC_BY_4_0					2025-11-05T01:14:10.640Z		CONTINENT_DERIVED_FROM_COUNTRY;INSTITUTION_MATCH_NONE
1038198105	7d8ed137-1d30-42f1-8b78-12a4957e4690		Animalia	Arthropoda	Diplopoda	Spirostreptida	Spirostreptidae	Spirostreptus	Spirostreptus filum		SPECIES	Spirostreptus filum Brölemann, 1902	Spirostreptus filum Brölemann, 1901		BR			PRESENT		021121c0-f040-11d8-b22f-b8a03c50a862													1025934	1025934	PRESERVED_SPECIMEN	cited	SysTax: cited material from literature	269412				CC_BY_4_0					2025-11-05T01:15:52.754Z		CONTINENT_DERIVED_FROM_COUNTRY;INSTITUTION_MATCH_NONE
1038198101	7d8ed137-1d30-42f1-8b78-12a4957e4690		Animalia	Arthropoda	Diplopoda	Spirostreptida	Spirostreptidae	Cladostreptus	Cladostreptus interruptus		SPECIES	Spirostreptus interruptus Brölemann, 1902	Spirostreptus interruptus Brölemann, 1902		BR			PRESENT		021121c0-f040-11d8-b22f-b8a03c50a862													1026080	1025254	PRESERVED_SPECIMEN	cited	SysTax: cited material from literature	269418				CC_BY_4_0					2025-11-05T01:16:41.896Z		CONTINENT_DERIVED_FROM_COUNTRY;INSTITUTION_MATCH_NONE
1038198097	7d8ed137-1d30-42f1-8b78-12a4957e4690		Animalia	Arthropoda	Diplopoda	Spirostreptida	Spirostreptidae	Cladostreptus	Cladostreptus semicinctus		SPECIES	Spirostreptus semicinctus Brölemann, 1902	Spirostreptus semicinctus Brölemann, 1902		BR			PRESENT		021121c0-f040-11d8-b22f-b8a03c50a862													8071633	7436064	PRESERVED_SPECIMEN	cited	SysTax: cited material from literature	269409				CC_BY_4_0					2025-11-05T01:16:41.809Z		CONTINENT_DERIVED_FROM_COUNTRY;INSTITUTION_MATCH_NONE
1038198096	7d8ed137-1d30-42f1-8b78-12a4957e4690		Animalia	Arthropoda	Diplopoda	Spirostreptida	Spirostreptidae	Helicogonus	Helicogonus princeps		SPECIES	Spirostreptus princeps Brölemann, 1902	Spirostreptus princeps Brölemann, 1902		BR			PRESENT		021121c0-f040-11d8-b22f-b8a03c50a862													1026063	4987499	PRESERVED_SPECIMEN	cited	SysTax: cited material from literature	269366				CC_BY_4_0					2025-11-05T01:15:42.826Z		CONTINENT_DERIVED_FROM_COUNTRY;INSTITUTION_MATCH_NONE
1038198092	7d8ed137-1d30-42f1-8b78-12a4957e4690		Animalia	Arthropoda	Diplopoda	Spirostreptida	Spirostreptidae	Cladostreptus	Cladostreptus perlucens	levior	SUBSPECIES	Spirostreptus perlucens levior Brölemann, 1902	Spirostreptus perlucens levior Brölemann, 1901		BR			PRESENT		021121c0-f040-11d8-b22f-b8a03c50a862													6186193	1026011	PRESERVED_SPECIMEN	cited	SysTax: cited material from literature	269422				CC_BY_4_0					2025-11-05T01:16:41.931Z		CONTINENT_DERIVED_FROM_COUNTRY;INSTITUTION_MATCH_NONE
1038198091	7d8ed137-1d30-42f1-8b78-12a4957e4690		Animalia	Arthropoda	Diplopoda	Spirostreptida	Spirostreptidae	Spirostreptus	Spirostreptus perlucens		SPECIES	Spirostreptus perlucens Brölemann, 1902	Spirostreptus perlucens Brölemann, 1902		BR			PRESENT		021121c0-f040-11d8-b22f-b8a03c50a862													1026009	1026009	PRESERVED_SPECIMEN	cited	SysTax: cited material from literature	269408				CC_BY_4_0					2025-11-05T01:15:52.653Z		CONTINENT_DERIVED_FROM_COUNTRY;INSTITUTION_MATCH_NONE
1038198086	7d8ed137-1d30-42f1-8b78-12a4957e4690		Animalia	Arthropoda	Diplopoda	Spirostreptida	Spirostreptidae	Gymnostreptus	Gymnostreptus subsericeus	nitidior	SUBSPECIES	Spirostreptus subsericeus nitidior Brölemann, 1902	Spirostreptus subsericeus nitidior Brölemann, 1902		BR			PRESENT		021121c0-f040-11d8-b22f-b8a03c50a862													6186058	1025201	PRESERVED_SPECIMEN	cited	SysTax: cited material from literature	269414				CC_BY_4_0					2025-11-05T01:14:11.082Z		CONTINENT_DERIVED_FROM_COUNTRY;INSTITUTION_MATCH_NONE
1038198085	7d8ed137-1d30-42f1-8b78-12a4957e4690		Animalia	Arthropoda	Diplopoda	Spirostreptida	Spirostreptidae	Gymnostreptus	Gymnostreptus perfidus		SPECIES	Spirostreptus perfidus Brölemann, 1902	Spirostreptus perfidus Brölemann, 1902		BR			PRESENT		021121c0-f040-11d8-b22f-b8a03c50a862													1026053	1026054	PRESERVED_SPECIMEN	cited	SysTax: cited material from literature	269450				CC_BY_4_0					2025-11-05T01:14:11.503Z		CONTINENT_DERIVED_FROM_COUNTRY;INSTITUTION_MATCH_NONE
1038198081	7d8ed137-1d30-42f1-8b78-12a4957e4690		Animalia	Arthropoda	Diplopoda	Spirostreptida	Spirostreptidae	Gymnostreptus	Gymnostreptus subsericeus		SPECIES	Spirostreptus subsericeus Brölemann, 1902	Spirostreptus subsericeus Brölemann, 1902		BR			PRESENT		021121c0-f040-11d8-b22f-b8a03c50a862													1025753	1025201	PRESERVED_SPECIMEN	cited	SysTax: cited material from literature	269416				CC_BY_4_0					2025-11-05T01:14:14.330Z		CONTINENT_DERIVED_FROM_COUNTRY;INSTITUTION_MATCH_NONE
1038198079	7d8ed137-1d30-42f1-8b78-12a4957e4690		Animalia	Arthropoda	Diplopoda	Spirostreptida	Spirostreptidae	Spirostreptus	Spirostreptus dorsostriatus		SPECIES	Spirostreptus dorsostriatus Brölemann, 1902	Spirostreptus dorsostriatus Brölemann, 1901		BR			PRESENT		021121c0-f040-11d8-b22f-b8a03c50a862													1025815	1025815	PRESERVED_SPECIMEN	cited	SysTax: cited material from literature	269369				CC_BY_4_0					2025-11-05T01:16:41.666Z		CONTINENT_DERIVED_FROM_COUNTRY;INSTITUTION_MATCH_NONE
1038182119	7d8ed137-1d30-42f1-8b78-12a4957e4690		Animalia	Arthropoda	Diplopoda	Spirostreptida	Pseudonannolenidae	Pseudonannolene	Pseudonannolene callipyge		SPECIES	Pseudonannolene callipyge Brölemann, 1902	Pseudonannolene callipyge Brölemann, 1901		BR			PRESENT		021121c0-f040-11d8-b22f-b8a03c50a862													1026425	1026425	PRESERVED_SPECIMEN	cited	SysTax: cited material from literature	269374				CC_BY_4_0					2025-11-05T01:14:10.680Z		CONTINENT_DERIVED_FROM_COUNTRY;INSTITUTION_MATCH_NONE
1038182118	7d8ed137-1d30-42f1-8b78-12a4957e4690		Animalia	Arthropoda	Diplopoda	Spirostreptida	Pseudonannolenidae	Pseudonannolene	Pseudonannolene paulista		SPECIES	Pseudonannolene paulista Brölemann, 1902	Pseudonannolene paulista Brölemann, 1901		BR			PRESENT		021121c0-f040-11d8-b22f-b8a03c50a862													1026416	1026416	PRESERVED_SPECIMEN	cited	SysTax: cited material from literature	269371				CC_BY_4_0					2025-11-05T01:14:13.716Z		CONTINENT_DERIVED_FROM_COUNTRY;INSTITUTION_MATCH_NONE
1038182117	7d8ed137-1d30-42f1-8b78-12a4957e4690		Animalia	Arthropoda	Diplopoda	Spirostreptida	Pseudonannolenidae	Pseudonannolene	Pseudonannolene tricolor	gracilis	SUBSPECIES	Pseudonannolene tricolor gracilis Brölemann, 1902	Pseudonannolene tricolor gracilis Brölemann, 1901		BR			PRESENT		021121c0-f040-11d8-b22f-b8a03c50a862													6185996	1026426	PRESERVED_SPECIMEN	cited	SysTax: cited material from literature	271054				CC_BY_4_0					2025-11-05T01:15:12.603Z		CONTINENT_DERIVED_FROM_COUNTRY;INSTITUTION_MATCH_NONE
1038182115	7d8ed137-1d30-42f1-8b78-12a4957e4690		Animalia	Arthropoda	Diplopoda	Spirostreptida	Pseudonannolenidae	Pseudonannolene	Pseudonannolene sebastianus	sebastianus	VARIETY	Pseudonannolene longicornis var. sebastianus Brölemann, 1902	Pseudonannolene longicornis sebastianus Brölemann, 1901		BR			PRESENT		021121c0-f040-11d8-b22f-b8a03c50a862													8367695	6186003	PRESERVED_SPECIMEN	cited	SysTax: cited material from literature	270853				CC_BY_4_0					2025-11-05T01:15:32.724Z		CONTINENT_DERIVED_FROM_COUNTRY;INSTITUTION_MATCH_NONE
1038182112	7d8ed137-1d30-42f1-8b78-12a4957e4690		Animalia	Arthropoda	Diplopoda	Spirostreptida	Pseudonannolenidae	Pseudonannolene	Pseudonannolene tricolor		SPECIES	Pseudonannolene tricolor Brölemann, 1902	Pseudonannolene tricolor Brölemann, 1901		BR			PRESENT		021121c0-f040-11d8-b22f-b8a03c50a862													1026426	1026426	PRESERVED_SPECIMEN	cited	SysTax: cited material from literature	269372				CC_BY_4_0					2025-11-05T01:15:52.429Z		CONTINENT_DERIVED_FROM_COUNTRY;INSTITUTION_MATCH_NONE
1038091058	7d8ed137-1d30-42f1-8b78-12a4957e4690		Animalia	Arthropoda	Diplopoda	Spirostreptida	Spirostreptidae	Helicogonus	Helicogonus geraesius		SPECIES	Helicogonus geraesius Verhoeff, 1951	Helicogonus geraesius Verhoeff, 1951		BR			PRESENT		021121c0-f040-11d8-b22f-b8a03c50a862	0.0	0.0											4987464	4987464	PRESERVED_SPECIMEN	cited	SysTax: cited material from literature	269918				CC_BY_4_0					2025-11-05T01:15:28.432Z		ZERO_COORDINATE;GEODETIC_DATUM_ASSUMED_WGS84;COUNTRY_COORDINATE_MISMATCH;INSTITUTION_MATCH_NONE
1038091051	7d8ed137-1d30-42f1-8b78-12a4957e4690		Animalia	Arthropoda	Diplopoda	Spirostreptida	Spirostreptidae	Helicogonus	Helicogonus dentiger		SPECIES	Helicogonus dentiger Verhoeff, 1951	Helicogonus dentiger Verhoeff, 1943		BR			PRESENT		021121c0-f040-11d8-b22f-b8a03c50a862	0.0	0.0											4987465	4987465	PRESERVED_SPECIMEN	cited	SysTax: cited material from literature	270245				CC_BY_4_0					2025-11-05T01:15:30.074Z		ZERO_COORDINATE;GEODETIC_DATUM_ASSUMED_WGS84;COUNTRY_COORDINATE_MISMATCH;INSTITUTION_MATCH_NONE
1038089221	7d8ed137-1d30-42f1-8b78-12a4957e4690		Animalia	Arthropoda	Diplopoda	Spirostreptida	Spirostreptidae	Helicogonus	Helicogonus dentiger		SPECIES	Helicogonus dentiger Verhoeff, 1951	Helicogonus dentiger Verhoeff, 1943		BR			PRESENT		021121c0-f040-11d8-b22f-b8a03c50a862													4987465	4987465	PRESERVED_SPECIMEN	ZSM/Myr	Zoologische Staatssammlung München - Myriapoda	99675				CC_BY_4_0		Verhoeff, Karl Wilhelm			2025-11-05T01:15:44.241Z		CONTINENT_DERIVED_FROM_COUNTRY;INSTITUTION_MATCH_NONE
1038089161	7d8ed137-1d30-42f1-8b78-12a4957e4690		Animalia	Arthropoda	Diplopoda	Spirostreptida	Spirostreptidae	Helicogonus	Helicogonus dentiger		SPECIES	Helicogonus dentiger Verhoeff, 1951	Helicogonus dentiger Verhoeff, 1943		BR			PRESENT		021121c0-f040-11d8-b22f-b8a03c50a862													4987465	4987465	PRESERVED_SPECIMEN	ZSM/Myr	Zoologische Staatssammlung München - Myriapoda	99676				CC_BY_4_0		Verhoeff, Karl Wilhelm			2025-11-05T01:14:47.019Z		CONTINENT_DERIVED_FROM_COUNTRY;INSTITUTION_MATCH_NONE
1038086141	7d8ed137-1d30-42f1-8b78-12a4957e4690		Animalia	Arthropoda	Diplopoda	Spirostreptida	Spirostreptidae	Gymnostreptus	Gymnostreptus claviger		SPECIES	Gymnostreptus claviger Verhoeff, 1943	Gymnostreptus claviger Verhoeff, 1943		BR			PRESENT		021121c0-f040-11d8-b22f-b8a03c50a862	0.0	0.0											1025215	1025215	PRESERVED_SPECIMEN	cited	SysTax: cited material from literature	271094				CC_BY_4_0					2025-11-05T01:14:34.674Z		ZERO_COORDINATE;GEODETIC_DATUM_ASSUMED_WGS84;COUNTRY_COORDINATE_MISMATCH;INSTITUTION_MATCH_NONE
1038075732	7d8ed137-1d30-42f1-8b78-12a4957e4690		Animalia	Arthropoda	Diplopoda	Spirostreptida	Spirostreptidae	Urostreptus	Urostreptus robustus		SPECIES	Exospermastix robustus Verhoeff, 1951	Exospermastix robustus Verhoeff, 1951		BR			PRESENT		021121c0-f040-11d8-b22f-b8a03c50a862	0.0	0.0											1025327	7195815	PRESERVED_SPECIMEN	cited	SysTax: cited material from literature	270250				CC_BY_4_0					2025-11-05T01:14:21.484Z		ZERO_COORDINATE;GEODETIC_DATUM_ASSUMED_WGS84;COUNTRY_COORDINATE_MISMATCH;INSTITUTION_MATCH_NONE
