species,decimalLongitude,decimalLatitude
Lithobates catesbeianus,-74.820777,39.189847
Lithobates catesbeianus,-117.010725,33.011311
Lithobates catesbeianus,-121.455483,39.522469
Lithobates catesbeianus,-82.366394,28.556015
Lithobates catesbeianus,-123.442628,42.501542
Lithobates catesbeianus,-97.633286,30.401368
Lithobates catesbeianus,-95.681847,30.406605
Lithobates catesbeianus,-85.804364,33.961976
Lithobates catesbeianus,-120.334173,35.45914
Lithobates catesbeianus,-123.022842,44.811005
Lithobates catesbeianus,-122.977194,38.60334
Lithobates catesbeianus,-121.151589,45.76053
Lithobates catesbeianus,-119.171421,35.327421
Lithobates catesbeianus,-79.438894,35.165357
Lithobates catesbeianus,-76.440737,36.165722
Lithobates catesbeianus,-122.716127,44.400879
Lithobates catesbeianus,-159.520181,21.943629
Lithobates catesbeianus,-75.182861,39.605942
Lithobates catesbeianus,-82.977112,29.489212
Lithobates catesbeianus,-82.588043,34.868136
Lithobates catesbeianus,-93.959953,30.168908
Lithobates catesbeianus,-81.35125,27.181758
Lithobates catesbeianus,-77.224547,41.724572
Lithobates catesbeianus,-84.022738,33.672817
Lithobates catesbeianus,-92.926598,36.445938
Lithobates catesbeianus,-94.273705,29.929828
Lithobates catesbeianus,-90.064453,35.135647
Lithobates catesbeianus,-79.81054,35.81409
Lithobates catesbeianus,-78.514214,36.063568
Lithobates catesbeianus,-90.184834,38.869816
Lithobates catesbeianus,-87.403694,30.690292
Lithobates catesbeianus,-85.312172,33.556515
Lithobates catesbeianus,-95.210721,29.799073
Lithobates catesbeianus,-95.586853,28.882795
Lithobates catesbeianus,-93.705171,32.433183
Lithobates catesbeianus,-77.301773,37.644692
Lithobates catesbeianus,-96.25363,30.574392
Lithobates catesbeianus,-82.7369,27.788145
Lithobates catesbeianus,-95.540733,28.862595
Lithobates catesbeianus,-81.257467,30.143109
Lithobates catesbeianus,-81.005303,28.56928
Lithobates catesbeianus,-94.049734,35.331579
Lithobates catesbeianus,-84.041039,34.147689
Lithobates catesbeianus,-121.06534,39.118137
Lithobates catesbeianus,-87.868872,30.597058
Lithobates catesbeianus,-91.095221,30.356473
Lithobates catesbeianus,-89.362922,31.339808
Lithobates catesbeianus,-83.638239,32.605979
Lithobates catesbeianus,-89.091966,32.281365
Lithobates catesbeianus,-95.673928,30.469359
Lithobates catesbeianus,-93.252568,30.124934
Lithobates catesbeianus,-117.247313,33.156956
Lithobates catesbeianus,-96.992175,32.612522
Lithobates catesbeianus,-121.814178,36.958438
Lithobates catesbeianus,-74.863561,39.047904
Lithobates catesbeianus,-89.153403,32.273165
Lithobates catesbeianus,-78.553737,36.739842
Lithobates catesbeianus,-88.551964,30.413593
Lithobates catesbeianus,-116.837885,33.025823
Lithobates catesbeianus,-82.345168,27.960155
Lithobates catesbeianus,-122.27109,37.318226
Lithobates catesbeianus,-121.296792,38.517688
Lithobates catesbeianus,-85.764281,33.918686
Lithobates catesbeianus,-119.30098,34.348972
Lithobates catesbeianus,-81.277735,31.983815
Lithobates catesbeianus,-122.969848,38.816618
Lithobates catesbeianus,-111.023258,32.27805
Lithobates catesbeianus,-122.481875,37.767836
Lithobates catesbeianus,-117.323487,33.496991
Lithobates catesbeianus,-83.495683,33.006553
Lithobates catesbeianus,-112.025397,33.415017
Lithobates catesbeianus,-78.740681,35.611415
Lithobates catesbeianus,-78.64273,35.642822
Lithobates catesbeianus,-90.668507,42.515258
Lithobates catesbeianus,-93.993242,32.639753
Lithobates catesbeianus,-76.79202,37.25114
Lithobates catesbeianus,-121.055019,38.764081
Lithobates catesbeianus,-77.293525,40.288772
Lithobates catesbeianus,-86.012689,33.917376
Lithobates catesbeianus,-96.275322,30.522353
Lithobates catesbeianus,-95.440324,29.769464
Lithobates catesbeianus,-93.247287,37.010915
Lithobates catesbeianus,-122.589846,40.649215
Lithobates catesbeianus,-88.788117,30.39232
Lithobates catesbeianus,-75.581763,38.747075
Lithobates catesbeianus,-121.903851,37.344256
Lithobates catesbeianus,-157.879586,21.373328
Lithobates catesbeianus,-82.668683,28.129806
Lithobates catesbeianus,-123.372634,43.392924
Lithobates catesbeianus,-116.989853,32.844444
Lithobates catesbeianus,-121.25092,38.848199
Lithobates catesbeianus,-80.033919,36.92737
Lithobates catesbeianus,-120.262456,37.278788
Lithobates catesbeianus,-159.6489,21.938742
Lithobates catesbeianus,-95.18225,32.254825
Lithobates catesbeianus,-122.6839,48.507461
Lithobates catesbeianus,-93.23142,33.319015
Lithobates catesbeianus,-82.173338,36.378372
Lithobates catesbeianus,-84.713106,33.576422
Lithobates catesbeianus,-83.388127,33.31766
Lithobates catesbeianus,-95.168372,30.140853
Lithobates catesbeianus,-86.272708,34.511202
Lithobates catesbeianus,-84.183274,32.127106
Lithobates catesbeianus,-122.140289,38.246662
Lithobates catesbeianus,-75.746413,39.218403
Lithobates catesbeianus,-86.517288,41.750435
Lithobates catesbeianus,-118.343675,33.826253
Lithobates catesbeianus,-117.231287,32.861211
Lithobates catesbeianus,-75.67276,39.358261
Lithobates catesbeianus,-70.802504,42.242064
Lithobates catesbeianus,-81.749641,29.799676
Lithobates catesbeianus,-82.807747,34.951153
Lithobates catesbeianus,-71.380028,42.095086
Lithobates catesbeianus,-97.01597,32.311782
Lithobates catesbeianus,-85.073265,31.983086
Lithobates catesbeianus,-96.723491,29.517991
Lithobates catesbeianus,-95.643372,29.397242
Lithobates catesbeianus,-75.667503,40.387317
Lithobates catesbeianus,-122.045036,37.920638
Lithobates catesbeianus,-77.107857,38.327942
Lithobates catesbeianus,-80.34975,40.732304
Lithobates catesbeianus,-122.817413,38.166795
Lithobates catesbeianus,-76.016204,39.690521
Lithobates catesbeianus,-121.250392,38.994136
Lithobates catesbeianus,-96.494829,28.493445
Lithobates catesbeianus,-119.893455,36.896372
Lithobates catesbeianus,-85.758155,33.802913
Lithobates catesbeianus,-89.4393,37.576278
Lithobates catesbeianus,-122.170867,40.326439
Lithobates catesbeianus,-87.211959,36.645798
Lithobates catesbeianus,-94.664742,29.82181
Lithobates catesbeianus,-95.891001,41.171948
Lithobates catesbeianus,-85.874484,41.942541
Lithobates catesbeianus,-77.661972,39.700909
Lithobates catesbeianus,-122.188521,38.384732
Lithobates catesbeianus,-87.25975,31.001076
Lithobates catesbeianus,-83.021782,39.856417
Lithobates catesbeianus,-95.640455,39.939394
Lithobates catesbeianus,-121.748195,38.537768
Lithobates catesbeianus,-159.365512,21.969106
Lithobates catesbeianus,-74.450867,42.660542
Lithobates catesbeianus,-80.858427,40.796745
Lithobates catesbeianus,-81.353864,28.846651
Lithobates catesbeianus,-85.803554,38.078653
Lithobates catesbeianus,-83.244694,43.112301
Lithobates catesbeianus,-121.792236,39.76239
Lithobates catesbeianus,-73.987525,42.653258
Lithobates catesbeianus,-91.59182,33.622348
Lithobates catesbeianus,-76.429462,35.457871
Lithobates catesbeianus,-90.682755,42.572987
Lithobates catesbeianus,-95.921464,41.238214
Lithobates catesbeianus,-72.261624,41.955954
Lithobates catesbeianus,-122.060833,36.956481
Lithobates catesbeianus,-82.619737,34.798133
Lithobates catesbeianus,-78.764219,33.80329
Lithobates catesbeianus,-76.494624,37.216154
Lithobates catesbeianus,-74.20532,41.082558
Lithobates catesbeianus,-80.780395,35.464787
Lithobates catesbeianus,-76.56343,35.466468
Lithobates catesbeianus,-71.258818,42.152145
Lithobates catesbeianus,-77.490998,34.562944
Lithobates catesbeianus,-87.139861,36.937182
Lithobates catesbeianus,-82.815474,27.991851
Lithobates catesbeianus,-122.918171,47.47674
Lithobates catesbeianus,-75.547707,38.23317
Lithobates catesbeianus,-64.793341,44.253141
Lithobates catesbeianus,-92.854716,34.633812
Lithobates catesbeianus,-77.024018,38.656772
Lithobates catesbeianus,-74.482961,40.398425
Lithobates catesbeianus,-76.040705,36.957398
Lithobates catesbeianus,-104.765276,39.967559
Lithobates catesbeianus,-80.626534,34.075687
Lithobates catesbeianus,-74.019169,41.771281
Lithobates catesbeianus,-81.14605,33.293287
Lithobates catesbeianus,-78.393796,37.530066
Lithobates catesbeianus,-86.842272,33.125745
Lithobates catesbeianus,-84.249519,39.131299
Lithobates catesbeianus,-76.618212,37.402512
Lithobates catesbeianus,-83.830733,40.599725
Lithobates catesbeianus,-79.562379,34.815338
Lithobates catesbeianus,-116.652994,33.044314
Lithobates catesbeianus,-87.049582,39.554192
Lithobates catesbeianus,-75.724316,41.396473
Lithobates catesbeianus,-117.843758,33.664744
Lithobates catesbeianus,-73.771,40.686489
Lithobates catesbeianus,-82.006958,29.687697
Lithobates catesbeianus,-93.791572,41.793808
Lithobates catesbeianus,-95.466492,29.028406
Lithobates catesbeianus,-79.5667,34.955155
Lithobates catesbeianus,-84.150155,34.24038
Lithobates catesbeianus,-87.079849,36.287913
Lithobates catesbeianus,-81.84685,41.362084
Lithobates catesbeianus,-96.196005,33.10815
Lithobates catesbeianus,-87.365339,36.732803
Lithobates catesbeianus,-87.389762,36.775748
Lithobates catesbeianus,-81.120367,35.962263
Lithobates catesbeianus,-78.226853,34.314747
Lithobates catesbeianus,-94.681857,33.742132
Lithobates catesbeianus,-84.511029,38.021999
Lithobates catesbeianus,-123.379668,44.492892
Lithobates catesbeianus,-79.039774,35.786861
Lithobates catesbeianus,-121.753206,37.664622
Lithobates catesbeianus,-96.545922,28.956988
Lithobates catesbeianus,-123.339276,44.314613
Lithobates catesbeianus,-106.861811,33.812763
Lithobates catesbeianus,-96.154319,33.265258
Lithobates catesbeianus,-77.188309,37.335509
Lithobates catesbeianus,-80.474656,34.729912
Lithobates catesbeianus,-81.028489,34.969013
Lithobates catesbeianus,-97.149117,33.245299
Lithobates catesbeianus,-86.142442,42.798695
Lithobates catesbeianus,-79.023827,36.010399
Lithobates catesbeianus,-81.48033,30.31066
Lithobates catesbeianus,-122.381287,46.922831
Lithobates catesbeianus,-92.040055,30.202888
Lithobates catesbeianus,-79.49688,37.073806
Lithobates catesbeianus,-122.932511,45.109958
Lithobates catesbeianus,-121.053153,38.931388
Lithobates catesbeianus,-122.75827,45.477347
Lithobates catesbeianus,-78.8778,37.913713
Lithobates catesbeianus,-123.247839,44.785847
Lithobates catesbeianus,-123.312675,44.646394
Lithobates catesbeianus,-122.9785,44.001878
Lithobates catesbeianus,-96.360157,30.603122
Lithobates catesbeianus,-123.379782,44.712527
Lithobates catesbeianus,-117.20765,46.45285
Lithobates catesbeianus,-96.961519,35.366797
Lithobates catesbeianus,-95.730119,29.56711
Lithobates catesbeianus,-77.285355,38.937
Lithobates catesbeianus,-73.890487,40.893365
Lithobates catesbeianus,-117.715571,34.111465
Lithobates catesbeianus,-97.599308,30.326189
Lithobates catesbeianus,-81.05213,31.957271
Lithobates catesbeianus,-82.854667,34.7436
Lithobates catesbeianus,-122.436647,48.788869
Lithobates catesbeianus,-123.27514,44.743844
Lithobates catesbeianus,-122.177483,37.381487
Lithobates catesbeianus,-95.3917,29.714063
Lithobates catesbeianus,-122.192657,47.95824
Lithobates catesbeianus,-123.357717,44.774051
Lithobates catesbeianus,-82.736236,28.176428
Lithobates catesbeianus,-89.508525,43.084389
Lithobates catesbeianus,-84.266472,34.362495
Lithobates catesbeianus,-119.853724,36.773944
Lithobates catesbeianus,-87.601269,41.404081
Lithobates catesbeianus,-76.845275,39.166972
Lithobates catesbeianus,-81.579625,41.187768
Lithobates catesbeianus,-110.805733,32.324813
Lithobates catesbeianus,-88.051507,41.819937
Lithobates catesbeianus,-124.22435,49.298578
Lithobates catesbeianus,-123.2343,44.662513
Lithobates catesbeianus,-81.976224,33.487194
Lithobates catesbeianus,-86.318594,39.080211
Lithobates catesbeianus,-88.029125,42.250249
Lithobates catesbeianus,-92.079749,33.133727
Lithobates catesbeianus,-91.809161,37.403564
Lithobates catesbeianus,-92.16444,33.063428
Lithobates catesbeianus,-95.300853,30.030985
Lithobates catesbeianus,-76.573404,41.558908
Lithobates catesbeianus,-118.802192,36.1544
Lithobates catesbeianus,-119.245895,35.305083
Lithobates catesbeianus,-83.956227,34.529736
Lithobates catesbeianus,-99.606545,32.209808
Lithobates catesbeianus,-83.671511,42.311886
Lithobates catesbeianus,-82.740626,29.682673
Lithobates catesbeianus,-81.664622,41.430226
Lithobates catesbeianus,-77.588089,36.583481
Lithobates catesbeianus,-93.944295,30.586163
Lithobates catesbeianus,-95.594447,29.377558
Lithobates catesbeianus,-121.817995,38.017892
Lithobates catesbeianus,-120.521462,38.048808
Lithobates catesbeianus,-88.098311,42.317883
Lithobates catesbeianus,-72.891504,40.898464
Lithobates catesbeianus,-82.324203,29.643633
Lithobates catesbeianus,-94.182367,30.996714
Lithobates catesbeianus,-76.758202,42.443508
Lithobates catesbeianus,-113.5985,37.080914
Lithobates catesbeianus,-122.130983,37.815284
Lithobates catesbeianus,-98.994894,38.81261
Lithobates catesbeianus,-90.690208,35.7869
Lithobates catesbeianus,-81.767503,32.385113
Lithobates catesbeianus,-86.169306,37.987344
Lithobates catesbeianus,-78.416436,37.306558
Lithobates catesbeianus,-94.801761,31.392709
Lithobates catesbeianus,-83.263576,41.642576
Lithobates catesbeianus,-83.874456,35.934617
Lithobates catesbeianus,-97.049842,33.255592
Lithobates catesbeianus,-75.859722,39.247125
Lithobates catesbeianus,-121.930844,47.877661
Lithobates catesbeianus,-95.564158,29.701792
Lithobates catesbeianus,-95.537091,30.626548
Lithobates catesbeianus,-83.66498,41.555836
Lithobates catesbeianus,-91.327553,32.391893
Lithobates catesbeianus,-76.557427,37.47145
Lithobates catesbeianus,-120.787348,42.95576
Lithobates catesbeianus,-79.115289,35.914463
Lithobates catesbeianus,-87.092622,41.621097
Lithobates catesbeianus,-75.88655,36.261192
Lithobates catesbeianus,-80.961688,35.357321
Lithobates catesbeianus,-75.991675,40.563738
Lithobates catesbeianus,-79.195984,39.649207
Lithobates catesbeianus,-96.575114,29.415694
Lithobates catesbeianus,-94.583356,32.706583
Lithobates catesbeianus,-87.937644,43.175969
Lithobates catesbeianus,-97.401252,35.184822
Lithobates catesbeianus,-78.909912,36.062711
Lithobates catesbeianus,-91.367418,39.908521
Lithobates catesbeianus,-77.251747,39.026253
Lithobates catesbeianus,-80.880091,34.19889
Lithobates catesbeianus,-111.770462,33.237142
Lithobates catesbeianus,-65.762518,18.340001
Lithobates catesbeianus,-81.893172,29.658634
Lithobates catesbeianus,-79.397445,40.285978
Lithobates catesbeianus,-64.705506,44.250195
Lithobates catesbeianus,-64.680473,44.307522
Lithobates catesbeianus,-95.268567,29.060717
Lithobates catesbeianus,-89.224882,36.567942
Lithobates catesbeianus,-68.402197,18.659682
Lithobates catesbeianus,-158.036789,21.525975
Lithobates catesbeianus,-84.798088,33.531937
Lithobates catesbeianus,-97.119787,33.08371
Lithobates catesbeianus,-117.402811,33.536351
Lithobates catesbeianus,-78.018303,39.331708
Lithobates catesbeianus,-76.692213,39.493663
Lithobates catesbeianus,-98.162125,33.201663
Lithobates catesbeianus,-96.011137,28.983922
Lithobates catesbeianus,-83.863926,35.988217
Lithobates catesbeianus,-77.575564,37.389089
Lithobates catesbeianus,-124.083069,40.784058
Lithobates catesbeianus,-86.905481,36.060806
Lithobates catesbeianus,-86.32967,39.848774
Lithobates catesbeianus,-89.508768,36.382482
Lithobates catesbeianus,-99.901813,31.968599
Lithobates catesbeianus,-94.706989,31.442597
Lithobates catesbeianus,-83.62862,40.565064
Lithobates catesbeianus,-84.231025,33.805222
Lithobates catesbeianus,-122.181975,47.8741
Lithobates catesbeianus,-91.758842,42.125514
Lithobates catesbeianus,-92.235706,38.588772
Lithobates catesbeianus,-85.765474,41.986124
Lithobates catesbeianus,-81.10481,32.147211
Lithobates catesbeianus,-93.411233,35.97487
Lithobates catesbeianus,-76.92523,38.984397
Lithobates catesbeianus,-85.906686,37.179135
Lithobates catesbeianus,-95.266765,29.682426
Lithobates catesbeianus,-100.153512,41.261921
Lithobates catesbeianus,-84.144638,34.002879
Lithobates catesbeianus,-82.038247,39.352131
Lithobates catesbeianus,-95.422242,31.883325
Lithobates catesbeianus,-71.142439,42.1633
Lithobates catesbeianus,-96.736116,29.094891
Lithobates catesbeianus,-156.535057,20.882917
Lithobates catesbeianus,-123.646491,44.246005
Lithobates catesbeianus,-118.394522,34.210529
Lithobates catesbeianus,-110.714943,31.486689
Lithobates catesbeianus,-122.619877,43.863561
Lithobates catesbeianus,-81.805595,33.554122
Lithobates catesbeianus,-97.747965,29.879881
Lithobates catesbeianus,-74.261353,40.587477
Lithobates catesbeianus,-68.776944,44.92627
Lithobates catesbeianus,-83.439301,31.57357
Lithobates catesbeianus,-97.834076,37.755137
Lithobates catesbeianus,-117.844478,34.042878
Lithobates catesbeianus,-122.473374,45.59992
Lithobates catesbeianus,-80.881212,35.089558
Lithobates catesbeianus,-122.053363,37.220686
Lithobates catesbeianus,-122.730637,38.033711
Lithobates catesbeianus,-91.809725,33.592861
Lithobates catesbeianus,-82.553536,35.533617
Lithobates catesbeianus,-79.369869,35.147866
Lithobates catesbeianus,-118.808199,34.351196
Lithobates catesbeianus,-99.572079,32.269884
Lithobates catesbeianus,-122.369812,39.812428
Lithobates catesbeianus,-92.407295,38.963925
Lithobates catesbeianus,-86.414575,38.739194
Lithobates catesbeianus,-123.140711,45.526663
Lithobates catesbeianus,-86.926304,31.128731
Lithobates catesbeianus,-95.849343,29.790294
Lithobates catesbeianus,-65.695357,18.363063
Lithobates catesbeianus,-118.998734,36.71928
Lithobates catesbeianus,-123.46471,48.465144
Lithobates catesbeianus,-159.338639,22.01027
Lithobates catesbeianus,-123.235687,44.606514
Lithobates catesbeianus,-76.255188,45.387813
Lithobates catesbeianus,-79.678125,35.189288
Lithobates catesbeianus,-117.113801,33.039789
Lithobates catesbeianus,-118.882125,36.789388
Lithobates catesbeianus,-90.13565,30.54357
Lithobates catesbeianus,-95.292013,29.435703
Lithobates catesbeianus,-90.520049,30.480656
Lithobates catesbeianus,-106.71107,34.776078
Lithobates catesbeianus,-92.039383,37.559697
Lithobates catesbeianus,-83.670662,41.360947
Lithobates catesbeianus,-119.100287,35.33353
Lithobates catesbeianus,-73.58963,45.119697
Lithobates catesbeianus,-79.318456,39.575371
Lithobates catesbeianus,-93.429808,41.792237
Lithobates catesbeianus,-84.729581,38.996813
Lithobates catesbeianus,-95.072729,29.595363
Lithobates catesbeianus,-76.726617,44.794395
Lithobates catesbeianus,-95.129789,29.572246
Lithobates catesbeianus,-79.606579,35.190209
Lithobates catesbeianus,-94.139503,30.007592
Lithobates catesbeianus,-83.216667,39.894255
Lithobates catesbeianus,-97.327197,37.362793
Lithobates catesbeianus,-83.725092,41.790483
Lithobates catesbeianus,-79.14656,39.601064
Lithobates catesbeianus,-122.277825,46.946456
Lithobates catesbeianus,-67.103495,18.012357
Lithobates catesbeianus,-81.721223,33.531255
Lithobates catesbeianus,-80.016076,35.881782
Lithobates catesbeianus,-78.967747,36.046457
Lithobates catesbeianus,-95.739138,38.5227
Lithobates catesbeianus,-72.67768,45.418358
Lithobates catesbeianus,-85.282605,35.042577
Lithobates catesbeianus,-81.968628,28.498353
Lithobates catesbeianus,-82.971863,39.809628
Lithobates catesbeianus,-82.6447,29.3315
Lithobates catesbeianus,-86.612215,36.304141
Lithobates catesbeianus,-104.861995,39.819523
Lithobates catesbeianus,-100.082566,37.884102
Lithobates catesbeianus,-88.085747,39.50482
Lithobates catesbeianus,-84.501469,36.131942
Lithobates catesbeianus,-99.307984,38.897845
Lithobates catesbeianus,-79.953756,33.052044
Lithobates catesbeianus,-87.633054,41.918185
Lithobates catesbeianus,-73.794852,40.728224
Lithobates catesbeianus,-79.61335,35.051347
Lithobates catesbeianus,-69.946715,43.871715
Lithobates catesbeianus,-117.240627,33.240119
Lithobates catesbeianus,-121.832437,37.504246
Lithobates catesbeianus,-78.319093,37.3103
Lithobates catesbeianus,-71.09406,42.834636
Lithobates catesbeianus,-122.413328,39.097687
Lithobates catesbeianus,-76.142217,36.868567
Lithobates catesbeianus,-82.047461,28.48145
Lithobates catesbeianus,-105.100495,40.082508
Lithobates catesbeianus,-81.355007,35.221855
Lithobates catesbeianus,-81.927829,29.290866
Lithobates catesbeianus,-120.281904,37.383889
Lithobates catesbeianus,-81.641442,40.672587
Lithobates catesbeianus,-118.648745,34.41752
Lithobates catesbeianus,-79.036286,39.989742
Lithobates catesbeianus,-83.945245,33.511795
Lithobates catesbeianus,-83.859877,34.152116
Lithobates catesbeianus,-117.256845,34.339172
Lithobates catesbeianus,-69.842597,44.048603
Lithobates catesbeianus,-74.443292,40.044792
Lithobates catesbeianus,-84.554159,34.321017
Lithobates catesbeianus,-122.155366,45.396461
Lithobates catesbeianus,-75.935722,38.954033
Lithobates catesbeianus,-124.484353,49.929117
Lithobates catesbeianus,-77.533642,38.268587
Lithobates catesbeianus,-93.272556,37.224319
Lithobates catesbeianus,-75.890059,40.499461
Lithobates catesbeianus,-122.603997,49.140659
Lithobates catesbeianus,-85.365839,35.011381
Lithobates catesbeianus,-89.773615,35.26753
Lithobates catesbeianus,-88.86642,33.42128
Lithobates catesbeianus,-92.380904,34.987187
Lithobates catesbeianus,-95.404244,32.412112
Lithobates catesbeianus,-80.768846,35.15772
Lithobates catesbeianus,-77.585049,37.623776
Lithobates catesbeianus,-88.146702,30.666389
Lithobates catesbeianus,-79.413633,44.642596
Lithobates catesbeianus,-77.038907,38.483095
Lithobates catesbeianus,-90.342342,38.587202
Lithobates catesbeianus,-120.109412,37.226535
Lithobates catesbeianus,-71.624532,42.501435
Lithobates catesbeianus,-97.066956,33.146996
Lithobates catesbeianus,-101.402188,19.351971
Lithobates catesbeianus,-78.450951,38.042908
Lithobates catesbeianus,-122.492092,48.14456
Lithobates catesbeianus,-94.540955,29.614408
Lithobates catesbeianus,-71.077434,42.058146
Lithobates catesbeianus,-95.63954,36.318729
Lithobates catesbeianus,-86.408031,35.851302
Lithobates catesbeianus,-122.833425,49.256549
Lithobates catesbeianus,-81.292736,41.202092
Lithobates catesbeianus,-96.584014,40.632649
Lithobates catesbeianus,-78.684553,35.806879
Lithobates catesbeianus,-72.052544,42.842338
Lithobates catesbeianus,-78.261597,44.402236
Lithobates catesbeianus,-100.867912,32.65123
Lithobates catesbeianus,-82.76139,34.726099
Lithobates catesbeianus,-90.386838,38.703345
Lithobates catesbeianus,-123.084003,44.918457
Lithobates catesbeianus,-116.31887,32.538153
Lithobates catesbeianus,-81.915545,36.170303
Lithobates catesbeianus,-82.487492,42.230094
Lithobates catesbeianus,-76.424324,38.388388
Lithobates catesbeianus,-94.634858,30.581385
Lithobates catesbeianus,-80.690765,35.21487
Lithobates catesbeianus,-122.188189,47.590604
Lithobates catesbeianus,-70.133247,44.674933
Lithobates catesbeianus,-123.948115,48.778222
Lithobates catesbeianus,-90.123505,29.79372
Lithobates catesbeianus,-81.848898,41.439403
Lithobates catesbeianus,-80.334502,43.26595
Lithobates catesbeianus,-81.886641,41.400947
Lithobates catesbeianus,-122.318087,46.98347
Lithobates catesbeianus,-81.385729,41.159476
Lithobates catesbeianus,-74.630783,42.671806
Lithobates catesbeianus,-76.418892,42.329475
Lithobates catesbeianus,-94.146798,30.501817
Lithobates catesbeianus,-83.297969,33.833443
Lithobates catesbeianus,-76.694572,37.642933
Lithobates catesbeianus,-75.039153,40.255916
Lithobates catesbeianus,-80.410664,40.817378
Lithobates catesbeianus,-87.855545,41.098129
Lithobates catesbeianus,-117.021101,33.074564
Lithobates catesbeianus,-81.247255,35.78014
Lithobates catesbeianus,-95.572026,29.983699
Lithobates catesbeianus,-77.482428,43.046731
Lithobates catesbeianus,-95.806889,38.377126
Lithobates catesbeianus,-78.446938,36.068104
Lithobates catesbeianus,-75.149808,40.125043
Lithobates catesbeianus,-122.624016,49.319389
Lithobates catesbeianus,-75.080154,38.720386
Lithobates catesbeianus,-121.806507,37.337171
Lithobates catesbeianus,-111.671142,33.539625
Lithobates catesbeianus,-65.783645,18.392355
Lithobates catesbeianus,-110.853828,31.497474
Lithobates catesbeianus,-121.780755,39.310747
Lithobates catesbeianus,-80.681898,32.896344
Lithobates catesbeianus,-123.796805,48.778908
Lithobates catesbeianus,-83.807882,42.256015
Lithobates catesbeianus,-91.333622,30.483817
Lithobates catesbeianus,-86.708492,38.993376
Lithobates catesbeianus,-81.67755,36.211608
Lithobates catesbeianus,-81.261995,41.1179
Lithobates catesbeianus,-110.956213,31.390526
Lithobates catesbeianus,-70.032416,41.746255
Lithobates catesbeianus,-75.763527,39.728707
Lithobates catesbeianus,-90.063767,32.470395
Lithobates catesbeianus,-77.974038,34.025786
Lithobates catesbeianus,-79.377673,40.51728
Lithobates catesbeianus,-122.796325,45.576479
Lithobates catesbeianus,-94.664786,38.619302
Lithobates catesbeianus,-84.261241,30.48006
Lithobates catesbeianus,-96.567541,32.467963
Lithobates catesbeianus,-68.328155,44.400917
Lithobates catesbeianus,-84.64488,40.097681
Lithobates catesbeianus,-88.076089,30.248613
Lithobates catesbeianus,-83.841571,34.447121
Lithobates catesbeianus,-79.093153,35.72155
Lithobates catesbeianus,-74.750746,39.809679
Lithobates catesbeianus,-123.264567,44.069163
Lithobates catesbeianus,-78.632713,34.460332
Lithobates catesbeianus,-97.163801,32.930853
Lithobates catesbeianus,-85.113292,39.237314
Lithobates catesbeianus,-121.7284,39.805195
Lithobates catesbeianus,-94.818159,38.95776
Lithobates catesbeianus,-84.443055,33.886392
Lithobates catesbeianus,-70.678043,41.859022
Lithobates catesbeianus,-79.042705,35.951861
Lithobates catesbeianus,-97.928216,38.029949
Lithobates catesbeianus,-122.698755,38.573817
Lithobates catesbeianus,-80.468118,35.494892
Lithobates catesbeianus,-72.516483,46.33515
Lithobates catesbeianus,-97.089522,30.032989
Lithobates catesbeianus,-82.333097,28.036713
Lithobates catesbeianus,-96.571231,29.081675
Lithobates catesbeianus,-69.45341,43.802052
Lithobates catesbeianus,-81.184137,28.726477
Lithobates catesbeianus,-80.006356,40.118831
Lithobates catesbeianus,-116.901905,33.339997
Lithobates catesbeianus,-79.35598,39.442921
Lithobates catesbeianus,-96.862107,35.366176
Lithobates catesbeianus,-82.400305,28.096233
Lithobates catesbeianus,-79.96937,33.243863
Lithobates catesbeianus,-80.364412,43.306388
Lithobates catesbeianus,-86.35186,35.846912
Lithobates catesbeianus,-98.22226,31.058887
Lithobates catesbeianus,-117.223292,33.751214
Lithobates catesbeianus,-122.206692,37.859047
Lithobates catesbeianus,-80.139301,37.150822
Lithobates catesbeianus,-83.07797,42.265788
Lithobates catesbeianus,-118.7287,34.097564
Lithobates catesbeianus,-122.369972,48.731708
Lithobates catesbeianus,-93.699315,32.484077
Lithobates catesbeianus,-96.825041,33.124894
Lithobates catesbeianus,-99.264903,29.998261
Lithobates catesbeianus,-84.33245,34.162086
Lithobates catesbeianus,-122.483878,38.299412
Lithobates catesbeianus,-80.384727,36.958901
Lithobates catesbeianus,-71.337872,42.25596
Lithobates catesbeianus,-69.38572,44.447575
Lithobates catesbeianus,-72.277633,42.900917
Lithobates catesbeianus,-123.115501,45.455211
Lithobates catesbeianus,-77.512493,37.544057
Lithobates catesbeianus,-121.408946,37.408926
Lithobates catesbeianus,-80.018339,35.094507
Lithobates catesbeianus,-83.304222,30.286603
Lithobates catesbeianus,-84.225369,39.654403
Lithobates catesbeianus,-74.777541,39.878283
Lithobates catesbeianus,-83.554829,33.77098
Lithobates catesbeianus,-117.74858,33.638813
Lithobates catesbeianus,-97.172155,30.095008
Lithobates catesbeianus,-123.243346,44.360183
Lithobates catesbeianus,-121.622345,37.562618
Lithobates catesbeianus,-123.637928,40.953322
Lithobates catesbeianus,-86.577482,39.278827
Lithobates catesbeianus,-76.69925,37.275173
Lithobates catesbeianus,-81.03283,35.602538
Lithobates catesbeianus,-119.356377,36.30182
Lithobates catesbeianus,-84.479856,39.259757
Lithobates catesbeianus,-83.969417,30.203156
Lithobates catesbeianus,-86.799063,38.934014
Lithobates catesbeianus,-75.118545,39.709675
Lithobates catesbeianus,-77.585197,39.120136
Lithobates catesbeianus,-89.422312,37.522026
Lithobates catesbeianus,-71.459444,42.581003
Lithobates catesbeianus,-96.422975,39.186783
Lithobates catesbeianus,-73.453606,41.893698
Lithobates catesbeianus,-83.905444,34.907335
Lithobates catesbeianus,-117.795258,34.091973
Lithobates catesbeianus,-76.988725,39.766197
Lithobates catesbeianus,-75.735328,38.755756
Lithobates catesbeianus,-97.475975,32.847267
Lithobates catesbeianus,-96.591702,29.64624
Lithobates catesbeianus,-87.373984,36.621027
Lithobates catesbeianus,-119.525108,36.896447
Lithobates catesbeianus,-122.355441,38.997008
Lithobates catesbeianus,-84.378376,34.002436
Lithobates catesbeianus,-77.767773,38.583044
Lithobates catesbeianus,-75.870755,40.357768
Lithobates catesbeianus,-94.780328,32.456225
Lithobates catesbeianus,-71.524788,41.491222
Lithobates catesbeianus,-95.977387,31.196711
Lithobates catesbeianus,-122.103697,47.771972
Lithobates catesbeianus,-73.642283,40.710357
Lithobates catesbeianus,-106.874743,34.145204
Lithobates catesbeianus,-96.95641,33.114183
Lithobates catesbeianus,-121.316817,37.438889
Lithobates catesbeianus,-76.485967,44.556373
Lithobates catesbeianus,-75.1846,39.967575
Lithobates catesbeianus,-81.104263,33.919879
Lithobates catesbeianus,-122.375373,46.80383
Lithobates catesbeianus,-78.100419,38.98128
Lithobates catesbeianus,-79.500861,39.286011
Lithobates catesbeianus,-81.550383,41.121328
Lithobates catesbeianus,-92.856085,37.473143
Lithobates catesbeianus,-120.322237,38.018995
Lithobates catesbeianus,-76.47386,40.247479
Lithobates catesbeianus,-100.363862,34.134194
Lithobates catesbeianus,-118.087905,33.805917
Lithobates catesbeianus,-94.740782,36.177303
Lithobates catesbeianus,-119.174908,35.533043
Lithobates catesbeianus,-89.396663,37.447533
Lithobates catesbeianus,-81.21127,28.640026
Lithobates catesbeianus,-88.141167,39.460842
Lithobates catesbeianus,-108.492891,39.064654
Lithobates catesbeianus,-71.271003,42.52438
Lithobates catesbeianus,-87.62932,33.115795
Lithobates catesbeianus,-87.406555,41.38517
Lithobates catesbeianus,-94.769119,36.593668
Lithobates catesbeianus,-72.519169,42.397108
Lithobates catesbeianus,-98.288605,29.412408
Lithobates catesbeianus,-119.085682,35.555085
Lithobates catesbeianus,-76.021696,36.906595
Lithobates catesbeianus,-84.255928,41.831353
Lithobates catesbeianus,-117.179598,32.953471
Lithobates catesbeianus,-111.932188,33.439632
Lithobates catesbeianus,-91.844403,35.507248
Lithobates catesbeianus,-66.160789,18.117156
Lithobates catesbeianus,-78.606596,35.80817
Lithobates catesbeianus,-87.772873,33.097281
Lithobates catesbeianus,-97.373103,37.790183
Lithobates catesbeianus,-100.929382,32.699027
Lithobates catesbeianus,-80.565749,35.04007
Lithobates catesbeianus,-98.53292,32.54033
Lithobates catesbeianus,-79.460004,40.240654
Lithobates catesbeianus,-94.736401,37.143257
Lithobates catesbeianus,-106.598576,35.016502
Lithobates catesbeianus,-85.515797,41.317957
Lithobates catesbeianus,-87.67453,35.098461
Lithobates catesbeianus,-93.874723,41.604298
Lithobates catesbeianus,-100.880233,32.817142
Lithobates catesbeianus,-105.091019,39.704372
Lithobates catesbeianus,-87.688165,41.989262
Lithobates catesbeianus,-88.940428,41.30215
Lithobates catesbeianus,-88.411628,42.300912
Lithobates catesbeianus,-93.166069,31.833533
Lithobates catesbeianus,-86.827226,33.441048
Lithobates catesbeianus,-86.099935,42.726827
Lithobates catesbeianus,-76.42484,44.477872
Lithobates catesbeianus,-71.260238,41.64737
Lithobates catesbeianus,-87.901604,42.145557
Lithobates catesbeianus,-88.115804,42.976377
Lithobates catesbeianus,-72.82,41.88
Lithobates catesbeianus,-79.083907,43.037357
Lithobates catesbeianus,-74.564328,39.377071
Lithobates catesbeianus,-95.900628,35.507175
Lithobates catesbeianus,-84.035788,39.487464
Lithobates catesbeianus,-99.316144,31.118743
Lithobates catesbeianus,-89.890872,32.039767
Lithobates catesbeianus,-88.147487,41.770189
Lithobates catesbeianus,-84.238486,42.328854
Lithobates catesbeianus,-81.045027,42.702493
Lithobates catesbeianus,-77.436589,42.938226
Lithobates catesbeianus,-84.858911,43.176618
Lithobates catesbeianus,-80.235831,40.789306
Lithobates catesbeianus,-81.31223,31.936464
Lithobates catesbeianus,-98.549893,29.192287
Lithobates catesbeianus,-98.408795,29.17778
Lithobates catesbeianus,-94.80885,37.345887
Lithobates catesbeianus,-78.520233,38.34533
Lithobates catesbeianus,-81.439318,41.52776
Lithobates catesbeianus,-81.759267,36.80443
Lithobates catesbeianus,-94.78021,39.76148
Lithobates catesbeianus,-81.304506,41.606801
Lithobates catesbeianus,-89.229019,41.038055
Lithobates catesbeianus,-77.36142,38.592863
Lithobates catesbeianus,-121.079315,38.443889
Lithobates catesbeianus,-117.048225,32.790212
Lithobates catesbeianus,-94.944832,36.858337
Lithobates catesbeianus,-75.642191,38.348498
Lithobates catesbeianus,-118.411732,34.020479
Lithobates catesbeianus,-97.642481,30.848423
Lithobates catesbeianus,-75.048348,39.817881
Lithobates catesbeianus,-87.676186,41.825693
Lithobates catesbeianus,-85.502376,40.453634
Lithobates catesbeianus,-82.789633,40.014675
Lithobates catesbeianus,-76.553659,38.888163
Lithobates catesbeianus,-75.664483,35.990208
Lithobates catesbeianus,-75.679162,39.909242
Lithobates catesbeianus,-106.663211,35.076061
Lithobates catesbeianus,-97.775999,30.281222
Lithobates catesbeianus,-71.77864,42.676275
Lithobates catesbeianus,-74.495072,40.524842
Lithobates catesbeianus,-103.54378,37.971202
Lithobates catesbeianus,-73.227257,41.498842
Lithobates catesbeianus,-78.733669,35.962654
Lithobates catesbeianus,-75.255792,39.881058
Lithobates catesbeianus,-90.323726,38.642548
Lithobates catesbeianus,-73.262834,44.234856
Lithobates catesbeianus,-76.758879,37.329908
Lithobates catesbeianus,-77.948533,40.799526
Lithobates catesbeianus,-122.30576,45.483443
Lithobates catesbeianus,-97.160465,30.041664
Lithobates catesbeianus,-84.696005,30.17183
Lithobates catesbeianus,-87.603216,40.273375
Lithobates catesbeianus,-71.466187,42.035065
Lithobates catesbeianus,-99.783251,37.393074
Lithobates catesbeianus,-108.552926,33.015206
Lithobates catesbeianus,-122.595285,47.678799
Lithobates catesbeianus,-80.021899,43.451703
Lithobates catesbeianus,-82.504582,34.958034
Lithobates catesbeianus,-83.520447,42.806084
Lithobates catesbeianus,-71.572814,41.573483
Lithobates catesbeianus,-81.437395,41.468338
Lithobates catesbeianus,-106.596638,35.260463
Lithobates catesbeianus,-78.721337,35.76918
Lithobates catesbeianus,-120.45882,38.254904
Lithobates catesbeianus,-79.212477,39.561569
Lithobates catesbeianus,-71.427574,42.338589
Lithobates catesbeianus,-106.639261,35.193344
Lithobates catesbeianus,-122.191489,47.763246
Lithobates catesbeianus,-93.217376,30.226575
Lithobates catesbeianus,-98.494468,29.152597
Lithobates catesbeianus,-77.122236,38.860183
Lithobates catesbeianus,-106.074366,35.670379
Lithobates catesbeianus,-73.689963,40.97622
Lithobates catesbeianus,-116.184662,43.601588
Lithobates catesbeianus,-76.035026,39.739976
Lithobates catesbeianus,-77.248871,38.645618
Lithobates catesbeianus,-77.105653,37.785146
Lithobates catesbeianus,-96.322539,42.4507
Lithobates catesbeianus,-77.313793,39.058312
Lithobates catesbeianus,-85.058612,41.378482
Lithobates catesbeianus,-97.020223,29.878071
Lithobates catesbeianus,-78.829347,35.658676
Lithobates catesbeianus,-84.524397,38.093883
Lithobates catesbeianus,-82.607944,35.499297
Lithobates catesbeianus,-95.160928,29.857458
Lithobates catesbeianus,-81.408544,28.697349
Lithobates catesbeianus,-81.504627,41.252919
Lithobates catesbeianus,-97.099892,32.587525
Lithobates catesbeianus,-70.719499,43.557209
Lithobates catesbeianus,-98.555964,29.016679
Lithobates catesbeianus,-121.56582,36.876812
Lithobates catesbeianus,-94.572937,38.917512
Lithobates catesbeianus,-94.433341,38.53687
Lithobates catesbeianus,-88.130591,41.960966
Lithobates catesbeianus,-108.606924,32.940115
Lithobates catesbeianus,-104.698348,38.677389
Lithobates catesbeianus,-98.423045,29.094982
Lithobates catesbeianus,-82.569808,28.331367
Lithobates catesbeianus,-81.312332,32.315242
Lithobates catesbeianus,-76.943057,38.912877
Lithobates catesbeianus,-78.691629,38.066655
Lithobates catesbeianus,-83.631283,35.892341
Lithobates catesbeianus,-97.269438,37.742978
Lithobates catesbeianus,-81.192786,42.948939
Lithobates catesbeianus,-106.754348,35.170895
Lithobates catesbeianus,-76.552589,36.760872
Lithobates catesbeianus,-102.1223,31.966767
Lithobates catesbeianus,-86.781746,33.486343
Lithobates catesbeianus,-89.265806,42.371613
Lithobates catesbeianus,-96.036263,41.183247
Lithobates catesbeianus,-77.105203,38.754511
Lithobates catesbeianus,-76.541473,42.441727
Lithobates catesbeianus,-82.63478,28.250305
Lithobates catesbeianus,-90.638091,38.61955
Lithobates catesbeianus,-86.399251,39.992538
Lithobates catesbeianus,-106.765176,35.040896
Lithobates catesbeianus,-88.081805,41.746684
Lithobates catesbeianus,-81.391803,41.285067
Lithobates catesbeianus,-123.084114,38.560292
Lithobates catesbeianus,-89.920444,30.284259
Lithobates catesbeianus,-96.614226,43.527262
Lithobates catesbeianus,-95.728864,29.399083
Lithobates catesbeianus,-80.515175,35.796044
Lithobates catesbeianus,-82.160428,39.435615
Lithobates catesbeianus,-75.460825,38.51528
Lithobates catesbeianus,-119.185781,34.984509
Lithobates catesbeianus,-76.554603,39.153295
Lithobates catesbeianus,-96.757492,40.778869
Lithobates catesbeianus,-83.743731,42.296941
Lithobates catesbeianus,-89.205788,42.209678
Lithobates catesbeianus,-80.417137,40.277197
Lithobates catesbeianus,-77.037051,39.283584
Lithobates catesbeianus,-78.721204,36.191702
Lithobates catesbeianus,-75.845987,42.217267
Lithobates catesbeianus,-96.852861,40.693697
Lithobates catesbeianus,-74.973952,40.231814
Lithobates catesbeianus,-106.718625,35.084522
Lithobates catesbeianus,-89.415357,30.281277
Lithobates catesbeianus,-74.488407,40.71615
Lithobates catesbeianus,-95.757292,36.256875
Lithobates catesbeianus,-95.689182,30.202985
Lithobates catesbeianus,-86.473336,36.95258
Lithobates catesbeianus,-89.366271,36.476102
Lithobates catesbeianus,-83.812595,39.748024
Lithobates catesbeianus,-71.776447,43.793409
Lithobates catesbeianus,-77.511772,42.710732
Lithobates catesbeianus,-76.607676,39.181573
Lithobates catesbeianus,-71.1643,42.471683
Lithobates catesbeianus,-121.783027,36.732746
Lithobates catesbeianus,-106.714804,35.003292
Lithobates catesbeianus,-122.244899,47.309617
Lithobates catesbeianus,-84.995737,29.732483
Lithobates catesbeianus,-86.21954,39.145076
Lithobates catesbeianus,-75.219782,40.36009
Lithobates catesbeianus,-88.027492,41.532406
Lithobates catesbeianus,-83.423155,38.998195
Lithobates catesbeianus,-86.632523,38.946164
Lithobates catesbeianus,-157.922228,21.432663
Lithobates catesbeianus,-93.649855,32.458953
Lithobates catesbeianus,-84.546538,36.76367
Lithobates catesbeianus,-80.280258,36.123689
Lithobates catesbeianus,-91.268325,30.824349
Lithobates catesbeianus,-75.155744,44.578999
Lithobates catesbeianus,-72.663979,42.295162
Lithobates catesbeianus,-76.366242,42.37001
Lithobates catesbeianus,-118.474751,34.16868
Lithobates catesbeianus,-84.321894,33.776574
Lithobates catesbeianus,-82.922775,33.895175
Lithobates catesbeianus,-98.100953,29.465825
Lithobates catesbeianus,-89.207141,42.443013
Lithobates catesbeianus,-116.933045,32.653089
Lithobates catesbeianus,-74.916478,39.231598
Lithobates catesbeianus,-74.757151,42.427769
Lithobates catesbeianus,-122.487031,37.71274
Lithobates catesbeianus,-96.955957,33.066435
Lithobates catesbeianus,-94.389622,29.573367
Lithobates catesbeianus,-80.321005,40.549366
Lithobates catesbeianus,-76.838014,34.629736
Lithobates catesbeianus,-75.043372,39.918012
Lithobates catesbeianus,-122.000701,47.54815
Lithobates catesbeianus,-110.730731,32.281897
Lithobates catesbeianus,-123.243478,44.543239
Lithobates catesbeianus,-77.826685,42.794249
Lithobates catesbeianus,-93.894041,29.732583
Lithobates catesbeianus,-81.250731,33.685885
Lithobates catesbeianus,-75.307903,39.968008
Lithobates catesbeianus,-73.858938,41.441447
Lithobates catesbeianus,-97.018908,33.382237
Lithobates catesbeianus,-84.125739,40.290205
Lithobates catesbeianus,-81.283229,41.502655
Lithobates catesbeianus,-106.513777,31.831191
Lithobates catesbeianus,-108.375888,33.374787
Lithobates catesbeianus,-90.674345,35.739523
Lithobates catesbeianus,-121.980239,37.254306
Lithobates catesbeianus,-84.900868,32.547601
Lithobates catesbeianus,-120.480575,37.687172
Lithobates catesbeianus,-76.86235,39.042817
Lithobates catesbeianus,-77.43964,42.997117
Lithobates catesbeianus,-77.751258,37.450112
Lithobates catesbeianus,-76.895012,39.190047
Lithobates catesbeianus,-82.556601,35.633228
Lithobates catesbeianus,-97.023514,35.939255
Lithobates catesbeianus,-122.709215,47.082291
Lithobates catesbeianus,-97.601074,35.587964
Lithobates catesbeianus,-74.267083,40.986815
Lithobates catesbeianus,-73.749611,41.277081
Lithobates catesbeianus,-88.2725,39.470558
Lithobates catesbeianus,-119.203559,46.895358
Lithobates catesbeianus,-82.693768,35.799958
Lithobates catesbeianus,-121.840592,37.162403
Lithobates catesbeianus,-72.564071,42.343393
Lithobates catesbeianus,-86.929528,38.386295
Lithobates catesbeianus,-106.82819,32.278192
Lithobates catesbeianus,-122.351898,49.054021
Lithobates catesbeianus,-120.452208,37.926022
Lithobates catesbeianus,-93.640728,42.056103
Lithobates catesbeianus,-85.571171,36.248695
Lithobates catesbeianus,-93.948623,29.699457
Lithobates catesbeianus,-79.359809,36.812201
Lithobates catesbeianus,-76.709579,38.771712
Lithobates catesbeianus,-121.40452,37.037006
Lithobates catesbeianus,-119.731565,39.497747
Lithobates catesbeianus,-78.708338,37.779102
Lithobates catesbeianus,-76.646486,38.054718
Lithobates catesbeianus,-79.496033,39.867845
Lithobates catesbeianus,-97.163132,30.276426
Lithobates catesbeianus,-89.645012,30.426595
Lithobates catesbeianus,-123.821297,49.076625
Lithobates catesbeianus,-88.778538,35.762172
Lithobates catesbeianus,-77.210183,38.97847
Lithobates catesbeianus,-81.822639,32.332941
Lithobates catesbeianus,-75.405361,40.190301
Lithobates catesbeianus,-74.518021,45.116165
Lithobates catesbeianus,-116.917227,46.756476
Lithobates catesbeianus,-81.253944,31.838481
Lithobates catesbeianus,-95.139045,29.51186
Lithobates catesbeianus,-95.467356,30.235814
Lithobates catesbeianus,-73.905945,41.965015
Lithobates catesbeianus,-93.062376,44.995364
Lithobates catesbeianus,-75.40827,38.741063
Lithobates catesbeianus,-97.042061,33.306805
Lithobates catesbeianus,-76.213005,42.093067
Lithobates catesbeianus,-82.031557,28.277268
Lithobates catesbeianus,-120.62323,37.900872
Lithobates catesbeianus,-71.976905,46.072524
Lithobates catesbeianus,-71.916466,45.394745
Lithobates catesbeianus,-89.54653,35.783172
Lithobates catesbeianus,-98.456569,29.45957
Lithobates catesbeianus,-89.013878,42.976097
Lithobates catesbeianus,-76.643233,38.717207
Lithobates catesbeianus,-91.195908,33.371883
Lithobates catesbeianus,-92.199776,32.481612
Lithobates catesbeianus,-123.874186,49.114093
Lithobates catesbeianus,-74.808394,39.119117
Lithobates catesbeianus,-95.234772,39.000531
Lithobates catesbeianus,-89.583228,44.547439
Lithobates catesbeianus,-84.444838,39.343097
Lithobates catesbeianus,-97.09198,33.024689
Lithobates catesbeianus,-97.274464,30.100538
Lithobates catesbeianus,-70.24302,44.05512
Lithobates catesbeianus,-94.378974,30.579629
Lithobates catesbeianus,-122.66375,38.480744
Lithobates catesbeianus,-76.320162,44.568888
Lithobates catesbeianus,-74.702731,40.474649
Lithobates catesbeianus,-94.985587,32.768194
Lithobates catesbeianus,-92.528252,34.55048
Lithobates catesbeianus,-122.935613,45.543172
Lithobates catesbeianus,-96.891654,33.199528
Lithobates catesbeianus,-80.867546,34.677071
Lithobates catesbeianus,-123.970323,49.171002
Lithobates catesbeianus,-84.161625,39.538092
Lithobates catesbeianus,-121.43927,38.265732
Lithobates catesbeianus,-80.14804,41.078778
Lithobates catesbeianus,-76.745443,37.557805
Lithobates catesbeianus,-82.560929,28.209447
Lithobates catesbeianus,-123.374642,48.464605
Lithobates catesbeianus,-77.09453,38.674662
Lithobates catesbeianus,-79.157378,37.415291
Lithobates catesbeianus,-84.386178,37.546137
Lithobates catesbeianus,-95.763106,30.401543
Lithobates catesbeianus,-121.774872,37.185539
Lithobates catesbeianus,-116.714188,37.035686
Lithobates catesbeianus,-100.829847,19.86409
Lithobates catesbeianus,-122.358375,40.538495
Lithobates catesbeianus,-74.863731,40.11313
Lithobates catesbeianus,-122.839021,45.497208
Lithobates catesbeianus,-122.855846,45.558862
Lithobates catesbeianus,-94.238314,36.069636
Lithobates catesbeianus,-95.360745,29.53933
Lithobates catesbeianus,-76.149217,36.254708
Lithobates catesbeianus,-81.034442,33.98277
Lithobates catesbeianus,-122.582563,45.379898
Lithobates catesbeianus,-82.961468,42.150966
Lithobates catesbeianus,-122.422055,37.721039
Lithobates catesbeianus,-95.567595,32.880278
Lithobates catesbeianus,-81.27617,31.61487
Lithobates catesbeianus,-117.325299,33.325687
Lithobates catesbeianus,-123.184022,39.074198
Lithobates catesbeianus,-121.886688,39.36188
Lithobates catesbeianus,-121.85657,39.420332
Lithobates catesbeianus,-100.998489,32.348335
Lithobates catesbeianus,-121.7421,37.382
Lithobates catesbeianus,-95.81297,32.854663
Lithobates catesbeianus,-97.77846,32.751103
Lithobates catesbeianus,-73.928422,41.141156
Lithobates catesbeianus,-118.721114,35.987538
Lithobates catesbeianus,-76.428245,38.190547
Lithobates catesbeianus,-77.910545,40.664875
Lithobates catesbeianus,-110.615738,43.63955
Lithobates catesbeianus,-71.843345,45.362013
Lithobates catesbeianus,-75.133518,41.11625
Lithobates catesbeianus,-122.311323,46.844936
Lithobates catesbeianus,-82.089896,32.963328
Lithobates catesbeianus,-123.469437,42.830819
Lithobates catesbeianus,-123.794328,42.375797
Lithobates catesbeianus,-96.357294,36.702381
Lithobates catesbeianus,-80.063514,32.947025
Lithobates catesbeianus,-82.31447,41.381967
Lithobates catesbeianus,-76.634771,37.033862
Lithobates catesbeianus,-89.024462,41.297903
Lithobates catesbeianus,-82.483933,40.518739
Lithobates catesbeianus,-86.493833,39.171978
Lithobates catesbeianus,-71.156965,42.071347
Lithobates catesbeianus,-76.446983,40.059364
Lithobates catesbeianus,-93.47849,38.928662
Lithobates catesbeianus,-122.380388,37.570123
Lithobates catesbeianus,-74.733595,40.192206
Lithobates catesbeianus,-122.597466,38.230495
Lithobates catesbeianus,-77.191597,38.652315
Lithobates catesbeianus,-82.328912,38.419247
Lithobates catesbeianus,-75.485808,40.128125
Lithobates catesbeianus,-79.159817,36.133749
Lithobates catesbeianus,-85.142174,34.437466
Lithobates catesbeianus,-80.606666,35.336325
Lithobates catesbeianus,-84.181669,39.713798
Lithobates catesbeianus,-82.964918,40.05756
Lithobates catesbeianus,-96.572764,40.552153
Lithobates catesbeianus,-96.573189,32.99223
Lithobates catesbeianus,-74.176087,40.769287
Lithobates catesbeianus,-76.862485,39.273284
Lithobates catesbeianus,-91.10226,40.878611
Lithobates catesbeianus,-86.8592,40.482731
Lithobates catesbeianus,-119.741118,39.433349
Lithobates catesbeianus,-80.142156,41.893456
Lithobates catesbeianus,-122.62448,45.440913
Lithobates catesbeianus,-111.041033,31.613697
Lithobates catesbeianus,-72.913107,41.571619
Lithobates catesbeianus,-78.414278,35.62558
Lithobates catesbeianus,-84.620462,33.978675
Lithobates catesbeianus,-82.836237,41.651197
Lithobates catesbeianus,-90.506133,38.46082
Lithobates catesbeianus,-72.418875,43.656719
Lithobates catesbeianus,-76.031164,42.990078
Lithobates catesbeianus,-123.196862,49.270702
Lithobates catesbeianus,-92.958992,30.216117
Lithobates catesbeianus,-70.967812,41.857553
Lithobates catesbeianus,-82.601952,41.414368
Lithobates catesbeianus,-110.846328,32.23918
Lithobates catesbeianus,-86.382867,33.819867
Lithobates catesbeianus,-76.282616,42.187215
Lithobates catesbeianus,-79.267555,35.465637
Lithobates catesbeianus,-83.019539,40.020125
Lithobates catesbeianus,-121.530091,37.389216
Lithobates catesbeianus,-81.405231,40.68905
Lithobates catesbeianus,-82.63577,28.016482
Lithobates catesbeianus,-87.789987,42.14821
Lithobates catesbeianus,-122.380792,48.822425
Lithobates catesbeianus,-99.079551,37.341689
Lithobates catesbeianus,-75.967021,42.081813
Lithobates catesbeianus,-122.549163,47.82128
Lithobates catesbeianus,-86.311327,39.662238
Lithobates catesbeianus,-97.223135,37.550406
Lithobates catesbeianus,-103.917763,42.77011
Lithobates catesbeianus,-82.158836,33.464938
Lithobates catesbeianus,-85.790064,38.951104
Lithobates catesbeianus,-82.517509,41.954199
Lithobates catesbeianus,-122.57888,48.829078
Lithobates catesbeianus,-96.985856,37.251672
Lithobates catesbeianus,-83.557283,42.529208
Lithobates catesbeianus,-84.441181,33.936204
Lithobates catesbeianus,-73.455345,40.691503
Lithobates catesbeianus,-121.181525,38.737445
Lithobates catesbeianus,-79.495213,46.346553
Lithobates catesbeianus,-105.157759,39.878303
Lithobates catesbeianus,-71.402436,41.898191
Lithobates catesbeianus,-83.75064,35.937853
Lithobates catesbeianus,-105.1015,39.84087
Lithobates catesbeianus,-73.128576,40.833653
Lithobates catesbeianus,-87.167424,38.701956
Lithobates catesbeianus,-77.041422,38.747028
Lithobates catesbeianus,-81.7976,30.05117
Lithobates catesbeianus,-78.641923,39.715415
Lithobates catesbeianus,-122.49098,45.41737
Lithobates catesbeianus,-87.882047,41.709947
Lithobates catesbeianus,-76.888624,38.625207
Lithobates catesbeianus,-82.246422,39.467509
Lithobates catesbeianus,-83.062828,39.961722
Lithobates catesbeianus,-97.877717,38.088467
Lithobates catesbeianus,-80.09188,39.517883
Lithobates catesbeianus,-113.941824,37.860835
Lithobates catesbeianus,-96.452196,32.907193
Lithobates catesbeianus,-76.827894,39.310239
Lithobates catesbeianus,-91.754835,42.872428
Lithobates catesbeianus,-96.556449,32.862029
Lithobates catesbeianus,-82.510283,42.037855
Lithobates catesbeianus,-82.226553,41.286154
Lithobates catesbeianus,-88.917601,37.248527
Lithobates catesbeianus,-77.603005,42.912413
Lithobates catesbeianus,-123.039694,46.95837
Lithobates catesbeianus,-97.606752,39.001799
Lithobates catesbeianus,-75.247872,45.344253
Lithobates catesbeianus,-74.374612,41.434558
Lithobates catesbeianus,-73.632812,41.506614
Lithobates catesbeianus,-77.11241,38.950509
Lithobates catesbeianus,-69.830717,44.442573
Lithobates catesbeianus,-76.321587,36.72902
Lithobates catesbeianus,-122.519923,38.207027
Lithobates catesbeianus,-107.9824,30.4022
Lithobates catesbeianus,-75.604375,39.767549
Lithobates catesbeianus,-77.309065,38.769354
Lithobates catesbeianus,-76.394461,44.967541
Lithobates catesbeianus,-76.34077,41.858407
Lithobates catesbeianus,-77.108273,39.114087
Lithobates catesbeianus,-110.595605,31.337066
Lithobates catesbeianus,-79.603363,37.44628
Lithobates catesbeianus,-94.014063,37.820828
Lithobates catesbeianus,-74.796394,45.029807
Lithobates catesbeianus,-117.376183,46.63527
Lithobates catesbeianus,-76.582761,44.463965
Lithobates catesbeianus,-78.840195,35.816203
Lithobates catesbeianus,-75.0932,40.273972
Lithobates catesbeianus,-77.951605,34.301521
Lithobates catesbeianus,-76.597405,40.943538
Lithobates catesbeianus,-79.22366,42.116614
Lithobates catesbeianus,-80.218921,43.503418
Lithobates catesbeianus,-104.585183,36.352133
Lithobates catesbeianus,-72.57235,42.257013
Lithobates catesbeianus,-71.607845,42.43341
Lithobates catesbeianus,-105.225089,40.141817
Lithobates catesbeianus,-93.323312,37.172875
Lithobates catesbeianus,-79.948588,40.436684
Lithobates catesbeianus,-73.306922,41.602662
Lithobates catesbeianus,-119.8033,37.497967
Lithobates catesbeianus,-71.141191,42.373791
Lithobates catesbeianus,-96.508353,32.999021
Lithobates catesbeianus,-79.415092,40.852672
Lithobates catesbeianus,-83.73491,40.362769
Lithobates catesbeianus,-64.804293,44.344573
Lithobates catesbeianus,-77.340355,38.96648
Lithobates catesbeianus,-104.677229,38.754779
Lithobates catesbeianus,-82.125273,39.371131
Lithobates catesbeianus,-117.758998,33.69743
Lithobates catesbeianus,-81.503695,28.451397
Lithobates catesbeianus,-117.127001,46.768996
Lithobates catesbeianus,-77.099422,38.622915
Lithobates catesbeianus,-88.920897,43.137256
Lithobates catesbeianus,-94.239751,43.08531
Lithobates catesbeianus,-95.446712,29.370032
Lithobates catesbeianus,-117.709593,33.552684
Lithobates catesbeianus,-78.949369,35.614977
Lithobates catesbeianus,-111.895861,34.765703
Lithobates catesbeianus,-74.384772,41.004367
Lithobates catesbeianus,-88.311372,41.869689
Lithobates catesbeianus,-75.919601,40.279812
Lithobates catesbeianus,-76.663404,41.097463
Lithobates catesbeianus,-79.162229,40.611713
Lithobates catesbeianus,-74.993508,40.186489
Lithobates catesbeianus,-79.786275,39.47816
Lithobates catesbeianus,-91.072047,41.353723
Lithobates catesbeianus,-75.979575,40.775183
Lithobates catesbeianus,-81.240803,43.041183
Lithobates catesbeianus,-85.247761,38.4931
Lithobates catesbeianus,-75.424479,39.94653
Lithobates catesbeianus,-88.709329,42.069337
Lithobates catesbeianus,-95.493474,29.33899
Lithobates catesbeianus,-71.181353,41.966629
Lithobates catesbeianus,-96.59053,39.249413
Lithobates catesbeianus,-121.808715,37.27987
Lithobates catesbeianus,-82.925597,35.525537
Lithobates catesbeianus,-83.102031,39.876901
Lithobates catesbeianus,-88.203497,42.147667
Lithobates catesbeianus,-88.219934,41.408805
Lithobates catesbeianus,-83.907235,39.913638
Lithobates catesbeianus,-76.295175,44.701873
Lithobates catesbeianus,-122.584883,49.050839
Lithobates catesbeianus,-82.906795,34.726743
Lithobates catesbeianus,-70.934829,42.099872
Lithobates catesbeianus,-120.829193,41.013256
Lithobates catesbeianus,-95.907302,41.444212
Lithobates catesbeianus,-84.37465,33.789055
Lithobates catesbeianus,-98.394212,32.96592
Lithobates catesbeianus,-64.746195,45.039283
Lithobates catesbeianus,-83.472687,42.550687
Lithobates catesbeianus,-88.192399,42.981823
Lithobates catesbeianus,-79.622171,44.615916
Lithobates catesbeianus,-72.657853,45.349892
Lithobates catesbeianus,-90.171263,44.056826
Lithobates catesbeianus,-82.253209,40.799969
Lithobates catesbeianus,-122.879837,38.640981
Lithobates catesbeianus,-79.770876,44.619637
Lithobates catesbeianus,-82.841043,27.882203
Lithobates catesbeianus,-73.302763,41.123022
Lithobates catesbeianus,-87.929992,42.035437
Lithobates catesbeianus,-76.59417,39.244603
Lithobates catesbeianus,-73.207742,43.403923
Lithobates catesbeianus,-78.652878,38.583122
Lithobates catesbeianus,-81.158632,28.459079
Lithobates catesbeianus,-71.030624,42.488163
Lithobates catesbeianus,-76.243006,44.463965
Lithobates catesbeianus,-96.472052,32.839155
Lithobates catesbeianus,-82.895663,42.062988
Lithobates catesbeianus,-95.197661,38.810295
Lithobates catesbeianus,-80.696818,35.122081
Lithobates catesbeianus,-117.213012,33.845054
Lithobates catesbeianus,-69.687809,44.373062
Lithobates catesbeianus,-71.587219,42.570563
Lithobates catesbeianus,-105.088313,39.495121
Lithobates catesbeianus,-73.567519,40.875287
Lithobates catesbeianus,-95.653455,35.580727
Lithobates catesbeianus,-123.082168,44.770808
Lithobates catesbeianus,-77.250112,38.590031
Lithobates catesbeianus,-96.172156,41.146546
Lithobates catesbeianus,-97.273799,37.798003
Lithobates catesbeianus,-83.555461,38.165725
Lithobates catesbeianus,-77.186243,38.728745
Lithobates catesbeianus,-88.159907,41.831665
Lithobates catesbeianus,-94.661155,37.526837
Lithobates catesbeianus,-77.499322,39.032555
Lithobates catesbeianus,-75.490354,39.271091
Lithobates catesbeianus,-78.970187,35.743983
Lithobates catesbeianus,-77.802627,37.572991
Lithobates catesbeianus,-77.301439,39.174569
Lithobates catesbeianus,-95.107613,32.354153
Lithobates catesbeianus,-79.712939,44.675606
Lithobates catesbeianus,-81.958269,41.412792
Lithobates catesbeianus,-98.537873,37.485034
Lithobates catesbeianus,-116.499838,48.168817
Lithobates catesbeianus,-78.507319,44.949244
Lithobates catesbeianus,-71.627673,42.820626
Lithobates catesbeianus,-74.690372,45.270935
Lithobates catesbeianus,-76.88182,34.947573
Lithobates catesbeianus,-83.959372,41.998793
Lithobates catesbeianus,-97.225167,36.062656
Lithobates catesbeianus,-74.046294,40.933972
Lithobates catesbeianus,-64.86961,45.121443
Lithobates catesbeianus,-88.211555,40.127792
Lithobates catesbeianus,-122.687897,48.857272
Lithobates catesbeianus,-80.9409,35.101901
Lithobates catesbeianus,-78.86833,35.709864
Lithobates catesbeianus,-76.969518,40.184896
Lithobates catesbeianus,-95.913516,36.076188
Lithobates catesbeianus,-117.700773,33.969437
Lithobates catesbeianus,-77.173173,39.09169
Lithobates catesbeianus,-96.660437,39.813398
Lithobates catesbeianus,-117.353961,47.891567
Lithobates catesbeianus,-95.90303,36.223457
Lithobates catesbeianus,-90.631292,30.382812
Lithobates catesbeianus,-96.077921,41.298214
Lithobates catesbeianus,-66.755079,45.991145
Lithobates catesbeianus,-75.086516,45.596301
Lithobates catesbeianus,-99.28331,34.673223
Lithobates catesbeianus,-74.278103,39.758082
Lithobates catesbeianus,-117.763602,33.869533
Lithobates catesbeianus,-75.686444,39.855172
Lithobates catesbeianus,-122.762408,38.476733
Lithobates catesbeianus,-84.493011,39.312666
Lithobates catesbeianus,-104.946866,39.74432
Lithobates catesbeianus,-84.536503,37.981783
Lithobates catesbeianus,-70.939855,43.144275
Lithobates catesbeianus,-73.598397,41.230775
Lithobates catesbeianus,-76.37887,37.637245
Lithobates catesbeianus,-87.035447,35.8714
Lithobates catesbeianus,-96.6455,33.090469
Lithobates catesbeianus,-122.850834,45.662801
Lithobates catesbeianus,-75.272942,44.488181
Lithobates catesbeianus,-80.488022,37.332798
Lithobates catesbeianus,-87.575356,38.020252
Lithobates catesbeianus,-77.082772,44.114538
Lithobates catesbeianus,-90.293295,38.774688
Lithobates catesbeianus,-121.863937,37.454753
Lithobates catesbeianus,-96.266167,29.633856
Lithobates catesbeianus,-89.672608,40.767897
Lithobates catesbeianus,-96.801901,32.900555
Lithobates catesbeianus,-117.016717,46.716321
Lithobates catesbeianus,-75.102559,40.182155
Lithobates catesbeianus,-76.739527,44.323341
Lithobates catesbeianus,-73.47498,45.818207
Lithobates catesbeianus,-122.298547,47.914313
Lithobates catesbeianus,-72.552894,45.617329
Lithobates catesbeianus,-97.643631,30.683436
Lithobates catesbeianus,-80.951944,37.977414
Lithobates catesbeianus,-84.20765,35.996188
Lithobates catesbeianus,-74.916018,40.547856
Lithobates catesbeianus,-90.25872,38.905292
Lithobates catesbeianus,-119.58957,46.969719
Lithobates catesbeianus,-75.186624,39.690669
Lithobates catesbeianus,-76.709703,37.41275
Lithobates catesbeianus,-78.86287,35.904
Lithobates catesbeianus,-77.41997,38.290278
Lithobates catesbeianus,-78.491785,35.934575
Lithobates catesbeianus,-97.520028,35.657717
Lithobates catesbeianus,-74.28541,40.925763
Lithobates catesbeianus,-121.23652,37.473889
Lithobates catesbeianus,-80.588341,37.369034
Lithobates catesbeianus,-96.035303,41.542205
Lithobates catesbeianus,-75.263903,38.821084
Lithobates catesbeianus,-75.16991,40.174822
Lithobates catesbeianus,-71.809414,45.524425
Lithobates catesbeianus,-79.989237,32.757045
Lithobates catesbeianus,-81.966417,33.388371
Lithobates catesbeianus,-94.588913,39.357633
Lithobates catesbeianus,-74.315397,40.466186
Lithobates catesbeianus,-96.150642,41.20982
Lithobates catesbeianus,-84.782976,33.884032
Lithobates catesbeianus,-73.610656,41.458171
Lithobates catesbeianus,-119.069301,34.486737
Lithobates catesbeianus,-78.500655,39.355958
Lithobates catesbeianus,-73.383177,41.338463
Lithobates catesbeianus,-122.047325,49.095006
Lithobates catesbeianus,-120.290808,42.411513
Lithobates catesbeianus,-88.034627,37.987609
Lithobates catesbeianus,-85.109964,40.720527
Lithobates catesbeianus,-84.260345,30.433028
Lithobates catesbeianus,-121.012605,39.978342
Lithobates catesbeianus,-82.070707,30.741309
Lithobates catesbeianus,-82.623656,28.080587
Lithobates catesbeianus,-77.662402,37.452439
Lithobates catesbeianus,-74.945978,38.998704
Lithobates catesbeianus,-80.2095,34.208264
Lithobates catesbeianus,-91.390262,30.820022
Lithobates catesbeianus,-120.75726,38.739602
Lithobates catesbeianus,-123.082915,45.507202
Lithobates catesbeianus,-81.591695,28.359701
Lithobates catesbeianus,-71.11805,42.218638
Lithobates catesbeianus,-75.542663,39.951063
Lithobates catesbeianus,-82.337238,27.344017
Lithobates catesbeianus,-80.204572,39.279264
Lithobates catesbeianus,-96.056007,41.350945
Lithobates catesbeianus,-118.317337,46.751078
Lithobates catesbeianus,-79.157479,43.082145
Lithobates catesbeianus,-100.912798,38.684281
Lithobates catesbeianus,-79.320231,36.020934
Lithobates catesbeianus,-77.309367,37.419531
Lithobates catesbeianus,-94.459346,29.578494
Lithobates catesbeianus,-97.800159,30.212123
Lithobates catesbeianus,-87.751567,41.393886
Lithobates catesbeianus,-92.574664,40.159575
Lithobates catesbeianus,-79.568832,43.794081
Lithobates catesbeianus,-84.223489,39.819422
Lithobates catesbeianus,-84.593654,39.232462
Lithobates catesbeianus,-94.173195,30.852665
Lithobates catesbeianus,-82.609154,36.509638
Lithobates catesbeianus,-119.079981,34.552221
Lithobates catesbeianus,-79.033608,35.899188
Lithobates catesbeianus,-123.338864,44.414622
Lithobates catesbeianus,-77.054214,38.82738
Lithobates catesbeianus,-121.095147,38.714183
Lithobates catesbeianus,-85.389325,43.134409
Lithobates catesbeianus,-116.630221,43.54486
Lithobates catesbeianus,-81.333686,29.855567
Lithobates catesbeianus,-119.62265,37.381847
Lithobates catesbeianus,-122.848506,49.065907
Lithobates catesbeianus,-72.581751,40.951535
Lithobates catesbeianus,-78.8621,38.428978
Lithobates catesbeianus,-121.903197,37.675042
Lithobates catesbeianus,-78.757333,41.131292
Lithobates catesbeianus,-76.2461,44.59473
Lithobates catesbeianus,-116.79255,32.041546
Lithobates catesbeianus,-76.003464,45.836983
Lithobates catesbeianus,-81.857375,42.303903
Lithobates catesbeianus,-76.768477,45.469481
Lithobates catesbeianus,-82.498032,36.386103
Lithobates catesbeianus,-70.780608,42.175842
Lithobates catesbeianus,-76.707808,42.218687
Lithobates catesbeianus,-124.053699,44.011407
Lithobates catesbeianus,-75.505097,44.712333
Lithobates catesbeianus,-79.008025,40.573812
Lithobates catesbeianus,-87.3895,34.193864
Lithobates catesbeianus,-85.612,42.956353
Lithobates catesbeianus,-86.243892,41.721819
Lithobates catesbeianus,-84.862894,34.999184
Lithobates catesbeianus,-76.756789,44.497433
Lithobates catesbeianus,-88.053438,37.867267
Lithobates catesbeianus,-72.383805,41.096275
Lithobates catesbeianus,-80.245806,45.3584
Lithobates catesbeianus,-95.107805,29.629443
Lithobates catesbeianus,-117.177008,34.339683
Lithobates catesbeianus,-76.471243,44.249796
Lithobates catesbeianus,-122.398203,41.572647
Lithobates catesbeianus,-117.21797,34.26064
Lithobates catesbeianus,-90.382341,38.541665
Lithobates catesbeianus,-93.614795,41.596419
Lithobates catesbeianus,-121.381891,36.987592
Lithobates catesbeianus,-117.281937,33.052775
Lithobates catesbeianus,-71.198539,42.852188
Lithobates catesbeianus,-96.708867,32.70827
Lithobates catesbeianus,-123.398806,48.510943
Lithobates catesbeianus,-97.089721,38.876055
Lithobates catesbeianus,-82.812075,42.575945
Lithobates catesbeianus,-103.016006,37.138042
Lithobates catesbeianus,-94.897925,38.88243
Lithobates catesbeianus,-96.526204,28.999644
Lithobates catesbeianus,-122.984487,45.505143
Lithobates catesbeianus,-115.023261,36.102679
Lithobates catesbeianus,-83.012694,34.7203
Lithobates catesbeianus,-79.085036,35.642667
Lithobates catesbeianus,-83.390339,42.56749
Lithobates catesbeianus,-73.343247,45.531212
Lithobates catesbeianus,-84.149115,34.489673
Lithobates catesbeianus,-79.645545,45.053758
Lithobates catesbeianus,-121.238686,44.288637
Lithobates catesbeianus,-80.442654,37.394742
Lithobates catesbeianus,-72.667183,41.98732
Lithobates catesbeianus,-74.611902,45.097758
Lithobates catesbeianus,-117.35533,33.170284
Lithobates catesbeianus,-83.629761,42.174872
Lithobates catesbeianus,-116.29852,43.651227
Lithobates catesbeianus,-122.939157,38.468873
Lithobates catesbeianus,-122.001009,37.072418
Lithobates catesbeianus,-76.240538,42.563155
Lithobates catesbeianus,-87.727751,41.598799
Lithobates catesbeianus,-80.18145,32.566462
Lithobates catesbeianus,-94.692206,37.832839
Lithobates catesbeianus,-82.188603,39.240118
Lithobates catesbeianus,-77.383231,44.162759
Lithobates catesbeianus,-82.406978,29.613447
Lithobates catesbeianus,-114.572533,47.640438
Lithobates catesbeianus,-85.13385,35.015381
Lithobates catesbeianus,-80.955267,35.184879
Lithobates catesbeianus,-72.398797,45.5621
Lithobates catesbeianus,-80.597606,37.201584
Lithobates catesbeianus,-81.948956,42.264451
Lithobates catesbeianus,-95.21149,32.724329
Lithobates catesbeianus,-76.831599,34.749935
Lithobates catesbeianus,-76.672603,45.429864
Lithobates catesbeianus,-80.142808,42.892455
Lithobates catesbeianus,-78.62318,44.283553
Lithobates catesbeianus,-75.772214,41.043966
Lithobates catesbeianus,-71.662386,41.368349
Lithobates catesbeianus,-72.981804,45.484741
Lithobates catesbeianus,-87.883659,42.343873
Lithobates catesbeianus,-117.87743,33.902701
Lithobates catesbeianus,-82.452377,28.675322
Lithobates catesbeianus,-94.64859,30.924227
Lithobates catesbeianus,-91.558205,41.681667
Lithobates catesbeianus,-94.131602,41.562888
Lithobates catesbeianus,-71.85443,42.27908
Lithobates catesbeianus,-86.632928,40.312715
Lithobates catesbeianus,-79.140552,36.006065
Lithobates catesbeianus,-72.266395,44.256345
Lithobates catesbeianus,-80.463225,42.617763
Lithobates catesbeianus,-89.375449,42.326315
Lithobates catesbeianus,-95.773712,40.962472
Lithobates catesbeianus,-78.496106,41.27328
Lithobates catesbeianus,-98.788978,39.91203
Lithobates catesbeianus,-76.401193,44.714955
Lithobates catesbeianus,-99.378643,34.979116
Lithobates catesbeianus,-64.954594,45.591506
Lithobates catesbeianus,-94.047688,33.425099
Lithobates catesbeianus,-82.982402,39.33311
Lithobates catesbeianus,-96.677982,29.594029
Lithobates catesbeianus,-84.65348,33.828817
Lithobates catesbeianus,-85.907822,32.106433
Lithobates catesbeianus,-76.501025,37.32322
Lithobates catesbeianus,-118.053704,34.142081
Lithobates catesbeianus,-77.99343,33.85762
Lithobates catesbeianus,-84.097082,34.56525
Lithobates catesbeianus,-91.40403,41.394703
Lithobates catesbeianus,-79.528533,44.029483
Lithobates catesbeianus,-78.275452,40.561049
Lithobates catesbeianus,-70.938424,43.049471
Lithobates catesbeianus,-85.49752,32.577867
Lithobates catesbeianus,-85.304913,42.54555
Lithobates catesbeianus,-120.793638,35.775437
Lithobates catesbeianus,-96.383133,35.789547
Lithobates catesbeianus,-69.777055,44.056826
Lithobates catesbeianus,-75.934161,44.384973
Lithobates catesbeianus,-80.46763,37.288542
Lithobates catesbeianus,-79.008243,36.125788
Lithobates catesbeianus,-72.806144,42.191928
Lithobates catesbeianus,-121.93669,42.581108
Lithobates catesbeianus,-84.561212,33.297772
Lithobates catesbeianus,-75.152359,41.356442
Lithobates catesbeianus,-93.97369,38.969392
Lithobates catesbeianus,-90.9137,33.424547
Lithobates catesbeianus,-117.16547,33.06954
Lithobates catesbeianus,-122.863738,38.516903
Lithobates catesbeianus,-84.562289,34.263075
Lithobates catesbeianus,-79.112513,41.523991
Lithobates catesbeianus,-70.668474,42.180831
Lithobates catesbeianus,-71.423671,41.744621
Lithobates catesbeianus,-78.197117,37.427103
Lithobates catesbeianus,-71.474357,42.46284
Lithobates catesbeianus,-76.819521,39.215
Lithobates catesbeianus,-73.973555,40.777563
Lithobates catesbeianus,-74.730238,41.162608
Lithobates catesbeianus,-88.193781,42.756898
Lithobates catesbeianus,-84.393533,37.894218
Lithobates catesbeianus,-77.047623,43.147703
Lithobates catesbeianus,-76.890488,40.500497
Lithobates catesbeianus,-71.9478,41.361983
Lithobates catesbeianus,-122.919105,49.243867
Lithobates catesbeianus,-78.029967,39.693307
Lithobates catesbeianus,-95.993272,36.076989
Lithobates catesbeianus,-84.35833,39.36617
Lithobates catesbeianus,-112.936491,37.042819
Lithobates catesbeianus,-85.451979,32.609229
Lithobates catesbeianus,-76.340469,44.448163
Lithobates catesbeianus,-97.363459,37.59742
Lithobates catesbeianus,-78.718475,42.888737
Lithobates catesbeianus,-82.236608,29.476732
Lithobates catesbeianus,-85.497738,36.174759
Lithobates catesbeianus,-71.416156,42.279286
Lithobates catesbeianus,-79.527778,45.087789
Lithobates catesbeianus,-85.2333,41.072175
Lithobates catesbeianus,-86.69685,33.5555
Lithobates catesbeianus,-80.286272,35.927922
Lithobates catesbeianus,-111.631697,35.183842
Lithobates catesbeianus,-80.594776,37.291038
Lithobates catesbeianus,-91.693239,40.598769
Lithobates catesbeianus,-83.180832,41.70443
Lithobates catesbeianus,-84.955491,32.541766
Lithobates catesbeianus,-76.936553,40.986453
Lithobates catesbeianus,-85.828445,38.132908
Lithobates catesbeianus,-96.525767,34.420973
Lithobates catesbeianus,-71.26066,46.877075
Lithobates catesbeianus,-120.434185,35.190515
Lithobates catesbeianus,-84.381252,42.922285
Lithobates catesbeianus,-78.493654,38.092824
Lithobates catesbeianus,-72.634384,42.958105
Lithobates catesbeianus,-87.512913,40.970486
Lithobates catesbeianus,-105.022078,39.604704
Lithobates catesbeianus,-95.006974,38.764902
Lithobates catesbeianus,-70.178143,44.106496
Lithobates catesbeianus,-80.530243,37.268224
Lithobates catesbeianus,-89.105775,42.998208
Lithobates catesbeianus,-89.033101,40.1232
Lithobates catesbeianus,-122.03641,47.70955
Lithobates catesbeianus,-93.191194,43.100949
Lithobates catesbeianus,-71.398705,43.004463
Lithobates catesbeianus,-108.668551,39.07468
Lithobates catesbeianus,-84.646811,39.443244
Lithobates catesbeianus,-66.347854,45.446459
Lithobates catesbeianus,-96.318283,30.674955
Lithobates catesbeianus,-108.706993,32.854037
Lithobates catesbeianus,-121.436729,43.851243
Lithobates catesbeianus,-95.240403,37.907137
Lithobates catesbeianus,-84.0291,39.988989
Lithobates catesbeianus,-92.044974,40.699089
Lithobates catesbeianus,-75.834589,40.028935
Lithobates catesbeianus,-71.120147,42.302197
Lithobates catesbeianus,-99.200072,18.88907
Lithobates catesbeianus,-105.456108,35.38288
Lithobates catesbeianus,-73.294172,41.20149
Lithobates catesbeianus,-73.538799,42.839478
Lithobates catesbeianus,-108.767306,32.989456
Lithobates catesbeianus,-80.434549,41.595671
Lithobates catesbeianus,-88.147514,41.628174
Lithobates catesbeianus,-76.086442,36.675934
Lithobates catesbeianus,-87.648099,42.122264
Lithobates catesbeianus,-117.280118,34.523143
Lithobates catesbeianus,-104.970821,40.528293
Lithobates catesbeianus,-122.468439,45.223247
Lithobates catesbeianus,-80.845954,35.13565
Lithobates catesbeianus,-72.128578,41.805828
Lithobates catesbeianus,-82.358514,42.609978
Lithobates catesbeianus,-75.900276,41.250177
Lithobates catesbeianus,-82.940208,40.123528
Lithobates catesbeianus,-80.512321,37.214542
Lithobates catesbeianus,-71.701991,43.522013
Lithobates catesbeianus,-123.139511,44.677587
Lithobates catesbeianus,-122.709261,38.137942
Lithobates catesbeianus,-122.480311,49.020783
Lithobates catesbeianus,-117.678288,46.333717
Lithobates catesbeianus,-89.271974,44.543571
Lithobates catesbeianus,-70.090462,41.269368
Lithobates catesbeianus,-82.284086,29.67961
Lithobates catesbeianus,-122.62742,38.402696
Lithobates catesbeianus,-106.904329,34.189933
Lithobates catesbeianus,-111.658905,33.256163
Lithobates catesbeianus,-95.51458,29.431019
Lithobates catesbeianus,-124.566855,49.917283
Lithobates catesbeianus,-74.763047,41.226922
Lithobates catesbeianus,-73.686896,40.642666
Lithobates catesbeianus,-116.589819,43.698321
Lithobates catesbeianus,-96.124106,36.134698
Lithobates catesbeianus,-122.062541,37.082867
Lithobates catesbeianus,-77.636062,37.76211
Lithobates catesbeianus,-72.44587,42.714845
Lithobates catesbeianus,-88.187304,43.054699
Lithobates catesbeianus,-82.76428,29.262684
Lithobates catesbeianus,-108.644115,32.826499
Lithobates catesbeianus,-80.412749,37.299085
Lithobates catesbeianus,-82.218272,27.890511
Lithobates catesbeianus,-76.042115,36.708551
Lithobates catesbeianus,-87.048469,37.053097
Lithobates catesbeianus,-88.174017,43.159988
Lithobates catesbeianus,-80.61894,45.769063
Lithobates catesbeianus,-88.726563,36.685013
Lithobates catesbeianus,-81.609371,30.247707
Lithobates catesbeianus,-96.283314,39.00132
Lithobates catesbeianus,-122.744963,38.526992
Lithobates catesbeianus,-95.605811,30.69709
Lithobates catesbeianus,-96.631128,30.95415
Lithobates catesbeianus,-85.766327,42.171948
Lithobates catesbeianus,-79.503532,44.941562
Lithobates catesbeianus,-122.381121,47.071994
Lithobates catesbeianus,-83.115339,40.350823
Lithobates catesbeianus,-78.57474,44.884922
Lithobates catesbeianus,-106.970117,44.809849
Lithobates catesbeianus,-71.030941,42.851314
Lithobates catesbeianus,-88.926963,43.065045
Lithobates catesbeianus,-122.242517,45.448537
Lithobates catesbeianus,-72.630992,42.663892
Lithobates catesbeianus,-80.719204,35.261785
Lithobates catesbeianus,-90.734658,29.728883
Lithobates catesbeianus,-73.974415,41.85958
Lithobates catesbeianus,-95.216988,38.928772
Lithobates catesbeianus,-71.053039,41.925388
Lithobates catesbeianus,-76.960628,39.044781
Lithobates catesbeianus,-82.931252,42.105236
Lithobates catesbeianus,-76.985498,39.39296
Lithobates catesbeianus,-85.14743,41.19495
Lithobates catesbeianus,-102.052864,39.656013
Lithobates catesbeianus,-77.99334,40.492135
Lithobates catesbeianus,-117.408569,48.111713
Lithobates catesbeianus,-88.160221,42.898894
Lithobates catesbeianus,-73.323033,40.758463
Lithobates catesbeianus,-122.78328,42.331287
Lithobates catesbeianus,-79.061184,42.950112
Lithobates catesbeianus,-73.259078,42.664914
Lithobates catesbeianus,-108.029994,30.135996
Lithobates catesbeianus,-74.004256,41.312618
Lithobates catesbeianus,-81.680498,30.429786
Lithobates catesbeianus,-81.391632,30.055138
Lithobates catesbeianus,-72.45202,41.7186
Lithobates catesbeianus,-75.520739,38.088428
Lithobates catesbeianus,-92.001858,30.142122
Lithobates catesbeianus,-74.322201,40.787674
Lithobates catesbeianus,-80.41485,37.251548
Lithobates catesbeianus,-80.443281,37.207773
Lithobates catesbeianus,-80.545246,37.317065
Lithobates catesbeianus,-95.324608,32.371853
Lithobates catesbeianus,-108.757456,32.906338
Lithobates catesbeianus,-81.753417,30.162314
Lithobates catesbeianus,-123.164078,43.976685
Lithobates catesbeianus,-114.499712,33.720703
Lithobates catesbeianus,-83.232004,33.031356
Lithobates catesbeianus,-87.4784,35.356363
Lithobates catesbeianus,-122.203932,47.085146
Lithobates catesbeianus,-76.0477,36.617548
Lithobates catesbeianus,-71.610086,42.08682
Lithobates catesbeianus,-77.873779,37.740063
Lithobates catesbeianus,-121.338757,39.108401
Lithobates catesbeianus,-76.084332,39.549549
Lithobates catesbeianus,-71.595046,42.689609
Lithobates catesbeianus,-94.632941,33.278462
Lithobates catesbeianus,-81.653175,41.181217
Lithobates catesbeianus,-95.531367,30.539063
Lithobates catesbeianus,-85.670777,38.767556
Lithobates catesbeianus,-86.723934,38.833857
Lithobates catesbeianus,-97.077417,36.155361
Lithobates catesbeianus,-115.111503,32.203545
Lithobates catesbeianus,-103.449822,35.35453
Lithobates catesbeianus,-119.965858,37.604702
Lithobates catesbeianus,-108.612772,32.864717
Lithobates catesbeianus,-91.722015,41.736908
Lithobates catesbeianus,-71.93882,42.912167
Lithobates catesbeianus,-77.20836,34.947704
Lithobates catesbeianus,-75.82116,45.066946
Lithobates catesbeianus,-122.348953,45.297408
Lithobates catesbeianus,-77.642046,39.217288
Lithobates catesbeianus,-116.65879,47.601387
Lithobates catesbeianus,-96.761356,32.777118
Lithobates catesbeianus,-108.69713,32.952181
Lithobates catesbeianus,-74.201919,40.871578
Lithobates catesbeianus,-76.927581,37.314059
Lithobates catesbeianus,-77.371872,34.859313
Lithobates catesbeianus,-75.743478,38.304726
Lithobates catesbeianus,-73.835397,41.106752
Lithobates catesbeianus,-108.235605,33.233299
Lithobates catesbeianus,-90.933983,38.467575
Lithobates catesbeianus,-72.005476,41.33225
Lithobates catesbeianus,-72.726596,45.367639
Lithobates catesbeianus,-123.297142,44.517341
Lithobates catesbeianus,-82.406803,41.27304
Lithobates catesbeianus,-85.452889,36.019803
Lithobates catesbeianus,-121.168265,38.968377
Lithobates catesbeianus,-119.17022,36.331342
Lithobates catesbeianus,-85.526221,36.0635
Lithobates catesbeianus,-116.760492,36.891581
Lithobates catesbeianus,-85.546096,36.128269
Lithobates catesbeianus,-71.884916,42.375642
Lithobates catesbeianus,-80.112219,40.337081
Lithobates catesbeianus,-94.175787,32.693813
Lithobates catesbeianus,-124.284072,49.992538
Lithobates catesbeianus,-109.268799,31.332382
Lithobates catesbeianus,-81.379535,27.219935
Lithobates catesbeianus,-74.328193,44.698325
Lithobates catesbeianus,-79.707609,33.26854
Lithobates catesbeianus,-106.305992,31.64263
Lithobates catesbeianus,-82.392842,42.373092
Lithobates catesbeianus,-124.351707,49.255852
Lithobates catesbeianus,-122.985283,49.231319
Lithobates catesbeianus,-102.953417,29.178422
Lithobates catesbeianus,-94.825209,30.438157
Lithobates catesbeianus,-114.714655,36.714377
Lithobates catesbeianus,-123.709181,48.790611
Lithobates catesbeianus,-76.017868,37.258328
Lithobates catesbeianus,-75.013786,39.536738
Lithobates catesbeianus,-71.672676,42.209605
Lithobates catesbeianus,-122.7967,44.991025
Lithobates catesbeianus,-85.99912,35.538331
Lithobates catesbeianus,-121.845153,39.32101
Lithobates catesbeianus,-90.212586,42.365816
Lithobates catesbeianus,-123.331672,42.681483
Lithobates catesbeianus,-85.403216,36.063915
Lithobates catesbeianus,-96.351862,41.224547
Lithobates catesbeianus,-71.0204,44.269312
Lithobates catesbeianus,-76.481467,37.270946
Lithobates catesbeianus,-71.660263,43.607809
Lithobates catesbeianus,-91.165209,30.401467
Lithobates catesbeianus,-94.446362,33.511661
Lithobates catesbeianus,-75.690705,45.437958
Lithobates catesbeianus,-84.815808,37.178382
Lithobates catesbeianus,-123.066794,48.561635
Lithobates catesbeianus,-81.202462,41.623283
Lithobates catesbeianus,-84.944821,37.184566
Lithobates catesbeianus,-116.100132,32.688723
Lithobates catesbeianus,-123.434156,43.130151
Lithobates catesbeianus,-122.663613,45.86991
Lithobates catesbeianus,-81.398296,41.01056
Lithobates catesbeianus,-73.793747,41.18712
Lithobates catesbeianus,-87.915666,30.511366
Lithobates catesbeianus,-81.599846,39.284603
Lithobates catesbeianus,-121.99613,47.81666
Lithobates catesbeianus,-92.3593,38.928356
Lithobates catesbeianus,-111.729517,33.644197
Lithobates catesbeianus,-90.12132,30.393276
Lithobates catesbeianus,-122.719787,45.616931
Lithobates catesbeianus,-75.177292,40.24898
Lithobates catesbeianus,-86.579973,34.744939
Lithobates catesbeianus,-81.22305,44.79672
Lithobates catesbeianus,-74.858513,40.055931
Lithobates catesbeianus,-80.414812,33.882978
Lithobates catesbeianus,-122.792603,38.562228
Lithobates catesbeianus,-97.210862,32.655987
Lithobates catesbeianus,-72.668892,41.552463
Lithobates catesbeianus,-96.957288,34.376
Lithobates catesbeianus,-71.331619,42.477215
Lithobates catesbeianus,-88.923994,38.030339
Lithobates catesbeianus,-95.639897,32.801899
Lithobates catesbeianus,-85.465275,43.074796
Lithobates catesbeianus,-97.046172,30.857217
Lithobates catesbeianus,-92.386413,42.482472
Lithobates catesbeianus,-98.100344,32.988797
Lithobates catesbeianus,-72.96067,41.674167
Lithobates catesbeianus,-75.926339,44.848444
Lithobates catesbeianus,-85.72741,38.857402
Lithobates catesbeianus,-86.937217,41.157981
Lithobates catesbeianus,-110.76067,31.538745
Lithobates catesbeianus,-95.779503,32.116547
Lithobates catesbeianus,-83.17198,42.507928
Lithobates catesbeianus,-97.792495,30.404322
Lithobates catesbeianus,-104.440362,38.506924
Lithobates catesbeianus,-82.844588,42.743757
Lithobates catesbeianus,-78.458038,37.236808
Lithobates catesbeianus,-84.779459,35.135818
Lithobates catesbeianus,-97.432005,30.79738
Lithobates catesbeianus,-74.61964,40.37101
Lithobates catesbeianus,-101.394549,42.378875
Lithobates catesbeianus,-88.318423,36.985583
Lithobates catesbeianus,-74.18857,43.971796
Lithobates catesbeianus,-121.429761,38.62517
Lithobates catesbeianus,-116.707228,36.870877
Lithobates catesbeianus,-108.611488,39.084111
Lithobates catesbeianus,-91.807096,30.284437
Lithobates catesbeianus,-121.257396,38.555274
Lithobates catesbeianus,-82.118765,39.28876
Lithobates catesbeianus,-80.032077,37.22085
Lithobates catesbeianus,-86.277687,41.62603
Lithobates catesbeianus,-122.351355,48.64458
Lithobates catesbeianus,-88.10031,44.532991
Lithobates catesbeianus,-123.430475,48.040364
Lithobates catesbeianus,-109.436034,38.661217
Lithobates catesbeianus,-71.022269,42.111808
Lithobates catesbeianus,-96.026949,32.509562
Lithobates catesbeianus,-118.195719,34.094603
Lithobates catesbeianus,-121.205212,39.374562
Lithobates catesbeianus,-73.855003,42.167463
Lithobates catesbeianus,-87.617594,42.078738
Lithobates catesbeianus,-72.426371,45.070427
Lithobates catesbeianus,-113.766278,37.022575
Lithobates catesbeianus,-113.718168,37.119895
Lithobates catesbeianus,-123.049159,49.206059
Lithobates catesbeianus,-122.548868,45.00474
Lithobates catesbeianus,-80.105514,42.552692
Lithobates catesbeianus,-73.840058,42.24728
Lithobates catesbeianus,-124.176028,42.566982
Lithobates catesbeianus,-124.450645,49.860188
Lithobates catesbeianus,-84.134791,33.53857
Lithobates catesbeianus,-75.784914,40.200273
Lithobates catesbeianus,-86.121936,39.615433
Lithobates catesbeianus,-89.662686,39.640777
Lithobates catesbeianus,-86.804491,39.395618
Lithobates catesbeianus,-84.07631,39.21934
Lithobates catesbeianus,-83.474317,40.297755
Lithobates catesbeianus,-73.173092,44.496724
Lithobates catesbeianus,-94.203744,36.383175
Lithobates catesbeianus,-118.26065,34.074333
Lithobates catesbeianus,-86.941105,39.299091
Lithobates catesbeianus,-82.843513,40.081091
Lithobates catesbeianus,-122.446981,45.556484
Lithobates catesbeianus,-86.327992,42.266888
Lithobates catesbeianus,-88.953277,42.262334
Lithobates catesbeianus,-73.9188,42.013592
Lithobates catesbeianus,-88.069422,42.143228
Lithobates catesbeianus,-76.639473,44.95203
Lithobates catesbeianus,-85.444051,36.131024
Lithobates catesbeianus,-75.755925,36.168619
Lithobates catesbeianus,-74.596185,46.118462
Lithobates catesbeianus,-105.158669,39.650775
Lithobates catesbeianus,-95.284462,36.315269
Lithobates catesbeianus,-108.519938,32.938096
Lithobates catesbeianus,-108.54286,32.850906
Lithobates catesbeianus,-81.062926,28.645805
Lithobates catesbeianus,-76.118263,40.615354
Lithobates catesbeianus,-81.544577,30.359133
Lithobates catesbeianus,-76.517363,34.774342
Lithobates catesbeianus,-79.763847,35.629292
Lithobates catesbeianus,-78.520916,35.780918
Lithobates catesbeianus,-71.68687,42.404136
Lithobates catesbeianus,-73.661897,45.5786
Lithobates catesbeianus,-88.006819,42.533485
Lithobates catesbeianus,-65.237728,46.061921
Lithobates catesbeianus,-81.22584,41.042151
Lithobates catesbeianus,-70.879142,42.008928
Lithobates catesbeianus,-121.94447,49.265515
Lithobates catesbeianus,-90.699547,38.421703
Lithobates catesbeianus,-83.239276,42.318629
Lithobates catesbeianus,-78.763238,39.647909
Lithobates catesbeianus,-78.3035,44.564876
Lithobates catesbeianus,-67.389751,44.759656
Lithobates catesbeianus,-95.719483,37.195534
Lithobates catesbeianus,-75.660645,45.061644
Lithobates catesbeianus,-80.985921,34.209619
Lithobates catesbeianus,-88.556801,36.72511
Lithobates catesbeianus,-81.23845,40.4246
Lithobates catesbeianus,-72.805442,41.29823
Lithobates catesbeianus,-122.906097,38.40428
Lithobates catesbeianus,-95.542457,35.930084
Lithobates catesbeianus,-85.179887,46.130795
Lithobates catesbeianus,-104.68528,34.932513
Lithobates catesbeianus,-79.000813,40.17024
Lithobates catesbeianus,-65.310012,45.486013
Lithobates catesbeianus,-74.306578,40.731412
Lithobates catesbeianus,-122.773378,49.28205
Lithobates catesbeianus,-94.070058,40.593804
Lithobates catesbeianus,-71.115308,44.822944
Lithobates catesbeianus,-75.507586,39.88869
Lithobates catesbeianus,-81.55765,43.675464
Lithobates catesbeianus,-96.928812,29.732725
Lithobates catesbeianus,-68.677917,44.58758
Lithobates catesbeianus,-72.295163,40.948195
Lithobates catesbeianus,-74.906343,44.995936
Lithobates catesbeianus,-83.491941,41.64189
Lithobates catesbeianus,-78.665159,43.188043
Lithobates catesbeianus,-76.303141,40.060334
Lithobates catesbeianus,-76.897257,34.793766
Lithobates catesbeianus,-74.412352,41.265188
Lithobates catesbeianus,-82.76497,27.931436
Lithobates catesbeianus,-86.427807,34.411593
Lithobates catesbeianus,-112.069358,35.111522
Lithobates catesbeianus,-114.878828,42.76651
Lithobates catesbeianus,-80.8125,40.386526
Lithobates catesbeianus,-89.676858,42.284803
Lithobates catesbeianus,-67.062408,45.179967
Lithobates catesbeianus,-122.085717,42.479369
Lithobates catesbeianus,-70.239479,43.706478
Lithobates catesbeianus,-84.490548,34.015424
Lithobates catesbeianus,-95.878769,31.941225
Lithobates catesbeianus,-98.451317,41.2528
Lithobates catesbeianus,-119.9955,39.515688
Lithobates catesbeianus,-84.038021,39.432707
Lithobates catesbeianus,-77.340885,44.279369
Lithobates catesbeianus,-108.010965,45.995482
Lithobates catesbeianus,-73.15313,45.542038
Lithobates catesbeianus,-88.847637,36.135686
Lithobates catesbeianus,-104.702168,39.704451
Lithobates catesbeianus,-94.1475,38.467143
Lithobates catesbeianus,-73.392813,41.494872
Lithobates catesbeianus,-76.54856,42.589249
Lithobates catesbeianus,-81.898866,36.027691
Lithobates catesbeianus,-72.280717,44.309578
Lithobates catesbeianus,-88.930867,36.123663
Lithobates catesbeianus,-74.582234,40.518663
Lithobates catesbeianus,-82.636615,28.168581
Lithobates catesbeianus,-83.090993,35.43001
Lithobates catesbeianus,-81.550681,41.343925
Lithobates catesbeianus,-86.67372,34.592022
Lithobates catesbeianus,-75.74392,39.350412
Lithobates catesbeianus,-76.889083,40.318295
Lithobates catesbeianus,-77.410541,39.414269
Lithobates catesbeianus,-76.924979,44.53212
Lithobates catesbeianus,-90.116142,44.728754
Lithobates catesbeianus,-96.687447,33.155105
Lithobates catesbeianus,-77.388528,37.050595
Lithobates catesbeianus,-79.003321,40.091621
Lithobates catesbeianus,-77.567776,44.100876
Lithobates catesbeianus,-71.156282,43.971595
Lithobates catesbeianus,-74.251022,41.212672
Lithobates catesbeianus,-81.625669,36.601508
Lithobates catesbeianus,-76.483812,44.300808
Lithobates catesbeianus,-76.101807,38.443134
Lithobates catesbeianus,-77.048493,43.993845
Lithobates catesbeianus,-104.694783,40.441967
Lithobates catesbeianus,-81.581567,28.416487
Lithobates catesbeianus,-73.073394,41.53133
Lithobates catesbeianus,-104.689985,34.839637
Lithobates catesbeianus,-78.768435,45.363951
Lithobates catesbeianus,-83.934295,42.27848
Lithobates catesbeianus,-73.216202,45.003402
Lithobates catesbeianus,-80.791579,37.705086
Lithobates catesbeianus,-77.486165,38.316654
Lithobates catesbeianus,-117.331394,34.744411
Lithobates catesbeianus,-76.37365,40.187795
Lithobates catesbeianus,-88.088971,43.174624
Lithobates catesbeianus,-77.429855,40.269428
Lithobates catesbeianus,-75.133553,44.747197
Lithobates catesbeianus,-72.008073,44.16536
Lithobates catesbeianus,-71.54159,42.903879
Lithobates catesbeianus,-71.446,42.382683
Lithobates catesbeianus,-88.751787,43.158031
Lithobates catesbeianus,-72.447079,43.096486
Lithobates catesbeianus,-121.944625,37.203127
Lithobates catesbeianus,-76.412511,43.186158
Lithobates catesbeianus,-83.844704,41.547294
Lithobates catesbeianus,-92.36162,42.42845
Lithobates catesbeianus,-90.096804,44.621154
Lithobates catesbeianus,-71.58275,41.465097
Lithobates catesbeianus,-72.498872,44.609428
Lithobates catesbeianus,-71.999075,45.581547
Lithobates catesbeianus,-111.79579,39.967933
Lithobates catesbeianus,-74.942513,40.33088
Lithobates catesbeianus,-76.43437,39.948806
Lithobates catesbeianus,-63.690978,44.842438
Lithobates catesbeianus,-76.592798,38.48969
Lithobates catesbeianus,-88.492509,37.445944
Lithobates catesbeianus,-104.657111,34.973419
Lithobates catesbeianus,-76.146343,36.812897
Lithobates catesbeianus,-83.737371,33.457653
Lithobates catesbeianus,-89.569275,36.878326
Lithobates catesbeianus,-104.640105,34.898262
Lithobates catesbeianus,-72.594594,45.435965
Lithobates catesbeianus,-78.621761,40.408152
Lithobates catesbeianus,-73.994119,40.649446
Lithobates catesbeianus,-122.50674,49.132634
Lithobates catesbeianus,-75.986488,39.920342
Lithobates catesbeianus,-71.382422,41.853355
Lithobates catesbeianus,-81.767015,40.97262
Lithobates catesbeianus,-82.764251,36.758462
Lithobates catesbeianus,-117.266338,33.909939
Lithobates catesbeianus,-88.01676,41.771515
Lithobates catesbeianus,-105.4006,35.94225
Lithobates catesbeianus,-68.837766,46.178508
Lithobates catesbeianus,-76.1836,44.585867
Lithobates catesbeianus,-71.15873,44.055275
Lithobates catesbeianus,-77.194384,44.89297
Lithobates catesbeianus,-104.815073,40.446277
Lithobates catesbeianus,-78.609282,40.494924
Lithobates catesbeianus,-73.029842,44.352044
Lithobates catesbeianus,-71.204889,42.340188
Lithobates catesbeianus,-66.623963,46.018487
Lithobates catesbeianus,-105.099784,39.549709
Lithobates catesbeianus,-75.020914,44.965762
Lithobates catesbeianus,-74.630675,41.28843
Lithobates catesbeianus,-77.430821,38.853864
Lithobates catesbeianus,-80.272717,45.262578
Lithobates catesbeianus,-121.839155,37.396705
Lithobates catesbeianus,-72.966325,44.538336
Lithobates catesbeianus,-76.902479,44.699467
Lithobates catesbeianus,-80.20784,33.868984
Lithobates catesbeianus,-122.478964,41.449731
Lithobates catesbeianus,-82.419889,36.17809
Lithobates catesbeianus,-72.236213,41.609478
Lithobates catesbeianus,-76.284568,45.346382
Lithobates catesbeianus,-74.048992,45.47836
Lithobates catesbeianus,-76.169566,44.462299
Lithobates catesbeianus,-108.732114,39.152175
Lithobates catesbeianus,-121.54842,40.934483
Lithobates catesbeianus,-84.010628,39.799912
Lithobates catesbeianus,-88.611717,38.547203
Lithobates catesbeianus,-74.094286,40.206104
Lithobates catesbeianus,-82.068764,38.916938
Lithobates catesbeianus,-74.803755,44.159256
Lithobates catesbeianus,-117.324105,43.322078
Lithobates catesbeianus,-111.656442,33.736075
Lithobates catesbeianus,-123.518791,48.499924
Lithobates catesbeianus,-75.995561,38.756118
Lithobates catesbeianus,-122.431985,37.842166
Lithobates catesbeianus,-83.914058,43.661158
Lithobates catesbeianus,-75.707154,41.559607
Lithobates catesbeianus,-82.126083,41.245542
Lithobates catesbeianus,-76.712009,41.213736
Lithobates catesbeianus,-79.441335,45.11163
Lithobates catesbeianus,-92.080664,37.736669
Lithobates catesbeianus,-79.254143,43.898093
Lithobates catesbeianus,-122.034002,47.760802
Lithobates catesbeianus,-117.752687,33.795618
Lithobates catesbeianus,-106.584187,31.703864
Lithobates catesbeianus,-122.351618,49.136848
Lithobates catesbeianus,-82.171964,35.390521
Lithobates catesbeianus,-70.193016,43.885803
Lithobates catesbeianus,-105.12065,39.991733
Lithobates catesbeianus,-79.698674,36.046782
Lithobates catesbeianus,-89.754015,40.629965
Lithobates catesbeianus,-65.863035,45.598285
Lithobates catesbeianus,-80.461738,36.3022
Lithobates catesbeianus,-78.853278,42.846562
Lithobates catesbeianus,-75.509628,45.510837
Lithobates catesbeianus,-96.34462,40.628205
Lithobates catesbeianus,-80.37592,45.869645
Lithobates catesbeianus,-79.315881,43.873216
Lithobates catesbeianus,-78.680324,40.520831
Lithobates catesbeianus,-78.21157,36.992793
Lithobates catesbeianus,-74.173894,45.082688
Lithobates catesbeianus,-95.854584,36.726572
Lithobates catesbeianus,-79.753212,44.891445
Lithobates catesbeianus,-80.366976,35.593
Lithobates catesbeianus,-111.940887,41.02362
Lithobates catesbeianus,-78.705383,45.042058
Lithobates catesbeianus,-76.639118,41.24477
Lithobates catesbeianus,-123.208696,44.707391
Lithobates catesbeianus,-83.179878,40.118364
Lithobates catesbeianus,-75.544764,44.841969
Lithobates catesbeianus,-83.837508,42.567675
Lithobates catesbeianus,-75.105571,39.777988
Lithobates catesbeianus,-71.941608,45.623302
Lithobates catesbeianus,-121.686542,37.962616
Lithobates catesbeianus,-70.630086,41.443344
Lithobates catesbeianus,-77.574928,43.065497
Lithobates catesbeianus,-76.772434,41.355535
Lithobates catesbeianus,-122.404712,47.694206
Lithobates catesbeianus,-70.620897,43.634644
Lithobates catesbeianus,-77.139105,35.779112
Lithobates catesbeianus,-73.943011,40.923425
Lithobates catesbeianus,-78.728098,40.418108
Lithobates catesbeianus,-75.662498,39.784025
Lithobates catesbeianus,-74.992274,40.661469
Lithobates catesbeianus,-95.828425,36.051672
Lithobates catesbeianus,-71.170498,43.117525
Lithobates catesbeianus,-103.088036,37.054897
Lithobates catesbeianus,-89.978797,38.819184
Lithobates catesbeianus,-63.584822,44.703373
Lithobates catesbeianus,-73.095742,44.534253
Lithobates catesbeianus,-75.904392,38.70853
Lithobates catesbeianus,-74.294258,44.359253
Lithobates catesbeianus,-70.964042,43.255876
Lithobates catesbeianus,-82.237378,41.022561
Lithobates catesbeianus,-78.770657,40.571211
Lithobates catesbeianus,-96.269403,40.419278
Lithobates catesbeianus,-73.336569,42.300479
Lithobates catesbeianus,-81.511636,40.941422
Lithobates catesbeianus,-88.879765,42.961032
Lithobates catesbeianus,-105.127758,40.165078
Lithobates catesbeianus,-79.263601,41.529183
Lithobates catesbeianus,-76.054217,42.791319
Lithobates catesbeianus,-83.686995,35.937661
Lithobates catesbeianus,-105.183947,39.756189
Lithobates catesbeianus,-79.981939,40.732108
Lithobates catesbeianus,-75.03333,40.347674
Lithobates catesbeianus,-76.601418,41.382965
Lithobates catesbeianus,-83.694885,42.905399
Lithobates catesbeianus,-82.533665,36.013299
Lithobates catesbeianus,-88.143867,42.009053
Lithobates catesbeianus,-118.863084,36.450882
Lithobates catesbeianus,-77.8621,34.156264
Lithobates catesbeianus,-96.848752,32.386225
Lithobates catesbeianus,-76.739398,38.933426
Lithobates catesbeianus,-98.166655,42.437192
Lithobates catesbeianus,-90.543558,38.53123
Lithobates catesbeianus,-123.52997,48.445672
Lithobates catesbeianus,-80.821232,35.296408
Lithobates catesbeianus,-84.103888,33.809352
Lithobates catesbeianus,-76.329957,45.008698
Lithobates catesbeianus,-89.167367,42.270362
Lithobates catesbeianus,-117.207774,34.033056
Lithobates catesbeianus,-74.079819,41.315937
Lithobates catesbeianus,-91.589378,41.966237
Lithobates catesbeianus,-91.929233,30.101662
Lithobates catesbeianus,-87.701599,41.770354
Lithobates catesbeianus,-116.606464,31.89862
Lithobates catesbeianus,-122.594878,37.943233
Lithobates catesbeianus,-75.90449,35.856183
Lithobates catesbeianus,-87.965697,41.705761
Lithobates catesbeianus,-78.9113,36.2715
Lithobates catesbeianus,-83.095556,40.05026
Lithobates catesbeianus,-79.2262,40.057938
Lithobates catesbeianus,-71.602301,43.189831
Lithobates catesbeianus,-99.702246,41.181507
Lithobates catesbeianus,-96.619769,39.166394
Lithobates catesbeianus,-78.816371,35.748659
Lithobates catesbeianus,-75.13413,45.638504
Lithobates catesbeianus,-82.520673,36.099242
Lithobates catesbeianus,-88.156636,44.74699
Lithobates catesbeianus,-87.837478,42.202828
Lithobates catesbeianus,-76.441475,37.121097
Lithobates catesbeianus,-110.096721,31.429478
Lithobates catesbeianus,-75.54954,44.789675
Lithobates catesbeianus,-87.855863,42.487322
Lithobates catesbeianus,-84.10778,39.668708
Lithobates catesbeianus,-73.684067,41.101406
Lithobates catesbeianus,-122.413942,45.382755
Lithobates catesbeianus,-80.539475,45.948617
Lithobates catesbeianus,-82.095958,33.501764
Lithobates catesbeianus,-76.771696,41.246665
Lithobates catesbeianus,-75.829675,44.924112
Lithobates catesbeianus,-85.458306,42.707662
Lithobates catesbeianus,-70.349735,43.784339
Lithobates catesbeianus,-125.044517,49.60543
Lithobates catesbeianus,-87.931795,42.102417
Lithobates catesbeianus,-76.731484,41.309285
Lithobates catesbeianus,-76.669887,41.385462
Lithobates catesbeianus,-73.937554,41.02355
Lithobates catesbeianus,-85.598624,36.046116
Lithobates catesbeianus,-71.78764,42.560628
Lithobates catesbeianus,-105.066969,39.659162
Lithobates catesbeianus,-88.342041,43.31389
Lithobates catesbeianus,-70.808442,41.62737
Lithobates catesbeianus,-76.628424,38.406139
Lithobates catesbeianus,-87.988934,41.973417
Lithobates catesbeianus,-82.74615,35.208077
Lithobates catesbeianus,-81.568851,35.725275
Lithobates catesbeianus,-77.753609,37.508842
Lithobates catesbeianus,-79.166307,45.026154
Lithobates catesbeianus,-89.566503,42.995162
Lithobates catesbeianus,-75.839638,45.610485
Lithobates catesbeianus,-72.493076,42.347278
Lithobates catesbeianus,-84.531983,39.031522
Lithobates catesbeianus,-94.294211,36.349458
Lithobates catesbeianus,-122.28724,47.705829
Lithobates catesbeianus,-80.268019,36.390183
Lithobates catesbeianus,-124.279767,49.495397
Lithobates catesbeianus,-65.06115,44.436078
Lithobates catesbeianus,-122.854884,45.756692
Lithobates catesbeianus,-97.010318,32.475335
Lithobates catesbeianus,-122.218984,47.834791
Lithobates catesbeianus,-74.410332,44.404247
Lithobates catesbeianus,-73.71598,46.282485
Lithobates catesbeianus,-81.54709,31.152949
Lithobates catesbeianus,-124.05095,46.5482
Lithobates catesbeianus,-95.832655,36.365625
Lithobates catesbeianus,-75.009903,42.45816
Lithobates catesbeianus,-76.660886,37.096875
Lithobates catesbeianus,-84.092255,42.177363
Lithobates catesbeianus,-85.596575,36.189727
Lithobates catesbeianus,-77.04165,45.706787
Lithobates catesbeianus,-81.920587,41.313972
Lithobates catesbeianus,-95.6901,30.323905
Lithobates catesbeianus,-119.622833,45.925122
Lithobates catesbeianus,-97.35868,33.556167
Lithobates catesbeianus,-83.172269,42.785976
Lithobates catesbeianus,-81.456647,27.553753
Lithobates catesbeianus,-122.27054,46.771745
Lithobates catesbeianus,-96.705391,43.496662
Lithobates catesbeianus,-123.667035,46.172471
Lithobates catesbeianus,-106.411737,31.727471
Lithobates catesbeianus,-84.053695,33.833221
Lithobates catesbeianus,-82.114397,35.962963
Lithobates catesbeianus,-80.002903,44.492376
Lithobates catesbeianus,-85.569803,35.933122
Lithobates catesbeianus,-94.480129,36.132273
Lithobates catesbeianus,-108.373345,38.837292
Lithobates catesbeianus,-73.070057,44.214086
Lithobates catesbeianus,-71.444547,41.797919
Lithobates catesbeianus,-82.278853,35.670798
Lithobates catesbeianus,-104.655693,38.265001
Lithobates catesbeianus,-79.234876,45.664421
Lithobates catesbeianus,-69.991356,41.784309
Lithobates catesbeianus,-81.67367,29.633091
Lithobates catesbeianus,-74.14605,45.438187
Lithobates catesbeianus,-122.24878,45.544517
Lithobates catesbeianus,-91.155432,41.275387
Lithobates catesbeianus,-72.39841,41.415143
Lithobates catesbeianus,-82.443093,35.838365
Lithobates catesbeianus,-106.683836,35.130707
Lithobates catesbeianus,-97.629783,35.779411
Lithobates catesbeianus,-73.997704,41.147312
Lithobates catesbeianus,-77.357575,38.911187
Lithobates catesbeianus,-84.646958,33.439892
Lithobates catesbeianus,-80.30327,42.932512
Lithobates catesbeianus,-77.047553,38.929448
Lithobates catesbeianus,-80.22055,35.544405
Lithobates catesbeianus,-70.510345,41.757717
Lithobates catesbeianus,-75.234934,40.451727
Lithobates catesbeianus,-78.334211,42.034026
Lithobates catesbeianus,-121.508178,38.665355
Lithobates catesbeianus,-70.426178,41.669655
Lithobates catesbeianus,-122.147622,48.08064
Lithobates catesbeianus,-72.622804,44.572261
Lithobates catesbeianus,-77.922665,37.660727
Lithobates catesbeianus,-75.916719,36.671634
Lithobates catesbeianus,-94.464355,39.302813
Lithobates catesbeianus,-122.228737,37.932219
Lithobates catesbeianus,-69.493384,19.322979
Lithobates catesbeianus,-73.794695,41.807935
Lithobates catesbeianus,-70.084286,44.009683
Lithobates catesbeianus,-76.307739,42.598377
Lithobates catesbeianus,-118.409631,34.120333
Lithobates catesbeianus,-78.373302,42.079407
Lithobates catesbeianus,-71.904858,42.456778
Lithobates catesbeianus,-70.277471,41.708732
Lithobates catesbeianus,-78.535173,44.626812
Lithobates catesbeianus,-73.107964,44.451405
Lithobates catesbeianus,-68.583183,46.035153
Lithobates catesbeianus,-77.306231,44.474487
Lithobates catesbeianus,-71.202051,46.90556
Lithobates catesbeianus,-66.121322,45.770778
Lithobates catesbeianus,-75.216145,41.059021
Lithobates catesbeianus,-77.471448,43.138406
Lithobates catesbeianus,-75.776112,45.894048
Lithobates catesbeianus,-80.30867,43.143673
Lithobates catesbeianus,-74.472601,40.598393
Lithobates catesbeianus,-96.006226,30.210625
Lithobates catesbeianus,-71.69497,43.943028
Lithobates catesbeianus,-123.138161,49.305008
Lithobates catesbeianus,-87.8414,41.777803
Lithobates catesbeianus,-85.684032,38.358324
Lithobates catesbeianus,-75.555435,40.880464
Lithobates catesbeianus,-73.704103,46.049245
Lithobates catesbeianus,-77.921234,40.840378
Lithobates catesbeianus,-71.95305,46.257467
Lithobates catesbeianus,-71.782369,43.694771
Lithobates catesbeianus,-95.261084,37.340312
Lithobates catesbeianus,-94.683428,39.011433
Lithobates catesbeianus,-79.301381,44.356226
Lithobates catesbeianus,-122.747383,49.236532
Lithobates catesbeianus,-122.683479,47.672546
Lithobates catesbeianus,-124.255044,43.442747
Lithobates catesbeianus,-93.274414,30.347403
Lithobates catesbeianus,-75.726647,39.44965
Lithobates catesbeianus,-71.43357,46.807581
Lithobates catesbeianus,-95.971747,36.129878
Lithobates catesbeianus,-122.699053,45.506582
Lithobates catesbeianus,-75.898057,45.232081
Lithobates catesbeianus,-72.242273,40.989624
Lithobates catesbeianus,-82.673287,41.733187
Lithobates catesbeianus,-78.552933,45.906722
Lithobates catesbeianus,-109.5191,38.736423
Lithobates catesbeianus,-81.567812,41.280825
Lithobates catesbeianus,-91.097511,43.643878
Lithobates catesbeianus,-83.840636,47.048347
Lithobates catesbeianus,-97.590232,33.357954
Lithobates catesbeianus,-111.968613,33.655097
Lithobates catesbeianus,-96.56367,39.11663
Lithobates catesbeianus,-71.700022,45.686118
Lithobates catesbeianus,-92.436097,34.65218
Lithobates catesbeianus,-73.662029,46.363813
Lithobates catesbeianus,-122.817021,47.04438
Lithobates catesbeianus,-121.927224,47.683716
Lithobates catesbeianus,-92.238845,38.780137
Lithobates catesbeianus,-76.840513,38.992787
Lithobates catesbeianus,-118.007033,33.703233
Lithobates catesbeianus,-77.339338,45.550934
Lithobates catesbeianus,-88.337466,42.859115
Lithobates catesbeianus,-82.298543,34.739135
Lithobates catesbeianus,-65.481098,45.710914
Lithobates catesbeianus,-76.583982,44.717511
Lithobates catesbeianus,-76.37375,41.216695
Lithobates catesbeianus,-75.285922,38.50735
Lithobates catesbeianus,-77.724807,43.995096
Lithobates catesbeianus,-99.297183,43.102808
Lithobates catesbeianus,-121.2592,38.677003
Lithobates catesbeianus,-120.490219,46.85538
Lithobates catesbeianus,-70.524171,41.599933
Lithobates catesbeianus,-92.817851,35.267977
Lithobates catesbeianus,-94.285423,38.979748
Lithobates catesbeianus,-79.095032,45.022436
Lithobates catesbeianus,-68.397422,44.322613
Lithobates catesbeianus,-87.940513,41.819583
Lithobates catesbeianus,-75.251638,39.951877
Lithobates catesbeianus,-122.538699,45.694389
Lithobates catesbeianus,-80.263738,36.030624
Lithobates catesbeianus,-76.521668,44.516424
Lithobates catesbeianus,-124.982042,49.713653
Lithobates catesbeianus,-95.003609,37.533987
Lithobates catesbeianus,-64.94687,44.981378
Lithobates catesbeianus,-82.309144,36.907892
Lithobates catesbeianus,-84.317571,40.016474
Lithobates catesbeianus,-72.610678,40.855441
Lithobates catesbeianus,-72.165775,42.602381
Lithobates catesbeianus,-82.478195,29.404717
Lithobates catesbeianus,-96.57199,43.594691
Lithobates catesbeianus,-67.128686,45.659195
Lithobates catesbeianus,-84.299288,39.235609
Lithobates catesbeianus,-97.115453,32.783314
Lithobates catesbeianus,-97.524874,38.875438
Lithobates catesbeianus,-76.412492,39.428463
Lithobates catesbeianus,-117.279132,48.205757
Lithobates catesbeianus,-79.315224,36.236045
Lithobates catesbeianus,-80.867112,34.916391
Lithobates catesbeianus,-89.113432,42.459155
Lithobates catesbeianus,-75.302483,41.276489
Lithobates catesbeianus,-87.518316,41.53711
Lithobates catesbeianus,-88.992188,36.074053
Lithobates catesbeianus,-68.883965,44.590707
Lithobates catesbeianus,-98.167754,36.165209
Lithobates catesbeianus,-121.657239,37.31195
Lithobates catesbeianus,-79.867508,45.911162
Lithobates catesbeianus,-122.432398,38.874142
Lithobates catesbeianus,-87.240963,41.559938
Lithobates catesbeianus,-71.727489,42.360568
Lithobates catesbeianus,-94.494308,37.111649
Lithobates catesbeianus,-93.769921,38.757664
Lithobates catesbeianus,-72.177002,45.117657
Lithobates catesbeianus,-73.115075,40.946878
Lithobates catesbeianus,-75.794937,45.370095
Lithobates catesbeianus,-112.088068,33.531478
Lithobates catesbeianus,-81.842987,36.17173
Lithobates catesbeianus,-75.042897,40.007543
Lithobates catesbeianus,-116.486353,43.681653
Lithobates catesbeianus,-120.436585,39.694632
Lithobates catesbeianus,-109.54538,38.56168
Lithobates catesbeianus,-74.828726,45.749104
Lithobates catesbeianus,-120.355588,39.7556
Lithobates catesbeianus,-78.428397,45.82423
Lithobates catesbeianus,-85.912836,35.204353
Lithobates catesbeianus,-83.71797,41.67964
Lithobates catesbeianus,-77.171657,40.454379
Lithobates catesbeianus,-84.350212,30.479133
Lithobates catesbeianus,-96.581134,32.538969
Lithobates catesbeianus,-85.618142,30.229364
Lithobates catesbeianus,-103.147484,37.11002
Lithobates catesbeianus,-72.05619,41.822561
Lithobates catesbeianus,-90.823077,38.476084
Lithobates catesbeianus,-77.862637,45.59384
Lithobates catesbeianus,-104.596146,38.254799
Lithobates catesbeianus,-121.717443,37.341537
Lithobates catesbeianus,-72.161536,41.018756
Lithobates catesbeianus,-121.949474,46.516586
Lithobates catesbeianus,-103.799448,40.268836
Lithobates catesbeianus,-72.044182,43.924581
Lithobates catesbeianus,-91.764838,34.949363
Lithobates catesbeianus,-82.550333,42.313506
Lithobates catesbeianus,-109.567284,37.29906
Lithobates catesbeianus,-64.68087,45.734112
Lithobates catesbeianus,-80.790861,32.547047
Lithobates catesbeianus,-87.191681,41.426852
Lithobates catesbeianus,-124.109611,49.236847
Lithobates catesbeianus,-91.186868,39.462205
Lithobates catesbeianus,-74.707301,40.731438
Lithobates catesbeianus,-78.537886,44.333994
Lithobates catesbeianus,-74.568663,40.5943
Lithobates catesbeianus,-75.806681,45.468224
Lithobates catesbeianus,-73.37401,40.692088
Lithobates catesbeianus,-83.21585,40.839353
Lithobates catesbeianus,-64.918864,44.350097
Lithobates catesbeianus,-71.676125,41.447594
Lithobates catesbeianus,-80.599528,35.522356
Lithobates catesbeianus,-99.267189,36.710628
Lithobates catesbeianus,-76.0465,44.590472
Lithobates catesbeianus,-80.332907,36.008633
Lithobates catesbeianus,-82.708906,28.089691
Lithobates catesbeianus,-81.727287,40.668474
Lithobates catesbeianus,-72.559383,44.243588
Lithobates catesbeianus,-76.068232,45.475683
Lithobates catesbeianus,-122.817368,38.408112
Lithobates catesbeianus,-82.606371,29.555179
Lithobates catesbeianus,-82.340642,35.664555
Lithobates catesbeianus,-65.831817,45.539975
Lithobates catesbeianus,-121.051611,44.156953
Lithobates catesbeianus,-120.240108,37.960544
Lithobates catesbeianus,-77.295939,40.028535
Lithobates catesbeianus,-76.375298,38.118
Lithobates catesbeianus,-68.368088,44.278042
Lithobates catesbeianus,-75.136108,39.50687
Lithobates catesbeianus,-102.67542,37.129178
Lithobates catesbeianus,-81.188303,42.795592
Lithobates catesbeianus,-71.366523,43.54971
Lithobates catesbeianus,-75.641075,44.882227
Lithobates catesbeianus,-123.387291,43.216305
Lithobates catesbeianus,-94.289795,39.049487
Lithobates catesbeianus,-83.384863,33.901306
Lithobates catesbeianus,-73.968119,40.873258
Lithobates catesbeianus,-73.701164,46.412574
Lithobates catesbeianus,-76.072144,44.358196
Lithobates catesbeianus,-116.317011,43.707
Lithobates catesbeianus,-75.812867,45.01535
Lithobates catesbeianus,-73.640903,40.772708
Lithobates catesbeianus,-96.956891,30.147175
Lithobates catesbeianus,-70.344437,43.925465
Lithobates catesbeianus,-76.23515,45.200265
Lithobates catesbeianus,-88.947608,35.953433
Lithobates catesbeianus,-121.175258,38.835492
Lithobates catesbeianus,-121.629133,37.006709
Lithobates catesbeianus,-105.091861,39.411749
Lithobates catesbeianus,-76.854132,45.306233
Lithobates catesbeianus,-93.572116,42.094456
Lithobates catesbeianus,-117.34816,33.223966
Lithobates catesbeianus,-73.03834,46.179257
Lithobates catesbeianus,-88.321608,41.823672
Lithobates catesbeianus,-79.284103,43.066375
Lithobates catesbeianus,-79.824944,45.729142
Lithobates catesbeianus,-96.995881,36.101323
Lithobates catesbeianus,-110.710412,32.38722
Lithobates catesbeianus,-81.557618,30.306085
Lithobates catesbeianus,-97.543306,42.191773
Lithobates catesbeianus,-83.034999,42.042247
Lithobates catesbeianus,-87.858436,42.015516
Lithobates catesbeianus,-84.008674,39.740858
Lithobates catesbeianus,-84.218737,39.458105
Lithobates catesbeianus,-73.995892,40.702632
Lithobates catesbeianus,-116.548797,43.527654
Lithobates catesbeianus,-82.778408,28.142775
Lithobates catesbeianus,-95.887786,29.683444
Lithobates catesbeianus,-84.515232,39.139328
Lithobates catesbeianus,-68.831589,46.11764
Lithobates catesbeianus,-88.110346,41.880232
Lithobates catesbeianus,-96.259764,29.711253
Lithobates catesbeianus,-72.918629,46.74236
Lithobates catesbeianus,-76.593445,44.414742
Lithobates catesbeianus,-119.978123,47.821247
Lithobates catesbeianus,-73.765892,40.770867
Lithobates catesbeianus,-69.455566,45.417374
Lithobates catesbeianus,-88.246065,41.966324
Lithobates catesbeianus,-89.639162,44.925887
Lithobates catesbeianus,-76.735328,45.77863
Lithobates catesbeianus,-96.556053,41.045739
Lithobates catesbeianus,-74.005433,45.989322
Lithobates catesbeianus,-65.854736,43.80628
Lithobates catesbeianus,-71.855466,43.099301
Lithobates catesbeianus,-76.37628,42.437938
Lithobates catesbeianus,-79.322965,44.579191
Lithobates catesbeianus,-63.139758,45.054717
Lithobates catesbeianus,-74.469413,45.988963
Lithobates catesbeianus,-122.456074,38.227708
Lithobates catesbeianus,-89.893828,38.830924
Lithobates catesbeianus,-75.960403,43.432597
Lithobates catesbeianus,-105.043572,40.03095
Lithobates catesbeianus,-82.64973,29.987662
Lithobates catesbeianus,-122.35685,41.289178
Lithobates catesbeianus,-78.927284,45.940422
Lithobates catesbeianus,-75.685496,41.027489
Lithobates catesbeianus,-81.489525,45.969963
Lithobates catesbeianus,-114.877602,42.825275
Lithobates catesbeianus,-122.024725,38.491255
Lithobates catesbeianus,-88.738548,38.254257
Lithobates catesbeianus,-95.266048,38.954875
Lithobates catesbeianus,-80.895242,32.176178
Lithobates catesbeianus,-97.508888,37.779775
Lithobates catesbeianus,-119.53679,40.82873
Lithobates catesbeianus,-81.064403,42.983931
Lithobates catesbeianus,-118.211828,34.201762
Lithobates catesbeianus,-81.434407,40.86683
Lithobates catesbeianus,-76.002976,45.430269
Lithobates catesbeianus,-94.698983,35.013886
Lithobates catesbeianus,-88.894794,42.413658
Lithobates catesbeianus,-122.241981,45.793745
Lithobates catesbeianus,-70.943109,42.893319
Lithobates catesbeianus,-72.416923,45.418717
Lithobates catesbeianus,-74.586512,41.008416
Lithobates catesbeianus,-89.328218,41.233401
Lithobates catesbeianus,-82.835627,34.674299
Lithobates catesbeianus,-77.4712,39.912055
Lithobates catesbeianus,-78.595871,36.281578
Lithobates catesbeianus,-88.17875,42.611083
Lithobates catesbeianus,-84.694183,39.298452
Lithobates catesbeianus,-71.934438,42.837463
Lithobates catesbeianus,-122.682097,48.958797
Lithobates catesbeianus,-109.294337,34.143559
Lithobates catesbeianus,-63.284113,45.250405
Lithobates catesbeianus,-79.269975,44.098101
Lithobates catesbeianus,-73.912772,44.510608
Lithobates catesbeianus,-79.623629,39.844021
Lithobates catesbeianus,-77.800592,39.484731
Lithobates catesbeianus,-89.419998,35.114183
Lithobates catesbeianus,-82.784759,41.533073
Lithobates catesbeianus,-122.361011,47.604439
Lithobates catesbeianus,-88.227391,42.306917
Lithobates catesbeianus,-81.108794,41.299167
Lithobates catesbeianus,-96.722286,39.076292
Lithobates catesbeianus,-87.963805,42.488562
Lithobates catesbeianus,-97.811903,30.622628
Lithobates catesbeianus,-80.205472,41.123541
Lithobates catesbeianus,-96.236283,32.955362
Lithobates catesbeianus,-92.823722,41.250907
Lithobates catesbeianus,-88.228613,42.083278
Lithobates catesbeianus,-81.280189,44.74468
Lithobates catesbeianus,-76.199761,39.495497
Lithobates catesbeianus,-121.125678,39.029045
Lithobates catesbeianus,-118.905495,34.215008
Lithobates catesbeianus,-101.316483,32.92317
Lithobates catesbeianus,-88.055122,42.078541
Lithobates catesbeianus,-119.072119,36.297284
Lithobates catesbeianus,-77.251482,40.857832
Lithobates catesbeianus,-82.364402,29.934221
Lithobates catesbeianus,-85.408118,36.180018
Lithobates catesbeianus,-106.911226,34.064161
Lithobates catesbeianus,-75.717659,40.054563
Lithobates catesbeianus,-120.462336,39.811683
Lithobates catesbeianus,-122.076968,47.859452
Lithobates catesbeianus,-64.918613,45.753597
Lithobates catesbeianus,-83.125941,42.356139
Lithobates catesbeianus,-121.711436,48.424196
Lithobates catesbeianus,-108.156958,33.029536
Lithobates catesbeianus,-84.460015,40.543378
Lithobates catesbeianus,-119.706908,39.119814
Lithobates catesbeianus,-124.253139,41.782336
Lithobates catesbeianus,-73.251335,47.085486
Lithobates catesbeianus,-72.362673,42.694724
Lithobates catesbeianus,-72.653558,46.283484
Lithobates catesbeianus,-76.366623,39.25109
Lithobates catesbeianus,-122.537942,38.549513
Lithobates catesbeianus,-119.488191,37.067617
Lithobates catesbeianus,-81.269453,28.802851
Lithobates catesbeianus,-83.272677,40.570031
Lithobates catesbeianus,-88.517055,41.743551
Lithobates catesbeianus,-86.935394,40.453478
Lithobates catesbeianus,-111.014747,31.796247
Lithobates catesbeianus,-85.102131,41.153444
Lithobates catesbeianus,-122.300602,38.331524
Lithobates catesbeianus,-70.701088,41.392429
Lithobates catesbeianus,-82.282319,29.502612
Lithobates catesbeianus,-95.963684,38.94983
Lithobates catesbeianus,-120.027244,38.8531
Lithobates catesbeianus,-75.853733,35.829575
Lithobates catesbeianus,-90.501829,38.69232
Lithobates catesbeianus,-85.791103,42.291466
Lithobates catesbeianus,-122.770093,40.89541
Lithobates catesbeianus,-72.352951,42.623922
Lithobates catesbeianus,-85.835037,41.575272
Lithobates catesbeianus,-119.727018,39.36989
Lithobates catesbeianus,-84.682633,39.161347
Lithobates catesbeianus,-81.305032,43.019218
Lithobates catesbeianus,-74.246454,40.828304
Lithobates catesbeianus,-94.8397,34.935333
Lithobates catesbeianus,-73.239251,47.15258
Lithobates catesbeianus,-72.309776,45.292544
Lithobates catesbeianus,-79.940038,44.60866
Lithobates catesbeianus,-74.500862,44.730038
Lithobates catesbeianus,-97.601092,35.225509
Lithobates catesbeianus,-85.406114,35.919984
Lithobates catesbeianus,-77.662773,38.923505
Lithobates catesbeianus,-83.093944,41.607417
Lithobates catesbeianus,-125.019477,49.753111
Lithobates catesbeianus,-97.621427,20.948293
Lithobates catesbeianus,-71.222824,42.238259
Lithobates catesbeianus,-73.91077,45.557846
Lithobates catesbeianus,-80.361887,40.500737
Lithobates catesbeianus,-76.20233,36.902767
Lithobates catesbeianus,-92.170979,38.972973
Lithobates catesbeianus,-90.658891,37.313701
Lithobates catesbeianus,-64.552517,44.353869
Lithobates catesbeianus,-87.744883,42.022003
Lithobates catesbeianus,-88.451605,42.047738
Lithobates catesbeianus,-72.443548,47.345838
Lithobates catesbeianus,-93.725349,41.398632
Lithobates catesbeianus,-105.485218,28.260446
Lithobates catesbeianus,-89.530149,46.024104
Lithobates catesbeianus,-84.917205,34.705692
Lithobates catesbeianus,-91.31655,45.989913
Lithobates catesbeianus,-84.168294,39.600565
Lithobates catesbeianus,-82.501149,28.17064
Lithobates catesbeianus,-64.904748,45.957043
Lithobates catesbeianus,-65.162074,44.406021
Lithobates catesbeianus,-88.47615,41.835608
Lithobates catesbeianus,-87.022781,41.585926
Lithobates catesbeianus,-122.757871,47.009005
Lithobates catesbeianus,-77.923088,33.960729
Lithobates catesbeianus,-94.410931,39.694523
Lithobates catesbeianus,-105.030727,40.098953
Lithobates catesbeianus,-87.907745,41.647923
Lithobates catesbeianus,-90.363785,38.428325
Lithobates catesbeianus,-84.422662,45.744847
Lithobates catesbeianus,-122.029632,47.273563
Lithobates catesbeianus,-106.741097,28.490763
Lithobates catesbeianus,-80.99965,35.076245
Lithobates catesbeianus,-89.735458,45.179272
Lithobates catesbeianus,-116.952858,33.038004
Lithobates catesbeianus,-65.031085,44.375025
Lithobates catesbeianus,-81.416742,30.103728
Lithobates catesbeianus,-122.796533,49.138431
Lithobates catesbeianus,-83.050938,33.841096
Lithobates catesbeianus,-119.776825,34.546144
Lithobates catesbeianus,-111.942305,33.500008
Lithobates catesbeianus,-82.854788,36.106136
Lithobates catesbeianus,-82.920425,42.331775
Lithobates catesbeianus,-79.020333,33.921433
Lithobates catesbeianus,-94.776103,38.924214
Lithobates catesbeianus,-91.325164,37.249976
Lithobates catesbeianus,-81.758439,41.401374
Lithobates catesbeianus,-93.835131,39.014749
Lithobates catesbeianus,-73.923605,41.416845
Lithobates catesbeianus,-72.69027,41.8009
Lithobates catesbeianus,-105.158694,40.550188
Lithobates catesbeianus,-72.219745,45.413221
Lithobates catesbeianus,-95.689788,36.050572
Lithobates catesbeianus,-71.981665,42.005265
Lithobates catesbeianus,-122.08982,47.140069
Lithobates catesbeianus,-81.225395,35.495625
Lithobates catesbeianus,-92.748246,31.576182
Lithobates catesbeianus,-93.175943,46.81842
Lithobates catesbeianus,-101.330422,42.39695
Lithobates catesbeianus,-80.394674,42.662717
Lithobates catesbeianus,-75.676588,38.392628
Lithobates catesbeianus,-76.277245,36.877513
Lithobates catesbeianus,-81.202378,28.580638
Lithobates catesbeianus,-69.248619,45.086547
Lithobates catesbeianus,-112.423813,34.583988
Lithobates catesbeianus,-97.875563,36.766114
Lithobates catesbeianus,-76.901641,39.108442
Lithobates catesbeianus,-73.992508,45.374037
Lithobates catesbeianus,-73.008295,46.672793
Lithobates catesbeianus,-70.884588,45.323946
Lithobates catesbeianus,-121.8087,40.309483
Lithobates catesbeianus,-76.256097,39.588826
Lithobates catesbeianus,-123.264492,47.177966
Lithobates catesbeianus,-74.862043,39.927644
Lithobates catesbeianus,-73.090174,44.377085
Lithobates catesbeianus,-88.554058,31.138465
Lithobates catesbeianus,-123.326644,44.574466
Lithobates catesbeianus,-84.094521,39.512821
Lithobates catesbeianus,-122.564972,49.227555
Lithobates catesbeianus,-78.954824,36.174699
Lithobates catesbeianus,-75.471243,43.529766
Lithobates catesbeianus,-84.19825,39.237901
Lithobates catesbeianus,-87.351886,41.343091
Lithobates catesbeianus,-96.4924,39.025857
Lithobates catesbeianus,-91.838284,37.799415
Lithobates catesbeianus,-119.96888,37.486478
Lithobates catesbeianus,-91.491659,41.740016
Lithobates catesbeianus,-70.298905,43.665971
Lithobates catesbeianus,-81.010237,41.167129
Lithobates catesbeianus,-93.788218,40.132214
Lithobates catesbeianus,-74.760628,39.17128
Lithobates catesbeianus,-79.333816,40.582557
Lithobates catesbeianus,-123.096869,44.080589
Lithobates catesbeianus,-85.474696,32.036472
Lithobates catesbeianus,-120.851478,38.4735
Lithobates catesbeianus,-123.628484,42.394559
Lithobates catesbeianus,-75.636429,40.293175
Lithobates catesbeianus,-79.384037,46.38031
Lithobates catesbeianus,-73.503139,41.154754
Lithobates catesbeianus,-78.792795,40.500182
Lithobates catesbeianus,-74.481266,42.598533
Lithobates catesbeianus,-70.8375,44.927033
Lithobates catesbeianus,-78.300601,37.515881
Lithobates catesbeianus,-97.40348,35.235186
Lithobates catesbeianus,-70.251558,43.636128
Lithobates catesbeianus,-110.20273,31.562742
Lithobates catesbeianus,-71.250704,42.058699
Lithobates catesbeianus,-95.787912,41.071761
Lithobates catesbeianus,-89.818886,41.926809
Lithobates catesbeianus,-83.996645,42.468937
Lithobates catesbeianus,-93.231072,44.845292
Lithobates catesbeianus,-75.70133,38.215725
Lithobates catesbeianus,-123.178635,44.095475
Lithobates catesbeianus,-83.0569,42.646493
Lithobates catesbeianus,-72.765015,43.223076
Lithobates catesbeianus,-76.171058,45.210676
Lithobates catesbeianus,-99.146353,40.704196
Lithobates catesbeianus,-78.796028,41.85142
Lithobates catesbeianus,-72.669143,42.352542
Lithobates catesbeianus,-121.872063,47.534407
Lithobates catesbeianus,-64.383184,44.448599
Lithobates catesbeianus,-68.334687,44.325797
Lithobates catesbeianus,-78.627414,35.452358
Lithobates catesbeianus,-72.469455,43.143735
Lithobates catesbeianus,-89.586811,37.302794
Lithobates catesbeianus,-63.695112,44.736515
Lithobates catesbeianus,-83.037988,35.074528
Lithobates catesbeianus,-71.466337,42.533574
Lithobates catesbeianus,-97.97615,41.339145
Lithobates catesbeianus,-74.639877,45.299774
Lithobates catesbeianus,-76.948587,43.168824
Lithobates catesbeianus,-73.825937,45.219499
Lithobates catesbeianus,-69.994678,41.882436
Lithobates catesbeianus,-71.438016,41.589946
Lithobates catesbeianus,-78.526031,45.604093
Lithobates catesbeianus,-73.950225,42.747881
Lithobates catesbeianus,-70.438394,44.392011
Lithobates catesbeianus,-78.309463,42.47052
Lithobates catesbeianus,-71.266129,42.205963
Lithobates catesbeianus,-82.011958,40.255359
Lithobates catesbeianus,-75.666777,45.597706
Lithobates catesbeianus,-115.832289,43.825878
Lithobates catesbeianus,-109.526834,37.253457
Lithobates catesbeianus,-68.744445,46.230215
Lithobates catesbeianus,-98.892844,43.030354
Lithobates catesbeianus,-122.304086,45.759434
Lithobates catesbeianus,-96.224185,41.197295
Lithobates catesbeianus,-71.36547,44.605878
Lithobates catesbeianus,-78.31479,37.414312
Lithobates catesbeianus,-78.518039,45.766549
Lithobates catesbeianus,-105.030511,40.197324
Lithobates catesbeianus,-117.063648,32.554502
Lithobates catesbeianus,-114.093456,46.540434
Lithobates catesbeianus,-77.04615,39.42807
Lithobates catesbeianus,-74.34356,39.594981
Lithobates catesbeianus,-93.142218,44.977222
Lithobates catesbeianus,-74.645431,45.815069
Lithobates catesbeianus,-81.655503,36.127572
Lithobates catesbeianus,-157.964037,21.389392
Lithobates catesbeianus,-87.699455,41.905707
Lithobates catesbeianus,-75.80655,46.59978
Lithobates catesbeianus,-86.621448,38.868665
Lithobates catesbeianus,-74.987587,45.254272
Lithobates catesbeianus,-123.10347,49.053205
Lithobates catesbeianus,-80.084081,45.229562
Lithobates catesbeianus,-70.943305,44.218945
Lithobates catesbeianus,-71.512006,44.983171
Lithobates catesbeianus,-67.860938,44.919425
Lithobates catesbeianus,-120.275614,38.292371
Lithobates catesbeianus,-71.372762,42.400345
Lithobates catesbeianus,-78.737678,44.364167
Lithobates catesbeianus,-72.177803,45.33778
Lithobates catesbeianus,-73.736553,46.13898
Lithobates catesbeianus,-76.295617,38.97032
Lithobates catesbeianus,-76.845855,42.295005
Lithobates catesbeianus,-74.438447,44.219517
Lithobates catesbeianus,-122.965012,44.942288
Lithobates catesbeianus,-86.039139,39.751019
Lithobates catesbeianus,-82.806471,39.934937
Lithobates catesbeianus,-88.894876,37.44557
Lithobates catesbeianus,-77.115291,38.808335
Lithobates catesbeianus,-80.019081,42.090519
Lithobates catesbeianus,-98.287413,42.512753
Lithobates catesbeianus,-80.015075,44.710155
Lithobates catesbeianus,-98.557237,38.92643
Lithobates catesbeianus,-78.015434,44.615584
Lithobates catesbeianus,-75.836467,45.195132
Lithobates catesbeianus,-77.898459,34.118533
Lithobates catesbeianus,-85.633856,31.477511
Lithobates catesbeianus,-76.237396,44.897855
Lithobates catesbeianus,-77.224689,44.446401
Lithobates catesbeianus,-73.674111,41.979493
Lithobates catesbeianus,-88.366403,42.255538
Lithobates catesbeianus,-80.732477,43.127946
Lithobates catesbeianus,-87.795853,41.658199
Lithobates catesbeianus,-96.496191,43.727596
Lithobates catesbeianus,-79.428471,42.381473
Lithobates catesbeianus,-119.292492,34.45409
Lithobates catesbeianus,-124.127225,43.556564
Lithobates catesbeianus,-73.361885,45.950268
Lithobates catesbeianus,-68.636667,44.965092
Lithobates catesbeianus,-73.257439,44.519611
Lithobates catesbeianus,-78.779383,35.783696
Lithobates catesbeianus,-71.233933,41.852101
Lithobates catesbeianus,-85.266137,35.153283
Lithobates catesbeianus,-70.54479,41.920841
Lithobates catesbeianus,-84.131863,36.103413
Lithobates catesbeianus,-87.87018,42.072219
Lithobates catesbeianus,-94.573738,37.53277
Lithobates catesbeianus,-77.524134,43.956382
Lithobates catesbeianus,-82.704857,40.735344
Lithobates catesbeianus,-81.32923,41.143473
Lithobates catesbeianus,-123.44959,48.591402
Lithobates catesbeianus,-117.472022,33.47059
Lithobates catesbeianus,-89.295145,43.004319
Lithobates catesbeianus,-105.36736,40.040639
Lithobates catesbeianus,-75.847808,45.679067
Lithobates catesbeianus,-79.986623,44.925949
Lithobates catesbeianus,-83.649664,40.627768
Lithobates catesbeianus,-84.155761,42.26419
Lithobates catesbeianus,-122.750988,45.833014
Lithobates catesbeianus,-83.840965,42.519997
Lithobates catesbeianus,-96.794658,28.256276
Lithobates catesbeianus,-120.617415,39.765979
Lithobates catesbeianus,-74.306287,44.219514
Lithobates catesbeianus,-83.367378,40.71028
Lithobates catesbeianus,-73.177322,44.051892
Lithobates catesbeianus,-78.729196,36.569025
Lithobates catesbeianus,-122.970688,38.413363
Lithobates catesbeianus,-75.741141,39.825031
Lithobates catesbeianus,-71.132278,43.489433
Lithobates catesbeianus,-73.969055,46.24828
Lithobates catesbeianus,-110.080399,34.524183
Lithobates catesbeianus,-76.297351,39.921072
Lithobates catesbeianus,-72.592569,42.036215
Lithobates catesbeianus,-87.551474,41.641904
Lithobates catesbeianus,-86.791642,38.880781
Lithobates catesbeianus,-103.672308,30.48594
Lithobates catesbeianus,-78.01819,46.229762
Lithobates catesbeianus,-82.690357,27.736554
Lithobates catesbeianus,-73.814803,46.114614
Lithobates catesbeianus,-86.661067,38.810037
Lithobates catesbeianus,-77.29805,44.918942
Lithobates catesbeianus,-78.968775,35.968879
Lithobates catesbeianus,-68.023901,44.607174
Lithobates catesbeianus,-94.758095,40.844312
Lithobates catesbeianus,-73.954453,45.432483
Lithobates catesbeianus,-72.677186,41.31079
Lithobates catesbeianus,-73.174233,44.294197
Lithobates catesbeianus,-122.213996,47.699561
Lithobates catesbeianus,-72.155407,43.881315
Lithobates catesbeianus,-73.378225,46.456677
Lithobates catesbeianus,-159.4928,21.887067
Lithobates catesbeianus,-78.870766,42.454119
Lithobates catesbeianus,-105.057358,39.947088
Lithobates catesbeianus,-84.577185,34.039289
Lithobates catesbeianus,-78.621803,40.564886
Lithobates catesbeianus,-85.381624,34.581357
Lithobates catesbeianus,-88.01342,42.997526
Lithobates catesbeianus,-75.243045,40.100983
Lithobates catesbeianus,-91.546174,46.041963
Lithobates catesbeianus,-73.234761,44.399063
Lithobates catesbeianus,-75.266589,44.533606
Lithobates catesbeianus,-105.900456,35.84947
Lithobates catesbeianus,-70.982481,42.591403
Lithobates catesbeianus,-98.332567,29.522033
Lithobates catesbeianus,-88.222942,41.838205
Lithobates catesbeianus,-86.430957,39.052299
Lithobates catesbeianus,-95.594432,29.217078
Lithobates catesbeianus,-71.744704,45.832208
Lithobates catesbeianus,-80.807692,35.586108
Lithobates catesbeianus,-105.08503,40.522725
Lithobates catesbeianus,-72.970689,46.813431
Lithobates catesbeianus,-120.925108,37.099833
Lithobates catesbeianus,-122.470803,49.083817
Lithobates catesbeianus,-77.162431,38.908312
Lithobates catesbeianus,-83.512115,41.220345
Lithobates catesbeianus,-98.49969,33.989767
Lithobates catesbeianus,-92.116561,30.11056
Lithobates catesbeianus,-79.475822,36.735462
Lithobates catesbeianus,-71.065636,42.790062
Lithobates catesbeianus,-80.744809,34.92281
Lithobates catesbeianus,-117.106894,47.2309
Lithobates catesbeianus,-122.701586,49.299361
Lithobates catesbeianus,-98.89449,41.024853
Lithobates catesbeianus,-87.973312,42.152912
Lithobates catesbeianus,-74.039733,45.790579
Lithobates catesbeianus,-122.001943,47.602776
Lithobates catesbeianus,-87.025467,36.219505
Lithobates catesbeianus,-88.67948,37.159286
Lithobates catesbeianus,-117.157883,34.262972
Lithobates catesbeianus,-105.144655,40.048409
Lithobates catesbeianus,-94.214387,39.657688
Lithobates catesbeianus,-100.296794,35.91545
Lithobates catesbeianus,-93.553388,38.103497
Lithobates catesbeianus,-64.384313,44.379041
Lithobates catesbeianus,-77.00526,38.795798
Lithobates catesbeianus,-76.495575,41.423161
Lithobates catesbeianus,-68.085893,44.784922
Lithobates catesbeianus,-62.935936,45.759703
Lithobates catesbeianus,-72.640461,41.774606
Lithobates catesbeianus,-72.923164,44.448239
Lithobates catesbeianus,-105.180318,39.421887
Lithobates catesbeianus,-77.923818,37.535839
Lithobates catesbeianus,-73.589692,41.113304
Lithobates catesbeianus,-71.784042,42.280445
Lithobates catesbeianus,-93.205638,44.615463
Lithobates catesbeianus,-74.437767,40.513642
Lithobates catesbeianus,-78.941047,37.357383
Lithobates catesbeianus,-82.48908,28.867263
Lithobates catesbeianus,-64.366939,45.903739
Lithobates catesbeianus,-72.855826,41.736965
Lithobates catesbeianus,-123.482795,42.910992
Lithobates catesbeianus,-85.645869,37.885753
Lithobates catesbeianus,-88.561613,44.90622
Lithobates catesbeianus,-81.908516,30.244158
Lithobates catesbeianus,-105.085527,40.57474
Lithobates catesbeianus,-74.544667,45.064428
Lithobates catesbeianus,-64.593407,45.015676
Lithobates catesbeianus,-71.371054,41.795068
Lithobates catesbeianus,-73.753587,40.944272
Lithobates catesbeianus,-83.852342,34.207145
Lithobates catesbeianus,-105.262239,40.103865
Lithobates catesbeianus,-97.186683,40.126378
Lithobates catesbeianus,-78.77475,43.259108
Lithobates catesbeianus,-65.88793,45.345354
Lithobates catesbeianus,-122.488992,47.447692
Lithobates catesbeianus,-88.133361,41.540345
Lithobates catesbeianus,-80.097467,45.177947
Lithobates catesbeianus,-122.516816,45.478214
Lithobates catesbeianus,-76.378855,35.986247
Lithobates catesbeianus,-81.460328,27.827778
Lithobates catesbeianus,-80.093984,40.940434
Lithobates catesbeianus,-120.332213,45.49422
Lithobates catesbeianus,-84.069528,39.630653
Lithobates catesbeianus,-91.726487,41.585075
Lithobates catesbeianus,-75.17183,40.39598
Lithobates catesbeianus,-80.657753,43.182608
Lithobates catesbeianus,-68.263222,44.415287
Lithobates catesbeianus,-84.144003,31.952904
Lithobates catesbeianus,-81.783981,30.2548
Lithobates catesbeianus,-72.942228,46.605551
Lithobates catesbeianus,-67.989848,44.412625
Lithobates catesbeianus,-73.207733,44.953543
Lithobates catesbeianus,-84.294117,34.457169
Lithobates catesbeianus,-77.045844,39.004958
Lithobates catesbeianus,-72.168862,44.367529
Lithobates catesbeianus,-111.93042,40.961748
Lithobates catesbeianus,-84.873687,37.941278
Lithobates catesbeianus,-82.664872,29.247175
Lithobates catesbeianus,-75.382129,44.467451
Lithobates catesbeianus,-74.959348,41.060903
Lithobates catesbeianus,-87.180235,36.212435
Lithobates catesbeianus,-74.194655,40.522513
Lithobates catesbeianus,-95.742764,38.194463
Lithobates catesbeianus,-69.888433,43.934823
Lithobates catesbeianus,-112.05033,41.061091
Lithobates catesbeianus,-104.904067,39.89223
Lithobates catesbeianus,-78.359292,44.932992
Lithobates catesbeianus,-77.144946,39.038246
Lithobates catesbeianus,-120.948988,37.706975
Lithobates catesbeianus,-103.804243,30.535389
Lithobates catesbeianus,-80.533384,45.649815
Lithobates catesbeianus,-94.847188,39.08859
Lithobates catesbeianus,-75.446503,40.266758
Lithobates catesbeianus,-75.293045,41.377063
Lithobates catesbeianus,-72.445992,44.399753
Lithobates catesbeianus,-76.072097,39.197995
Lithobates catesbeianus,-79.286061,39.477609
Lithobates catesbeianus,-79.93743,43.810105
Lithobates catesbeianus,-85.487033,38.689666
Lithobates catesbeianus,-118.987337,36.398317
Lithobates catesbeianus,-88.269005,42.975439
Lithobates catesbeianus,-74.857109,43.785405
Lithobates catesbeianus,-119.867766,35.852804
Lithobates catesbeianus,-66.075072,45.972171
Lithobates catesbeianus,-105.063784,40.478123
Lithobates catesbeianus,-97.741617,38.386146
Lithobates catesbeianus,-121.187579,39.330658
Lithobates catesbeianus,-85.810538,33.489795
Lithobates catesbeianus,-72.207709,41.491413
Lithobates catesbeianus,-125.065536,49.79303
Lithobates catesbeianus,-83.517925,31.461322
Lithobates catesbeianus,-80.663528,47.394962
Lithobates catesbeianus,-75.645947,45.016388
Lithobates catesbeianus,-122.783345,45.430753
Lithobates catesbeianus,-124.050528,41.524669
Lithobates catesbeianus,-84.353273,42.814701
Lithobates catesbeianus,-64.384685,45.061757
Lithobates catesbeianus,-83.70018,42.7705
Lithobates catesbeianus,-70.832838,43.10902
Lithobates catesbeianus,-93.736788,38.351212
Lithobates catesbeianus,-85.629906,42.201664
Lithobates catesbeianus,-89.743186,45.479823
Lithobates catesbeianus,-83.164361,34.144772
Lithobates catesbeianus,-112.298728,34.160978
Lithobates catesbeianus,-80.521558,37.374589
Lithobates catesbeianus,-93.280658,44.873871
Lithobates catesbeianus,-88.35467,41.659659
Lithobates catesbeianus,-72.164071,41.74782
Lithobates catesbeianus,-88.359713,42.95908
Lithobates catesbeianus,-78.898576,45.663502
Lithobates catesbeianus,-74.640045,40.812838
Lithobates catesbeianus,-122.864785,41.392736
Lithobates catesbeianus,-122.67585,38.01767
Lithobates catesbeianus,-75.091428,39.556431
Lithobates catesbeianus,-121.345011,38.57788
Lithobates catesbeianus,-78.194928,44.961715
Lithobates catesbeianus,-79.733849,44.819137
Lithobates catesbeianus,-71.743981,42.227845
Lithobates catesbeianus,-73.246628,41.322853
Lithobates catesbeianus,-78.701462,44.875683
Lithobates catesbeianus,-89.419044,36.352117
Lithobates catesbeianus,-117.060757,32.849421
Lithobates catesbeianus,-117.118781,47.461571
Lithobates catesbeianus,-92.107703,35.488988
Lithobates catesbeianus,-72.119291,44.739238
Lithobates catesbeianus,-81.390258,40.964813
Lithobates catesbeianus,-72.78453,41.643855
Lithobates catesbeianus,-88.265167,42.343147
Lithobates catesbeianus,-83.935403,35.934872
Lithobates catesbeianus,-78.404479,45.540178
Lithobates catesbeianus,-90.244597,30.451012
Lithobates catesbeianus,-87.47105,36.026505
Lithobates catesbeianus,-121.069654,38.612677
Lithobates catesbeianus,-80.761833,41.319718
Lithobates catesbeianus,-70.9077,44.280528
Lithobates catesbeianus,-125.087769,49.72373
Lithobates catesbeianus,-83.280083,33.958042
Lithobates catesbeianus,-70.858788,43.997683
Lithobates catesbeianus,-74.499852,46.331657
Lithobates catesbeianus,-73.290498,42.766449
Lithobates catesbeianus,-73.426631,44.568753
Lithobates catesbeianus,-84.511427,42.717393
Lithobates catesbeianus,-105.014584,39.808408
Lithobates catesbeianus,-90.257575,38.60723
Lithobates catesbeianus,-96.060375,41.235671
Lithobates catesbeianus,-73.756228,45.511657
Lithobates catesbeianus,-119.079015,44.37786
Lithobates catesbeianus,-80.231833,40.930003
Lithobates catesbeianus,-81.427033,45.218412
Lithobates catesbeianus,-79.898529,40.530636
Lithobates catesbeianus,-73.209061,40.908883
Lithobates catesbeianus,-104.858387,21.485475
Lithobates catesbeianus,-68.281197,44.95568
Lithobates catesbeianus,-87.246323,41.209828
Lithobates catesbeianus,-95.462209,39.828553
Lithobates catesbeianus,-92.124008,35.942855
Lithobates catesbeianus,-78.647637,38.036608
Lithobates catesbeianus,-93.719156,32.3449
Lithobates catesbeianus,-75.78128,44.423287
Lithobates catesbeianus,-76.50881,39.050984
Lithobates catesbeianus,-78.383642,46.085567
Lithobates catesbeianus,-81.342794,28.481232
Lithobates catesbeianus,-118.756749,34.527713
Lithobates catesbeianus,-75.95896,35.815967
Lithobates catesbeianus,-76.254926,35.880379
Lithobates catesbeianus,-122.5438,40.598202
Lithobates catesbeianus,-71.220194,42.4992
Lithobates catesbeianus,-122.024719,47.897747
Lithobates catesbeianus,-69.619212,43.949558
Lithobates catesbeianus,-70.057585,41.697663
Lithobates catesbeianus,-81.748245,27.960519
Lithobates catesbeianus,-73.157544,44.395362
Lithobates catesbeianus,-117.412017,47.638847
Lithobates catesbeianus,-79.648247,45.65757
Lithobates catesbeianus,-121.425789,36.087221
Lithobates catesbeianus,-77.037064,43.911812
Lithobates catesbeianus,-84.667885,41.686858
Lithobates catesbeianus,-87.342245,38.250004
Lithobates catesbeianus,-86.34948,41.865805
Lithobates catesbeianus,-89.072375,42.339258
Lithobates catesbeianus,-76.249908,45.268628
Lithobates catesbeianus,-78.886003,44.764878
Lithobates catesbeianus,-69.776868,44.86785
Lithobates catesbeianus,-80.099005,32.805162
Lithobates catesbeianus,-69.585228,44.362655
Lithobates catesbeianus,-72.575306,41.785181
Lithobates catesbeianus,-76.521343,42.307663
Lithobates catesbeianus,-74.981247,39.8078
Lithobates catesbeianus,-71.27917,44.004261
Lithobates catesbeianus,-72.759055,41.852958
Lithobates catesbeianus,-96.929978,35.322858
Lithobates catesbeianus,-72.85975,41.359195
Lithobates catesbeianus,-98.719558,30.223387
Lithobates catesbeianus,-85.582971,38.774942
Lithobates catesbeianus,-105.92552,35.949855
Lithobates catesbeianus,-75.479308,44.542693
Lithobates catesbeianus,-77.611905,38.526759
Lithobates catesbeianus,-94.923002,38.840046
Lithobates catesbeianus,-80.777748,34.785601
Lithobates catesbeianus,-65.978658,43.965305
Lithobates catesbeianus,-82.752374,40.156716
Lithobates catesbeianus,-88.036636,42.456797
Lithobates catesbeianus,-87.715794,41.452117
Lithobates catesbeianus,-88.880293,39.753671
Lithobates catesbeianus,-76.467814,43.4947
Lithobates catesbeianus,-87.322774,38.295087
Lithobates catesbeianus,-81.341334,46.04928
Lithobates catesbeianus,-94.152695,36.287609
Lithobates catesbeianus,-76.940132,44.2643
Lithobates catesbeianus,-78.299036,44.292945
Lithobates catesbeianus,-123.330974,43.012188
Lithobates catesbeianus,-76.293738,44.865058
Lithobates catesbeianus,-73.90679,41.538391
Lithobates catesbeianus,-73.577562,45.440875
Lithobates catesbeianus,-89.231664,42.892149
Lithobates catesbeianus,-72.312618,41.823525
Lithobates catesbeianus,-116.763348,33.105967
Lithobates catesbeianus,-85.897736,35.104019
Lithobates catesbeianus,-75.685455,41.330179
Lithobates catesbeianus,-90.633686,37.613102
Lithobates catesbeianus,-78.08218,40.888012
Lithobates catesbeianus,-72.653941,40.923706
Lithobates catesbeianus,-76.920362,42.049889
Lithobates catesbeianus,-76.453473,41.119223
Lithobates catesbeianus,-104.726088,38.723133
Lithobates catesbeianus,-76.005941,45.602794
Lithobates catesbeianus,-76.45128,42.479268
Lithobates catesbeianus,-84.698625,32.868755
Lithobates catesbeianus,-85.538077,33.159836
Lithobates catesbeianus,-120.334049,38.246927
Lithobates catesbeianus,-79.205895,46.201458
Lithobates catesbeianus,-74.786828,41.269501
Lithobates catesbeianus,-95.565925,36.378283
Lithobates catesbeianus,-121.501824,38.604633
Lithobates catesbeianus,-94.976593,29.502137
Lithobates catesbeianus,-95.800989,29.524601
Lithobates catesbeianus,-109.448353,37.25204
Lithobates catesbeianus,-94.898645,38.932863
Lithobates catesbeianus,-75.376862,43.207645
Lithobates catesbeianus,-87.209607,38.249314
Lithobates catesbeianus,-79.156558,35.612594
Lithobates catesbeianus,-79.983063,44.998008
Lithobates catesbeianus,-118.817383,34.095303
Lithobates catesbeianus,-96.851045,33.049106
Lithobates catesbeianus,-122.055358,47.997245
Lithobates catesbeianus,-74.125839,40.391435
Lithobates catesbeianus,-121.849205,40.493122
Lithobates catesbeianus,-77.9933,44.843047
Lithobates catesbeianus,-73.813957,41.279937
Lithobates catesbeianus,-119.998078,38.94165
Lithobates catesbeianus,-71.18021,42.281879
Lithobates catesbeianus,-77.934083,38.716012
Lithobates catesbeianus,-73.732903,42.705283
Lithobates catesbeianus,-80.127892,40.70658
Lithobates catesbeianus,-76.962505,42.264991
Lithobates catesbeianus,-73.569533,43.11525
Lithobates catesbeianus,-75.920038,45.598621
Lithobates catesbeianus,-85.618736,34.500782
Lithobates catesbeianus,-89.714581,35.088283
Lithobates catesbeianus,-75.008981,40.598945
Lithobates catesbeianus,-122.872311,48.647112
Lithobates catesbeianus,-87.867885,43.387478
Lithobates catesbeianus,-73.382592,41.149731
Lithobates catesbeianus,-74.176278,45.753665
Lithobates catesbeianus,-66.909576,45.997276
Lithobates catesbeianus,-88.114075,42.640846
Lithobates catesbeianus,-92.441567,42.539547
Lithobates catesbeianus,-74.128899,41.014065
Lithobates catesbeianus,-74.238342,41.123714
Lithobates catesbeianus,-104.309455,29.539213
Lithobates catesbeianus,-72.738136,41.353161
Lithobates catesbeianus,-76.542725,42.93205
Lithobates catesbeianus,-77.127967,45.827608
Lithobates catesbeianus,-79.769317,47.132753
Lithobates catesbeianus,-74.893322,41.109063
Lithobates catesbeianus,-120.501097,37.324894
Lithobates catesbeianus,-95.193092,39.050195
Lithobates catesbeianus,-73.575481,46.143884
Lithobates catesbeianus,-86.157915,37.16316
Lithobates catesbeianus,-64.830032,46.154801
Lithobates catesbeianus,-109.10718,31.727578
Lithobates catesbeianus,-75.117286,40.621553
Lithobates catesbeianus,-86.102967,40.469128
Lithobates catesbeianus,-75.43916,38.139523
Lithobates catesbeianus,-122.508172,38.375975
Lithobates catesbeianus,-118.986529,35.413209
Lithobates catesbeianus,-85.439189,38.63116
Lithobates catesbeianus,-74.634549,40.859716
Lithobates catesbeianus,-75.161042,38.247272
Lithobates catesbeianus,-86.158525,39.870936
Lithobates catesbeianus,-73.927197,43.429945
Lithobates catesbeianus,-96.760855,33.752728
Lithobates catesbeianus,-79.8257,45.034439
Lithobates catesbeianus,-82.759247,39.231787
Lithobates catesbeianus,-84.258539,46.667402
Lithobates catesbeianus,-74.679313,46.133964
Lithobates catesbeianus,-93.415703,37.245097
Lithobates catesbeianus,-96.682838,39.202202
Lithobates catesbeianus,-73.680108,43.553897
Lithobates catesbeianus,-96.519776,39.627503
Lithobates catesbeianus,-96.571841,42.696495
Lithobates catesbeianus,-95.4094,32.515694
Lithobates catesbeianus,-95.079614,37.834312
Lithobates catesbeianus,-81.331551,40.699123
Lithobates catesbeianus,-77.202642,38.362367
Lithobates catesbeianus,-85.443274,38.780072
Lithobates catesbeianus,-73.52619,45.50092
Lithobates catesbeianus,-109.488202,32.910273
Lithobates catesbeianus,-109.95865,34.151036
Lithobates catesbeianus,-118.604002,34.004739
Lithobates catesbeianus,-116.296438,48.40218
Lithobates catesbeianus,-83.938962,34.638463
Lithobates catesbeianus,-75.849712,45.147246
Lithobates catesbeianus,-75.332428,44.736438
Lithobates catesbeianus,-69.822062,44.386003
Lithobates catesbeianus,-77.699134,45.857866
Lithobates catesbeianus,-77.338638,39.768128
Lithobates catesbeianus,-71.051087,43.188873
Lithobates catesbeianus,-85.506577,38.762878
Lithobates catesbeianus,-78.654205,45.548213
Lithobates catesbeianus,-74.354538,40.682708
Lithobates catesbeianus,-75.20902,38.687152
Lithobates catesbeianus,-118.72766,34.043226
Lithobates catesbeianus,-74.830411,41.053548
Lithobates catesbeianus,-87.087425,41.536152
Lithobates catesbeianus,-77.662133,37.531138
Lithobates catesbeianus,-77.336488,44.64346
Lithobates catesbeianus,-83.829148,42.461119
Lithobates catesbeianus,-74.731728,45.06002
Lithobates catesbeianus,-72.789698,45.040794
Lithobates catesbeianus,-69.832667,43.782192
Lithobates catesbeianus,-74.984734,44.665642
Lithobates catesbeianus,-74.037621,42.235858
Lithobates catesbeianus,-91.807597,38.876117
Lithobates catesbeianus,-78.632716,40.037154
Lithobates catesbeianus,-77.596558,37.51384
Lithobates catesbeianus,-111.749479,40.147565
Lithobates catesbeianus,-122.104371,37.939567
Lithobates catesbeianus,-76.626973,39.282914
Lithobates catesbeianus,-64.400322,45.167305
Lithobates catesbeianus,-71.275164,42.391817
Lithobates catesbeianus,-88.484588,41.88807
Lithobates catesbeianus,-124.014647,49.221491
Lithobates catesbeianus,-79.175484,42.020656
Lithobates catesbeianus,-71.060295,42.609417
Lithobates catesbeianus,-96.566172,32.936937
Lithobates catesbeianus,-89.496375,46.251787
Lithobates catesbeianus,-116.320075,48.124895
Lithobates catesbeianus,-85.885244,39.725055
Lithobates catesbeianus,-78.616662,45.459663
Lithobates catesbeianus,-78.352605,35.533433
Lithobates catesbeianus,-94.18162,36.247527
Lithobates catesbeianus,-118.78416,34.15409
Lithobates catesbeianus,-71.189092,42.763131
Lithobates catesbeianus,-65.393544,44.578105
Lithobates catesbeianus,-79.751122,46.05972
Lithobates catesbeianus,-73.83816,44.041222
Lithobates catesbeianus,-121.143219,37.734762
Lithobates catesbeianus,-73.888237,45.513106
Lithobates catesbeianus,-88.430212,41.099659
Lithobates catesbeianus,-85.982591,39.66535
Lithobates catesbeianus,-73.172522,41.363195
Lithobates catesbeianus,-76.657294,43.379072
Lithobates catesbeianus,-95.106239,37.67818
Lithobates catesbeianus,-82.40103,40.371017
Lithobates catesbeianus,-74.15519,41.677689
Lithobates catesbeianus,-122.329904,47.787068
Lithobates catesbeianus,-76.018781,36.778328
Lithobates catesbeianus,-111.682113,40.220047
Lithobates catesbeianus,-83.480597,33.563133
Lithobates catesbeianus,-85.603805,37.39023
Lithobates catesbeianus,-122.063003,37.036633
Lithobates catesbeianus,-74.904882,40.009903
Lithobates catesbeianus,-94.039605,38.876158
Lithobates catesbeianus,-85.519745,38.652697
Lithobates catesbeianus,-71.442657,41.652981
Lithobates catesbeianus,-74.851057,40.630527
Lithobates catesbeianus,-79.733546,43.626473
Lithobates catesbeianus,-71.191003,41.748745
Lithobates catesbeianus,-73.878571,40.849143
Lithobates catesbeianus,-123.696463,48.861497
Lithobates catesbeianus,-94.99682,37.762106
Lithobates catesbeianus,-80.638824,35.460754
Lithobates catesbeianus,-65.256827,44.444834
Lithobates catesbeianus,-73.745316,41.050016
Lithobates catesbeianus,-73.798142,42.7919
Lithobates catesbeianus,-120.692388,39.412307
Lithobates catesbeianus,-80.097484,35.837954
Lithobates catesbeianus,-74.722267,46.073933
Lithobates catesbeianus,-94.65625,38.256523
Lithobates catesbeianus,-74.660575,40.323142
Lithobates catesbeianus,-105.934452,35.473224
Lithobates catesbeianus,-75.049758,46.68555
Lithobates catesbeianus,-94.288033,36.208599
Lithobates catesbeianus,-95.619481,29.671597
Lithobates catesbeianus,-76.159982,45.780232
Lithobates catesbeianus,-74.059972,46.46018
Lithobates catesbeianus,-105.125301,40.622892
Lithobates catesbeianus,-117.372103,33.997533
Lithobates catesbeianus,-66.047566,44.050057
Lithobates catesbeianus,-85.578933,38.60727
Lithobates catesbeianus,-95.540966,36.177834
Lithobates catesbeianus,-75.819358,46.014289
Lithobates catesbeianus,-93.717945,41.692728
Lithobates catesbeianus,-81.836496,30.268976
Lithobates catesbeianus,-73.563522,46.204853
Lithobates catesbeianus,-76.954545,41.141911
Lithobates catesbeianus,-123.258573,44.18507
Lithobates catesbeianus,-84.392049,45.275403
Lithobates catesbeianus,-80.511069,36.355883
Lithobates catesbeianus,-77.600753,45.896885
Lithobates catesbeianus,-87.975478,43.127567
Lithobates catesbeianus,-73.622208,44.56587
Lithobates catesbeianus,-69.664955,45.11
Lithobates catesbeianus,-81.918163,40.783429
Lithobates catesbeianus,-124.452825,42.990729
Lithobates catesbeianus,-75.386851,44.765867
Lithobates catesbeianus,-79.002985,37.926596
Lithobates catesbeianus,-83.741778,35.009358
Lithobates catesbeianus,-76.168887,46.186303
Lithobates catesbeianus,-95.22625,40.06913
Lithobates catesbeianus,-79.110825,35.823038
Lithobates catesbeianus,-85.40666,38.740657
Lithobates catesbeianus,-72.16188,45.655095
Lithobates catesbeianus,-89.112496,40.659905
Lithobates catesbeianus,-81.091794,34.016351
Lithobates catesbeianus,-75.426496,45.597582
Lithobates catesbeianus,-77.278519,44.754045
Lithobates catesbeianus,-78.529974,42.223767
Lithobates catesbeianus,-75.509731,42.006444
Lithobates catesbeianus,-121.746308,48.525467
Lithobates catesbeianus,-63.64368,44.786012
Lithobates catesbeianus,-74.525336,40.769303
Lithobates catesbeianus,-65.277528,44.312133
Lithobates catesbeianus,-81.926217,41.240188
Lithobates catesbeianus,-87.618385,32.691879
Lithobates catesbeianus,-79.508597,39.676515
Lithobates catesbeianus,-108.296311,33.308214
Lithobates catesbeianus,-110.149572,31.444891
Lithobates catesbeianus,-79.721885,47.286823
Lithobates catesbeianus,-120.462672,46.797975
Lithobates catesbeianus,-84.202443,32.233606
Lithobates catesbeianus,-77.62867,34.393445
Lithobates catesbeianus,-94.542044,37.033526
Lithobates catesbeianus,-122.874067,42.440457
Lithobates catesbeianus,-118.504107,34.102595
Lithobates catesbeianus,-96.301988,39.202528
Lithobates catesbeianus,-99.991567,37.908715
Lithobates catesbeianus,-86.275402,32.421549
Lithobates catesbeianus,-78.746643,46.346157
Lithobates catesbeianus,-107.25781,29.902526
Lithobates catesbeianus,-74.565821,46.181663
Lithobates catesbeianus,-79.972072,36.03436
Lithobates catesbeianus,-79.762402,36.178327
Lithobates catesbeianus,-122.892913,48.521137
Lithobates catesbeianus,-74.407175,45.557511
Lithobates catesbeianus,-70.534421,46.647713
Lithobates catesbeianus,-73.812427,45.922538
Lithobates catesbeianus,-75.140757,40.978841
Lithobates catesbeianus,-92.250437,38.847003
Lithobates catesbeianus,-104.089676,40.368966
Lithobates catesbeianus,-74.014589,43.39595
Lithobates catesbeianus,-78.656194,45.195437
Lithobates catesbeianus,-84.373315,33.93039
Lithobates catesbeianus,-85.341652,43.205933
Lithobates catesbeianus,-79.507164,35.197045
Lithobates catesbeianus,-111.888428,40.993917
Lithobates catesbeianus,-63.845082,44.690665
Lithobates catesbeianus,-97.494658,42.870963
Lithobates catesbeianus,-122.345933,47.504158
Lithobates catesbeianus,-79.973704,44.844171
Lithobates catesbeianus,-84.406816,39.519033
Lithobates catesbeianus,-73.785717,46.287843
Lithobates catesbeianus,-80.492037,45.581295
Lithobates catesbeianus,-90.956451,30.588499
Lithobates catesbeianus,-80.72805,46.162303
Lithobates catesbeianus,-78.698433,45.889133
Lithobates catesbeianus,-122.928242,49.154434
Lithobates catesbeianus,-87.470837,40.866779
Lithobates catesbeianus,-84.097655,34.062053
Lithobates catesbeianus,-76.215961,40.151911
Lithobates catesbeianus,-80.033523,47.178593
Lithobates catesbeianus,-71.759012,43.4618
Lithobates catesbeianus,-95.509362,30.17885
Lithobates catesbeianus,-82.359655,28.493692
Lithobates catesbeianus,-109.574878,38.603544
Lithobates catesbeianus,-74.266578,45.723708
Lithobates catesbeianus,-94.061831,29.673807
Lithobates catesbeianus,-88.28077,30.650672
Lithobates catesbeianus,-71.298705,41.753079
Lithobates catesbeianus,-73.858923,45.984931
Lithobates catesbeianus,-79.543553,37.62692
Lithobates catesbeianus,-71.588308,45.809112
Lithobates catesbeianus,-82.126289,36.196102
Lithobates catesbeianus,-90.232253,44.105612
Lithobates catesbeianus,-119.272537,46.606026
Lithobates catesbeianus,-77.743392,34.297947
Lithobates catesbeianus,-96.403712,34.771113
Lithobates catesbeianus,-81.310482,42.953501
Lithobates catesbeianus,-64.451861,44.996143
Lithobates catesbeianus,-72.882682,46.586018
Lithobates catesbeianus,-76.1121,44.777712
Lithobates catesbeianus,-121.267002,39.339087
Lithobates catesbeianus,-81.601787,36.320116
Lithobates catesbeianus,-119.093164,46.745575
Lithobates catesbeianus,-88.392456,43.23711
Lithobates catesbeianus,-122.003989,37.183142
Lithobates catesbeianus,-94.667881,39.277817
Lithobates catesbeianus,-82.342863,28.645363
Lithobates catesbeianus,-83.168377,40.001724
Lithobates catesbeianus,-72.711387,42.843648
Lithobates catesbeianus,-89.841465,35.250875
Lithobates catesbeianus,-80.140331,43.369635
Lithobates catesbeianus,-78.811455,45.195083
Lithobates catesbeianus,-76.353163,39.507775
Lithobates catesbeianus,-124.755412,49.97348
Lithobates catesbeianus,-75.437238,37.989575
Lithobates catesbeianus,-73.236633,42.427483
Lithobates catesbeianus,-123.941151,49.079718
Lithobates catesbeianus,-94.245606,36.452408
Lithobates catesbeianus,-81.977438,36.205372
Lithobates catesbeianus,-74.315772,41.022608
Lithobates catesbeianus,-123.256716,45.030883
Lithobates catesbeianus,-78.821625,35.4038
Lithobates catesbeianus,-90.311797,38.710138
Lithobates catesbeianus,-82.556322,40.699768
Lithobates catesbeianus,-79.527701,40.257935
Lithobates catesbeianus,-79.572463,46.956008
Lithobates catesbeianus,-73.443236,45.647796
Lithobates catesbeianus,-85.390585,42.409693
Lithobates catesbeianus,-94.186728,38.90656
Lithobates catesbeianus,-93.259103,35.222267
Lithobates catesbeianus,-71.791957,41.463613
Lithobates catesbeianus,-81.852968,41.155519
Lithobates catesbeianus,-71.74584,42.744224
Lithobates catesbeianus,-106.112666,35.573143
Lithobates catesbeianus,-93.177913,44.471353
Lithobates catesbeianus,-71.506464,43.066234
Lithobates catesbeianus,-79.205021,45.240946
Lithobates catesbeianus,-76.190481,45.597753
Lithobates catesbeianus,-95.322117,35.492109
Lithobates catesbeianus,-72.482492,45.426025
Lithobates catesbeianus,-73.247571,41.142134
Lithobates catesbeianus,-83.73159,32.890182
Lithobates catesbeianus,-79.554459,39.810587
Lithobates catesbeianus,-111.908279,40.554111
Lithobates catesbeianus,-72.076618,46.792776
Lithobates catesbeianus,-76.288925,45.432577
Lithobates catesbeianus,-88.715271,42.743216
Lithobates catesbeianus,-75.558473,45.645195
Lithobates catesbeianus,-81.386802,31.142433
Lithobates catesbeianus,-92.650133,44.08424
Lithobates catesbeianus,-124.868609,49.259225
Lithobates catesbeianus,-84.775217,39.442305
Lithobates catesbeianus,-157.899804,21.60351
Lithobates catesbeianus,-74.195425,46.122455
Lithobates catesbeianus,-66.8302,45.130547
Lithobates catesbeianus,-110.989433,32.204333
Lithobates catesbeianus,-74.96235,46.566289
Lithobates catesbeianus,-83.186454,35.307783
Lithobates catesbeianus,-71.203395,43.857538
Lithobates catesbeianus,-77.2423,45.32433
Lithobates catesbeianus,-65.082848,45.587621
Lithobates catesbeianus,-96.589036,40.746982
Lithobates catesbeianus,-79.638095,44.741401
Lithobates catesbeianus,-80.388772,42.583072
Lithobates catesbeianus,-78.360403,45.591915
Lithobates catesbeianus,-96.295837,41.011039
Lithobates catesbeianus,-81.60125,40.772717
Lithobates catesbeianus,-74.46938,45.04053
Lithobates catesbeianus,-88.717138,40.935517
Lithobates catesbeianus,-76.906833,44.795228
Lithobates catesbeianus,-72.520044,45.324269
Lithobates catesbeianus,-71.014633,42.188817
Lithobates catesbeianus,-77.356133,38.712128
Lithobates catesbeianus,-71.801231,43.338882
Lithobates catesbeianus,-76.848385,44.924558
Lithobates catesbeianus,-95.66053,29.636637
Lithobates catesbeianus,-71.270852,42.449527
Lithobates catesbeianus,-122.015708,47.336941
Lithobates catesbeianus,-93.10729,44.844558
Lithobates catesbeianus,-117.518181,47.521545
Lithobates catesbeianus,-76.020675,44.518717
Lithobates catesbeianus,-75.072904,41.00351
Lithobates catesbeianus,-81.430558,41.121344
Lithobates catesbeianus,-68.660259,44.902696
Lithobates catesbeianus,-79.089258,33.523982
Lithobates catesbeianus,-105.111283,40.371637
Lithobates catesbeianus,-79.957895,37.363297
Lithobates catesbeianus,-83.123827,42.946139
Lithobates catesbeianus,-83.303182,40.69725
Lithobates catesbeianus,-88.015954,43.206664
Lithobates catesbeianus,-122.532308,47.638646
Lithobates catesbeianus,-73.13575,40.737455
Lithobates catesbeianus,-97.822737,30.047407
Lithobates catesbeianus,-122.748162,45.897918
Lithobates catesbeianus,-116.234892,43.632998
Lithobates catesbeianus,-73.869907,41.161109
Lithobates catesbeianus,-68.727479,44.821382
Lithobates catesbeianus,-74.16499,45.70679
Lithobates catesbeianus,-86.098351,37.15116
Lithobates catesbeianus,-92.841659,45.119652
Lithobates catesbeianus,-91.831428,36.417203
Lithobates catesbeianus,-94.470718,45.585169
Lithobates catesbeianus,-74.058364,46.224378
Lithobates catesbeianus,-79.933617,45.340683
Lithobates catesbeianus,-73.825909,44.096064
Lithobates catesbeianus,-73.79445,45.627988
Lithobates catesbeianus,-68.269605,44.334089
Lithobates catesbeianus,-88.277747,42.016317
Lithobates catesbeianus,-71.039466,42.233787
Lithobates catesbeianus,-122.396473,45.513328
Lithobates catesbeianus,-76.1235,43.098808
Lithobates catesbeianus,-75.111853,40.034435
Lithobates catesbeianus,-63.557693,44.756459
Lithobates catesbeianus,-89.219392,43.103642
Lithobates catesbeianus,-122.148978,48.184291
Lithobates catesbeianus,-122.238961,37.405249
Lithobates catesbeianus,-86.74253,41.790488
Lithobates catesbeianus,-63.733239,44.647658
Lithobates catesbeianus,-68.200078,46.035467
Lithobates catesbeianus,-122.692192,42.196286
Lithobates catesbeianus,-63.697381,44.689881
Lithobates catesbeianus,-112.027198,34.383427
Lithobates catesbeianus,-73.245324,41.792495
Lithobates catesbeianus,-77.616174,43.130348
Lithobates catesbeianus,-121.365637,38.794061
Lithobates catesbeianus,-90.17672,41.59755
Lithobates catesbeianus,-119.578558,36.282523
Lithobates catesbeianus,-105.214339,40.009447
Lithobates catesbeianus,-80.014764,45.145272
Lithobates catesbeianus,-75.657097,39.736753
Lithobates catesbeianus,-71.500747,42.748887
Lithobates catesbeianus,-121.932306,38.412575
Lithobates catesbeianus,-79.399497,45.7025
Lithobates catesbeianus,-72.604029,43.122507
Lithobates catesbeianus,-93.391811,37.384978
Lithobates catesbeianus,-85.634021,34.398744
Lithobates catesbeianus,-79.497129,44.728568
Lithobates catesbeianus,-77.49645,44.481958
Lithobates catesbeianus,-73.753282,45.395824
Lithobates catesbeianus,-70.630767,42.692433
Lithobates catesbeianus,-78.597603,46.060081
Lithobates catesbeianus,-121.493971,38.369893
Lithobates catesbeianus,-95.370803,29.781086
Lithobates catesbeianus,-103.428933,42.655238
Lithobates catesbeianus,-116.7176,43.595479
Lithobates catesbeianus,-103.313387,36.586658
Lithobates catesbeianus,-79.353867,45.374305
Lithobates catesbeianus,-79.55275,42.963817
Lithobates catesbeianus,-78.687781,36.827751
Lithobates catesbeianus,-97.385997,32.984319
Lithobates catesbeianus,-121.546317,37.203889
Lithobates catesbeianus,-80.393738,42.77712
Lithobates catesbeianus,-64.205204,45.799085
Lithobates catesbeianus,-72.34713,42.049656
Lithobates catesbeianus,-119.30977,37.125964
Lithobates catesbeianus,-105.040704,40.388861
Lithobates catesbeianus,-74.731949,44.612363
Lithobates catesbeianus,-78.726064,45.527267
Lithobates catesbeianus,-74.912672,42.675131
Lithobates catesbeianus,-75.219467,40.052036
Lithobates catesbeianus,-80.0111,45.268516
Lithobates catesbeianus,-88.32383,42.156258
Lithobates catesbeianus,-78.419647,41.203554
Lithobates catesbeianus,-76.263404,44.805935
Lithobates catesbeianus,-97.600471,41.107368
Lithobates catesbeianus,-121.135285,38.772111
Lithobates catesbeianus,-117.104805,32.90068
Lithobates catesbeianus,-74.637978,42.533005
Lithobates catesbeianus,-96.805379,28.304726
Lithobates catesbeianus,-74.123002,40.585685
Lithobates catesbeianus,-90.191646,44.183624
Lithobates catesbeianus,-95.815068,29.898028
Lithobates catesbeianus,-84.142956,43.544376
Lithobates catesbeianus,-81.778702,41.703888
Lithobates catesbeianus,-93.583534,41.541954
Lithobates catesbeianus,-79.015603,38.22282
Lithobates catesbeianus,-120.692268,39.281807
Lithobates catesbeianus,-79.223301,43.237826
Lithobates catesbeianus,-75.749802,38.041455
Lithobates catesbeianus,-84.813939,33.962361
Lithobates catesbeianus,-83.577082,32.484385
Lithobates catesbeianus,-73.591012,41.065778
Lithobates catesbeianus,-72.525305,42.858535
Lithobates catesbeianus,-103.753418,30.479709
Lithobates catesbeianus,-77.480225,41.415042
Lithobates catesbeianus,-75.619063,39.323412
Lithobates catesbeianus,-78.184132,44.780786
Lithobates catesbeianus,-74.077721,40.139029
Lithobates catesbeianus,-76.976494,45.409892
Lithobates catesbeianus,-80.571005,42.638917
Lithobates catesbeianus,-117.323825,33.441305
Lithobates catesbeianus,-78.450958,44.842625
Lithobates catesbeianus,-83.277562,32.983464
Lithobates catesbeianus,-76.116737,45.164748
Lithobates catesbeianus,-76.943556,44.175194
Lithobates catesbeianus,-94.638908,38.831487
Lithobates catesbeianus,-93.379067,32.44015
Lithobates catesbeianus,-89.749512,40.73897
Lithobates catesbeianus,-77.110024,35.598313
Lithobates catesbeianus,-71.627736,42.957316
Lithobates catesbeianus,-75.070878,45.647462
Lithobates catesbeianus,-76.610098,39.454462
Lithobates catesbeianus,-81.64091,28.559928
Lithobates catesbeianus,-81.414199,41.236664
Lithobates catesbeianus,-79.706477,45.631014
Lithobates catesbeianus,-74.510675,45.72873
Lithobates catesbeianus,-89.55095,43.043036
Lithobates catesbeianus,-71.904751,42.698377
Lithobates catesbeianus,-80.345431,45.334469
Lithobates catesbeianus,-108.59313,39.000148
Lithobates catesbeianus,-80.930974,43.153959
Lithobates catesbeianus,-118.121313,34.120534
Lithobates catesbeianus,-73.241037,42.349092
Lithobates catesbeianus,-74.390473,40.947676
Lithobates catesbeianus,-73.728281,45.444982
Lithobates catesbeianus,-122.80644,39.017621
Lithobates catesbeianus,-103.396994,36.775813
Lithobates catesbeianus,-74.635259,44.602176
Lithobates catesbeianus,-73.362621,44.846098
Lithobates catesbeianus,-121.692077,37.178789
Lithobates catesbeianus,-123.29915,44.123192
Lithobates catesbeianus,-120.891503,38.528245
Lithobates catesbeianus,-80.551896,37.42914
Lithobates catesbeianus,-93.771592,41.616013
Lithobates catesbeianus,-123.327315,42.202124
Lithobates catesbeianus,-83.736534,42.483761
Lithobates catesbeianus,-78.513663,45.428867
Lithobates catesbeianus,-72.8391,46.761656
Lithobates catesbeianus,-85.351616,41.71162
Lithobates catesbeianus,-124.403183,49.955508
Lithobates catesbeianus,-75.676844,45.657467
Lithobates catesbeianus,-93.639045,42.009619
Lithobates catesbeianus,-120.765305,38.788953
Lithobates catesbeianus,-79.816162,39.522128
Lithobates catesbeianus,-121.683475,38.122177
Lithobates catesbeianus,-71.568061,42.389842
Lithobates catesbeianus,-76.492721,45.253596
Lithobates catesbeianus,-74.618239,44.693504
Lithobates catesbeianus,-70.897482,42.593104
Lithobates catesbeianus,-116.755611,31.986246
Lithobates catesbeianus,-93.221445,36.857762
Lithobates catesbeianus,-83.211234,33.834835
Lithobates catesbeianus,-122.805875,45.098725
Lithobates catesbeianus,-73.517237,40.664805
Lithobates catesbeianus,-77.767142,45.855856
Lithobates catesbeianus,-73.886292,45.403187
Lithobates catesbeianus,-111.845108,40.874645
Lithobates catesbeianus,-89.393365,43.039555
Lithobates catesbeianus,-81.403008,46.015492
Lithobates catesbeianus,-88.181499,41.897972
Lithobates catesbeianus,-94.348174,35.367052
Lithobates catesbeianus,-84.451378,39.584163
Lithobates catesbeianus,-67.745006,45.420195
Lithobates catesbeianus,-73.245513,46.626628
Lithobates catesbeianus,-90.713333,42.474878
Lithobates catesbeianus,-79.699769,44.630853
Lithobates catesbeianus,-83.565033,35.467297
Lithobates catesbeianus,-79.904275,44.934156
Lithobates catesbeianus,-91.042494,30.509255
Lithobates catesbeianus,-74.005715,42.371879
Lithobates catesbeianus,-105.041193,39.53579
Lithobates catesbeianus,-85.117247,34.240138
Lithobates catesbeianus,-95.831724,36.776366
Lithobates catesbeianus,-83.728826,41.618374
Lithobates catesbeianus,-64.668122,45.14181
Lithobates catesbeianus,-71.518072,43.350444
Lithobates catesbeianus,-85.064453,39.163567
Lithobates catesbeianus,-78.848602,43.131814
Lithobates catesbeianus,-77.323269,39.360565
Lithobates catesbeianus,-84.767843,33.457536
Lithobates catesbeianus,-73.046905,40.810242
Lithobates catesbeianus,-70.028672,41.974788
Lithobates catesbeianus,-78.814882,43.018311
Lithobates catesbeianus,-74.248424,40.25993
Lithobates catesbeianus,-76.207424,39.914801
Lithobates catesbeianus,-76.597,42.49879
Lithobates catesbeianus,-76.46969,45.524645
Lithobates catesbeianus,-85.280183,35.236776
Lithobates catesbeianus,-92.232605,39.124428
Lithobates catesbeianus,-80.943519,44.789008
Lithobates catesbeianus,-119.735605,36.725807
Lithobates catesbeianus,-86.639253,39.109889
Lithobates catesbeianus,-71.480979,43.292719
Lithobates catesbeianus,-97.862817,30.52232
Lithobates catesbeianus,-91.64813,41.216628
Lithobates catesbeianus,-82.971727,40.185493
Lithobates catesbeianus,-85.536077,40.878149
Lithobates catesbeianus,-74.745003,42.037606
Lithobates catesbeianus,-80.709368,46.434529
Lithobates catesbeianus,-120.442842,36.83035
Lithobates catesbeianus,-73.275488,40.700213
Lithobates catesbeianus,-80.153472,40.98372
Lithobates catesbeianus,-74.024636,42.889592
Lithobates catesbeianus,-77.402439,39.08242
Lithobates catesbeianus,-63.507935,44.71234
Lithobates catesbeianus,-73.471375,41.23967
Lithobates catesbeianus,-121.040564,37.64144
Lithobates catesbeianus,-66.727839,45.859902
Lithobates catesbeianus,-75.862953,45.28177
Lithobates catesbeianus,-78.904267,45.591667
Lithobates catesbeianus,-122.92877,45.385664
Lithobates catesbeianus,-73.676261,43.843703
Lithobates catesbeianus,-95.563447,35.362275
Lithobates catesbeianus,-74.239145,41.303167
Lithobates catesbeianus,-78.944854,44.107897
Lithobates catesbeianus,-82.857453,34.987945
Lithobates catesbeianus,-71.287522,41.708912
Lithobates catesbeianus,-124.364331,49.35034
Lithobates catesbeianus,-72.219368,42.677357
Lithobates catesbeianus,-83.838243,40.765154
Lithobates catesbeianus,-78.668083,36.70348
Lithobates catesbeianus,-82.43772,29.10269
Lithobates catesbeianus,-89.554539,39.754666
Lithobates catesbeianus,-71.716675,41.83062
Lithobates catesbeianus,-68.578049,46.080769
Lithobates catesbeianus,-72.349367,40.992608
Lithobates catesbeianus,-74.111222,46.295545
Lithobates catesbeianus,-87.996513,43.405108
Lithobates catesbeianus,-78.695735,43.010626
Lithobates catesbeianus,-71.498588,43.660308
Lithobates catesbeianus,-81.229231,34.178202
Lithobates catesbeianus,-74.43746,40.447808
Lithobates catesbeianus,-77.038353,39.058864
Lithobates catesbeianus,-77.804026,44.387688
Lithobates catesbeianus,-116.70658,43.420078
Lithobates catesbeianus,-75.220525,38.563766
Lithobates catesbeianus,-75.463342,45.479728
Lithobates catesbeianus,-123.06038,43.700815
Lithobates catesbeianus,-71.444031,43.370514
Lithobates catesbeianus,-105.169512,40.310122
Lithobates catesbeianus,-87.802383,43.470567
Lithobates catesbeianus,-92.325883,35.318383
Lithobates catesbeianus,-83.220309,30.871674
Lithobates catesbeianus,-84.46785,39.526628
Lithobates catesbeianus,-78.921254,39.659651
Lithobates catesbeianus,-116.538513,48.23383
Lithobates catesbeianus,-104.945617,39.9477
Lithobates catesbeianus,-74.361244,44.313008
Lithobates catesbeianus,-78.292819,44.680974
Lithobates catesbeianus,-76.481885,37.541735
Lithobates catesbeianus,-122.294533,47.654735
Lithobates catesbeianus,-78.142814,45.127572
Lithobates catesbeianus,-75.710309,45.745822
Lithobates catesbeianus,-74.871251,46.35023
Lithobates catesbeianus,-157.813742,21.29944
Lithobates catesbeianus,-85.701534,39.030972
Lithobates catesbeianus,-97.295839,31.47189
Lithobates catesbeianus,-73.887453,41.895815
Lithobates catesbeianus,-83.06074,36.044303
Lithobates catesbeianus,-79.871583,44.845855
Lithobates catesbeianus,-94.794472,31.504881
Lithobates catesbeianus,-75.993605,45.348903
Lithobates catesbeianus,-111.138366,32.393234
Lithobates catesbeianus,-122.086517,47.676087
Lithobates catesbeianus,-72.382395,41.79805
Lithobates catesbeianus,-70.63423,41.571895
Lithobates catesbeianus,-116.871042,48.411146
Lithobates catesbeianus,-88.902895,30.396574
Lithobates catesbeianus,-72.78566,43.432446
Lithobates catesbeianus,-73.304497,42.363309
Lithobates catesbeianus,-81.32283,41.652008
Lithobates catesbeianus,-74.57413,45.779225
Lithobates catesbeianus,-65.042191,45.624366
Lithobates catesbeianus,-120.067772,38.94202
Lithobates catesbeianus,-79.61077,44.680336
Lithobates catesbeianus,-66.005767,45.304903
Lithobates catesbeianus,-70.266128,43.82082
Lithobates catesbeianus,-64.748537,46.020625
Lithobates catesbeianus,-70.001,41.93178
Lithobates catesbeianus,-75.808707,45.252712
Lithobates catesbeianus,-78.657483,40.45148
Lithobates catesbeianus,-89.60374,39.694025
Lithobates catesbeianus,-71.335153,46.789319
Lithobates catesbeianus,-124.448761,49.328688
Lithobates catesbeianus,-79.800352,47.05691
Lithobates catesbeianus,-75.859537,44.45165
Lithobates catesbeianus,-78.720047,44.762255
Lithobates catesbeianus,-122.604133,40.5937
Lithobates catesbeianus,-87.540795,33.245347
Lithobates catesbeianus,-123.80836,39.36525
Lithobates catesbeianus,-73.478172,40.85695
Lithobates catesbeianus,-87.836997,39.005139
Lithobates catesbeianus,-79.535172,45.000946
Lithobates catesbeianus,-84.005128,34.064239
Lithobates catesbeianus,-81.191797,44.733628
Lithobates catesbeianus,-105.024951,40.572577
Lithobates catesbeianus,-73.165639,41.528838
Lithobates catesbeianus,-64.41227,44.748202
Lithobates catesbeianus,-81.80887,34.972397
Lithobates catesbeianus,-111.696067,40.012792
Lithobates catesbeianus,-79.110708,40.497036
Lithobates catesbeianus,-77.869812,45.083127
Lithobates catesbeianus,-79.165656,40.183202
Lithobates catesbeianus,-90.197205,38.459522
Lithobates catesbeianus,-96.012631,35.99703
Lithobates catesbeianus,-80.003051,45.378707
Lithobates catesbeianus,-69.22433,45.300356
Lithobates catesbeianus,-78.933913,36.004016
Lithobates catesbeianus,-74.91845,41.167367
Lithobates catesbeianus,-78.39605,45.476758
Lithobates catesbeianus,-81.501637,32.093865
Lithobates catesbeianus,-109.060019,31.814213
Lithobates catesbeianus,-72.111647,43.5582
Lithobates catesbeianus,-84.411287,39.643803
Lithobates catesbeianus,-89.459079,31.0112
Lithobates catesbeianus,-121.939016,37.742221
Lithobates catesbeianus,-74.319892,40.326896
Lithobates catesbeianus,-76.784631,43.949599
Lithobates catesbeianus,-122.345887,48.281047
Lithobates catesbeianus,-70.017934,44.466622
Lithobates catesbeianus,-91.652175,41.717667
Lithobates catesbeianus,-80.922172,46.467513
Lithobates catesbeianus,-78.89877,45.71753
Lithobates catesbeianus,-76.415612,44.536033
Lithobates catesbeianus,-95.51831,39.668215
Lithobates catesbeianus,-83.9525,42.516866
Lithobates catesbeianus,-94.621437,39.231262
Lithobates catesbeianus,-122.930042,47.066843
Lithobates catesbeianus,-87.543074,40.927747
Lithobates catesbeianus,-88.248794,41.639541
Lithobates catesbeianus,-72.864815,41.523766
Lithobates catesbeianus,-73.623472,43.283675
Lithobates catesbeianus,-74.373041,40.289815
Lithobates catesbeianus,-105.335808,40.154802
Lithobates catesbeianus,-79.84407,44.727588
Lithobates catesbeianus,-74.968639,39.342522
Lithobates catesbeianus,-78.663445,45.820913
Lithobates catesbeianus,-122.992457,41.323319
Lithobates catesbeianus,-83.18901,41.627039
Lithobates catesbeianus,-78.665625,35.88015
Lithobates catesbeianus,-87.90359,43.097208
Lithobates catesbeianus,-88.031618,42.926748
Lithobates catesbeianus,-76.757327,35.849011
Lithobates catesbeianus,-74.099117,42.084742
Lithobates catesbeianus,-76.474911,44.681075
Lithobates catesbeianus,-77.319339,44.382168
Lithobates catesbeianus,-73.489585,45.714533
Lithobates catesbeianus,-95.941927,39.085265
Lithobates catesbeianus,-82.55231,28.617387
Lithobates catesbeianus,-122.289035,48.20142
Lithobates catesbeianus,-75.623987,40.653812
Lithobates catesbeianus,-70.196417,42.067201
Lithobates catesbeianus,-71.312875,43.626655
Lithobates catesbeianus,-69.765703,44.299729
Lithobates catesbeianus,-75.293363,40.78212
Lithobates catesbeianus,-75.325421,38.58885
Lithobates catesbeianus,-80.030601,40.619943
Lithobates catesbeianus,-81.449017,30.674976
Lithobates catesbeianus,-73.192828,40.716057
Lithobates catesbeianus,-76.074112,45.386878
Lithobates catesbeianus,-73.786881,45.858238
Lithobates catesbeianus,-88.918018,37.357264
Lithobates catesbeianus,-79.18994,44.843629
Lithobates catesbeianus,-100.117063,37.182862
Lithobates catesbeianus,-83.922313,34.473502
Lithobates catesbeianus,-84.059831,43.461293
Lithobates catesbeianus,-68.516186,44.873693
Lithobates catesbeianus,-75.900709,45.424188
Lithobates catesbeianus,-73.267795,46.373239
Lithobates catesbeianus,-89.319411,43.053802
Lithobates catesbeianus,-123.48008,48.548667
Lithobates catesbeianus,-120.761392,38.026414
Lithobates catesbeianus,-82.332343,28.084583
Lithobates catesbeianus,-72.998379,44.788251
Lithobates catesbeianus,-68.559315,44.935144
Lithobates catesbeianus,-85.515185,41.199628
Lithobates catesbeianus,-75.152755,38.365842
Lithobates catesbeianus,-105.117108,39.775357
Lithobates catesbeianus,-75.467012,40.037911
Lithobates catesbeianus,-81.611375,36.672192
Lithobates catesbeianus,-88.308936,41.918672
Lithobates catesbeianus,-76.952275,42.163761
Lithobates catesbeianus,-74.234337,40.415192
Lithobates catesbeianus,-77.92212,39.077656
Lithobates catesbeianus,-72.649727,43.166864
Lithobates catesbeianus,-72.610305,42.841759
Lithobates catesbeianus,-81.433295,41.320614
Lithobates catesbeianus,-72.92222,46.224625
Lithobates catesbeianus,-71.514572,43.399803
Lithobates catesbeianus,-79.425186,46.043494
Lithobates catesbeianus,-104.252143,36.913241
Lithobates catesbeianus,-79.230142,40.478139
Lithobates catesbeianus,-85.228586,41.164444
Lithobates catesbeianus,-73.463959,41.091038
Lithobates catesbeianus,-121.250989,38.76052
Lithobates catesbeianus,-89.826883,40.01292
Lithobates catesbeianus,-83.200741,41.998633
Lithobates catesbeianus,-76.225115,45.482191
Lithobates catesbeianus,-84.542097,33.450797
Lithobates catesbeianus,-88.188084,42.352863
Lithobates catesbeianus,-82.048956,41.391015
Lithobates catesbeianus,-90.770397,38.387613
Lithobates catesbeianus,-81.042443,34.037554
Lithobates catesbeianus,-95.513823,29.618164
Lithobates catesbeianus,-122.920235,46.984322
Lithobates catesbeianus,-75.269882,44.609028
Lithobates catesbeianus,-79.303321,44.766764
Lithobates catesbeianus,-80.610785,46.069084
Lithobates catesbeianus,-78.947058,45.760861
Lithobates catesbeianus,-81.317075,46.126492
Lithobates catesbeianus,-122.672997,38.342953
Lithobates catesbeianus,-70.683738,44.1846
Lithobates catesbeianus,-75.367106,39.90963
Lithobates catesbeianus,-78.232085,45.188181
Lithobates catesbeianus,-68.189291,44.275129
Lithobates catesbeianus,-74.717155,40.23612
Lithobates catesbeianus,-124.554389,49.742446
Lithobates catesbeianus,-79.05594,40.064576
Lithobates catesbeianus,-78.034563,42.58823
Lithobates catesbeianus,-85.575649,42.179661
Lithobates catesbeianus,-77.853538,36.10642
Lithobates catesbeianus,-79.820825,44.872842
Lithobates catesbeianus,-71.593293,43.276196
Lithobates catesbeianus,-104.997345,39.890095
Lithobates catesbeianus,-71.962605,43.962279
Lithobates catesbeianus,-88.120451,43.027834
Lithobates catesbeianus,-93.894086,41.979667
Lithobates catesbeianus,-78.878378,35.05227
Lithobates catesbeianus,-78.972693,46.30095
Lithobates catesbeianus,-106.334343,29.244354
Lithobates catesbeianus,-70.877405,42.742904
Lithobates catesbeianus,-81.187934,39.630636
Lithobates catesbeianus,-84.643801,39.200021
Lithobates catesbeianus,-90.414074,38.583402
Lithobates catesbeianus,-81.636697,47.017303
Lithobates catesbeianus,-83.003182,39.947766
Lithobates catesbeianus,-92.878143,37.874726
Lithobates catesbeianus,-116.396447,43.693175
Lithobates catesbeianus,-119.85446,37.878963
Lithobates catesbeianus,-88.98611,42.354043
Lithobates catesbeianus,-94.913773,39.35931
Lithobates catesbeianus,-75.703278,45.272083
Lithobates catesbeianus,-72.744626,42.993631
Lithobates catesbeianus,-71.275475,41.589742
Lithobates catesbeianus,-79.215837,45.391138
Lithobates catesbeianus,-68.890412,45.826578
Lithobates catesbeianus,-78.895287,46.300747
Lithobates catesbeianus,-72.729828,44.382842
Lithobates catesbeianus,-74.470444,46.448339
Lithobates catesbeianus,-113.697491,37.039356
Lithobates catesbeianus,-72.523836,42.226495
Lithobates catesbeianus,-86.92182,31.066159
Lithobates catesbeianus,-84.418679,42.167729
Lithobates catesbeianus,-123.795028,39.490095
Lithobates catesbeianus,-79.457025,45.193488
Lithobates catesbeianus,-78.973277,45.322569
Lithobates catesbeianus,-85.910094,33.999569
Lithobates catesbeianus,-122.656655,49.017697
Lithobates catesbeianus,-70.687067,43.91381
Lithobates catesbeianus,-71.43253,43.220721
Lithobates catesbeianus,-100.131044,37.242847
Lithobates catesbeianus,-96.673553,33.821562
Lithobates catesbeianus,-79.858833,40.319626
Lithobates catesbeianus,-84.072983,39.370731
Lithobates catesbeianus,-108.797091,39.169516
Lithobates catesbeianus,-78.309762,45.546837
Lithobates catesbeianus,-69.451645,44.018642
Lithobates catesbeianus,-84.551505,44.249187
Lithobates catesbeianus,-89.246223,43.201492
Lithobates catesbeianus,-84.24045,37.553753
Lithobates catesbeianus,-79.1016,40.613597
Lithobates catesbeianus,-78.743382,43.167472
Lithobates catesbeianus,-71.096022,42.445991
Lithobates catesbeianus,-93.618717,35.174916
Lithobates catesbeianus,-110.13358,31.542533
Lithobates catesbeianus,-78.634968,35.536052
Lithobates catesbeianus,-72.448271,42.551179
Lithobates catesbeianus,-95.625985,41.229278
Lithobates catesbeianus,-75.765695,39.549028
Lithobates catesbeianus,-73.631837,42.55066
Lithobates catesbeianus,-93.611695,36.571562
Lithobates catesbeianus,-79.228729,43.122662
Lithobates catesbeianus,-78.923767,45.372989
Lithobates catesbeianus,-74.382645,40.773534
Lithobates catesbeianus,-88.609985,32.489302
Lithobates catesbeianus,-73.047231,42.644089
Lithobates catesbeianus,-78.027064,33.930975
Lithobates catesbeianus,-122.817161,46.294853
Lithobates catesbeianus,-70.777975,42.578242
Lithobates catesbeianus,-76.350483,37.799612
Lithobates catesbeianus,-86.827972,36.255505
Lithobates catesbeianus,-95.767329,30.052206
Lithobates catesbeianus,-69.048158,45.892956
Lithobates catesbeianus,-76.615988,37.29897
Lithobates catesbeianus,-88.028618,42.359905
Lithobates catesbeianus,-70.204712,45.011897
Lithobates catesbeianus,-78.832603,45.689819
Lithobates catesbeianus,-122.248186,37.826178
Lithobates catesbeianus,-78.589774,45.708246
Lithobates catesbeianus,-78.227095,44.643598
Lithobates catesbeianus,-82.144794,33.551505
Lithobates catesbeianus,-67.190393,44.922837
Lithobates catesbeianus,-81.425682,33.537551
Lithobates catesbeianus,-75.256837,40.51616
Lithobates catesbeianus,-79.78878,44.687484
Lithobates catesbeianus,-120.529205,38.733167
Lithobates catesbeianus,-78.007569,36.147647
Lithobates catesbeianus,-86.173587,41.75409
Lithobates catesbeianus,-76.483278,45.322014
Lithobates catesbeianus,-121.191765,38.663954
Lithobates catesbeianus,-159.550685,22.224394
Lithobates catesbeianus,-112.30326,40.624897
Lithobates catesbeianus,-96.741212,33.000294
Lithobates catesbeianus,-121.498945,36.819288
Lithobates catesbeianus,-101.76137,39.188485
Lithobates catesbeianus,-76.481257,37.446333
Lithobates catesbeianus,-79.092439,35.870617
Lithobates catesbeianus,-76.406565,44.434846
Lithobates catesbeianus,-94.327229,35.562804
Lithobates catesbeianus,-72.46981,42.831982
Lithobates catesbeianus,-122.845987,45.355471
Lithobates catesbeianus,-74.31361,39.923648
Lithobates catesbeianus,-74.509728,46.505108
Lithobates catesbeianus,-83.25519,40.008966
Lithobates catesbeianus,-73.889185,42.611667
Lithobates catesbeianus,-97.579912,32.99338
Lithobates catesbeianus,-120.653101,39.651063
Lithobates catesbeianus,-97.329936,30.684647
Lithobates catesbeianus,-82.338447,41.288044
Lithobates catesbeianus,-75.621149,45.491687
Lithobates catesbeianus,-71.058913,42.926971
Lithobates catesbeianus,-97.278962,41.924538
Lithobates catesbeianus,-75.076928,44.375144
Lithobates catesbeianus,-88.189119,43.437678
Lithobates catesbeianus,-79.514472,45.67685
Lithobates catesbeianus,-99.720422,32.447281
Lithobates catesbeianus,-72.676697,42.534797
Lithobates catesbeianus,-78.337351,44.418477
Lithobates catesbeianus,-86.757081,36.339172
Lithobates catesbeianus,-75.876933,37.524894
Lithobates catesbeianus,-82.986962,40.237039
Lithobates catesbeianus,-72.735528,44.471428
Lithobates catesbeianus,-122.381462,49.246322
Lithobates catesbeianus,-68.725163,44.899502
Lithobates catesbeianus,-83.935058,35.611783
Lithobates catesbeianus,-79.160572,43.149892
Lithobates catesbeianus,-81.778642,41.295792
Lithobates catesbeianus,-75.697358,45.369203
Lithobates catesbeianus,-93.125153,42.33899
Lithobates catesbeianus,-74.788257,39.628041
Lithobates catesbeianus,-97.266547,33.096453
Lithobates catesbeianus,-74.957163,45.653979
Lithobates catesbeianus,-96.173636,41.328115
Lithobates catesbeianus,-81.519495,45.235195
Lithobates catesbeianus,-121.614885,38.519922
Lithobates catesbeianus,-72.245645,45.620772
Lithobates catesbeianus,-71.52623,45.68623
Lithobates catesbeianus,-96.089639,32.004761
Lithobates catesbeianus,-78.844587,37.991925
Lithobates catesbeianus,-73.180301,41.211537
Lithobates catesbeianus,-121.824891,42.269293
Lithobates catesbeianus,-77.140939,44.83668
Lithobates catesbeianus,-73.82156,45.513286
Lithobates catesbeianus,-83.669023,35.034113
Lithobates catesbeianus,-74.352028,45.791296
Lithobates catesbeianus,-88.402051,41.911527
Lithobates catesbeianus,-68.266513,44.493206
Lithobates catesbeianus,-73.822728,41.885355
Lithobates catesbeianus,-72.791695,41.734887
Lithobates catesbeianus,-94.777043,32.365228
Lithobates catesbeianus,-88.571097,42.744852
Lithobates catesbeianus,-70.818542,44.312028
Lithobates catesbeianus,-157.806335,21.350229
Lithobates catesbeianus,-78.152939,45.652492
Lithobates catesbeianus,-67.120576,45.204046
Lithobates catesbeianus,-76.814204,38.001979
Lithobates catesbeianus,-71.500103,41.438862
Lithobates catesbeianus,-80.888593,41.66048
Lithobates catesbeianus,-97.458115,37.7449
Lithobates catesbeianus,-80.130325,43.49013
Lithobates catesbeianus,-75.83735,39.709569
Lithobates catesbeianus,-105.145615,39.583304
Lithobates catesbeianus,-83.923457,34.766332
Lithobates catesbeianus,-88.372825,39.482991
Lithobates catesbeianus,-73.846282,41.0418
Lithobates catesbeianus,-77.401279,39.17175
Lithobates catesbeianus,-73.775947,43.556083
Lithobates catesbeianus,-104.978686,40.164545
Lithobates catesbeianus,-90.56384,38.641705
Lithobates catesbeianus,-74.185861,41.540306
Lithobates catesbeianus,-75.479788,46.160145
Lithobates catesbeianus,-82.791499,36.712824
Lithobates catesbeianus,-84.064265,35.89751
Lithobates catesbeianus,-96.886438,29.914468
Lithobates catesbeianus,-103.488375,37.75696
Lithobates catesbeianus,-70.356505,41.659992
Lithobates catesbeianus,-99.953793,33.98371
Lithobates catesbeianus,-105.061242,38.394263
Lithobates catesbeianus,-97.65518,38.363813
Lithobates catesbeianus,-88.255335,43.07322
Lithobates catesbeianus,-98.526586,32.74077
Lithobates catesbeianus,-76.853527,36.432859
Lithobates catesbeianus,-74.890025,39.837515
Lithobates catesbeianus,-80.084927,45.080397
Lithobates catesbeianus,-76.064208,44.892197
Lithobates catesbeianus,-77.393984,44.739191
Lithobates catesbeianus,-104.778133,39.79846
Lithobates catesbeianus,-82.745637,36.654888
Lithobates catesbeianus,-82.257934,41.409833
Lithobates catesbeianus,-117.028283,33.547878
Lithobates catesbeianus,-104.878228,39.758255
Lithobates catesbeianus,-83.571619,40.640999
Lithobates catesbeianus,-77.810593,38.305535
Lithobates catesbeianus,-74.285883,40.629894
Lithobates catesbeianus,-65.187605,45.927387
Lithobates catesbeianus,-80.519519,35.660662
Lithobates catesbeianus,-68.206987,44.3626
Lithobates catesbeianus,-101.676631,43.87934
Lithobates catesbeianus,-71.760987,43.178745
Lithobates catesbeianus,-73.444986,46.056603
Lithobates catesbeianus,-80.952835,45.928192
Lithobates catesbeianus,-73.059569,41.249826
Lithobates catesbeianus,-85.56772,32.470395
Lithobates catesbeianus,-89.431908,46.048017
Lithobates catesbeianus,-123.002961,44.896955
Lithobates catesbeianus,-78.43203,38.118767
Lithobates catesbeianus,-110.643167,34.973267
Lithobates catesbeianus,-94.692428,38.79965
Lithobates catesbeianus,-75.8255,42.49525
Lithobates catesbeianus,-78.270155,46.001114
Lithobates catesbeianus,-123.754559,48.904144
Lithobates catesbeianus,-78.40728,45.42245
Lithobates catesbeianus,-81.761249,32.430808
Lithobates catesbeianus,-77.454278,37.526508
Lithobates catesbeianus,-87.96367,43.25943
Lithobates catesbeianus,-72.062644,45.270112
Lithobates catesbeianus,-81.985931,36.133505
Lithobates catesbeianus,-116.613807,33.83784
Lithobates catesbeianus,-122.811708,45.721074
Lithobates catesbeianus,-70.817592,45.486228
Lithobates catesbeianus,-121.412078,41.100158
Lithobates catesbeianus,-84.099631,34.616739
Lithobates catesbeianus,-123.025189,43.863545
Lithobates catesbeianus,-78.042516,45.982159
Lithobates catesbeianus,-122.382807,40.595942
Lithobates catesbeianus,-78.712053,45.23818
Lithobates catesbeianus,-85.641633,41.983567
Lithobates catesbeianus,-91.588213,37.396274
Lithobates catesbeianus,-122.655257,41.712106
Lithobates catesbeianus,-77.906837,34.239105
Lithobates catesbeianus,-78.17578,44.542247
Lithobates catesbeianus,-93.305883,44.314459
Lithobates catesbeianus,-83.028699,42.532306
Lithobates catesbeianus,-119.733217,36.919205
Lithobates catesbeianus,-103.813651,41.227191
Lithobates catesbeianus,-77.260922,44.687007
Lithobates catesbeianus,-71.656867,44.636222
